2026-07-01 18:05:13,128 - Zovix - INFO - Started 4 threaded workers
2026-07-01 18:05:13,130 - Zovix - INFO - Load balancer initialized with 4 workers
2026-07-01 18:05:13,164 - Zovix - INFO - Database initialized successfully
2026-07-01 18:05:19,599 - Zovix - INFO - Started 4 threaded workers
2026-07-01 18:05:19,600 - Zovix - INFO - Load balancer initialized with 4 workers
2026-07-01 18:05:19,607 - Zovix - INFO - Database initialized successfully
2026-07-01 18:05:23,201 - Zovix - ERROR - Authentication error: no such column: twofa_secret
2026-07-01 18:09:54,456 - Zovix - INFO - Started 4 threaded workers
2026-07-01 18:09:54,456 - Zovix - INFO - Load balancer initialized with 4 workers
2026-07-01 18:09:54,472 - Zovix - INFO - Database initialized successfully
2026-07-01 18:09:59,777 - Zovix - INFO - Started 4 threaded workers
2026-07-01 18:09:59,778 - Zovix - INFO - Load balancer initialized with 4 workers
2026-07-01 18:09:59,785 - Zovix - INFO - Database initialized successfully
2026-07-01 18:10:01,856 - Zovix - ERROR - Authentication error: no such column: twofa_secret
2026-07-01 18:10:21,630 - Zovix - ERROR - Authentication error: no such column: twofa_secret
2026-07-01 18:13:09,114 - Zovix - INFO - Started 4 threaded workers
2026-07-01 18:13:09,115 - Zovix - INFO - Load balancer initialized with 4 workers
2026-07-01 18:13:09,136 - Zovix - WARNING - Could not add column created_at: Cannot add a column with non-constant default
2026-07-01 18:13:09,137 - Zovix - INFO - Database initialized successfully
2026-07-01 18:13:11,281 - Zovix - INFO - Started 4 threaded workers
2026-07-01 18:13:11,282 - Zovix - INFO - Load balancer initialized with 4 workers
2026-07-01 18:13:11,289 - Zovix - WARNING - Could not add column created_at: Cannot add a column with non-constant default
2026-07-01 18:13:11,290 - Zovix - INFO - Database initialized successfully
2026-07-01 18:13:13,380 - Zovix - ERROR - Load face videos error: no such column: quality
2026-07-01 18:13:13,382 - Zovix - ERROR - Has subscription error: no such column: plan_type
2026-07-01 18:13:13,591 - Zovix - INFO - Started 4 threaded workers
2026-07-01 18:13:13,592 - Zovix - INFO - Load balancer initialized with 4 workers
2026-07-01 18:13:13,597 - Zovix - WARNING - Could not add column created_at: Cannot add a column with non-constant default
2026-07-01 18:13:13,598 - Zovix - INFO - Database initialized successfully
2026-07-01 18:14:36,744 - Zovix - INFO - Started 4 threaded workers
2026-07-01 18:14:36,744 - Zovix - INFO - Load balancer initialized with 4 workers
2026-07-01 18:14:36,752 - Zovix - WARNING - Could not add column created_at: Cannot add a column with non-constant default
2026-07-01 18:14:36,753 - Zovix - INFO - Database initialized successfully
2026-07-01 18:14:36,992 - Zovix - INFO - Started 4 threaded workers
2026-07-01 18:14:36,992 - Zovix - INFO - Load balancer initialized with 4 workers
2026-07-01 18:14:36,998 - Zovix - WARNING - Could not add column created_at: Cannot add a column with non-constant default
2026-07-01 18:14:36,999 - Zovix - INFO - Database initialized successfully
2026-07-01 18:14:38,090 - Zovix - INFO - Started 4 threaded workers
2026-07-01 18:14:38,091 - Zovix - INFO - Load balancer initialized with 4 workers
2026-07-01 18:14:38,098 - Zovix - WARNING - Could not add column created_at: Cannot add a column with non-constant default
2026-07-01 18:14:38,099 - Zovix - INFO - Database initialized successfully
2026-07-01 18:14:40,300 - Zovix - ERROR - Load face videos error: no such column: quality
2026-07-01 18:14:40,302 - Zovix - ERROR - Has subscription error: no such column: plan_type
2026-07-01 18:14:40,584 - Zovix - INFO - Started 4 threaded workers
2026-07-01 18:14:40,585 - Zovix - INFO - Load balancer initialized with 4 workers
2026-07-01 18:14:40,593 - Zovix - WARNING - Could not add column created_at: Cannot add a column with non-constant default
2026-07-01 18:14:40,593 - Zovix - INFO - Database initialized successfully
2026-07-01 18:18:07,812 - Zovix - INFO - Started 4 threaded workers
2026-07-01 18:18:07,813 - Zovix - INFO - Load balancer initialized with 4 workers
2026-07-01 18:18:07,825 - Zovix - WARNING - Could not add column created_at: Cannot add a column with non-constant default
2026-07-01 18:18:07,826 - Zovix - INFO - Database initialized successfully
2026-07-01 18:18:09,985 - Zovix - INFO - Started 4 threaded workers
2026-07-01 18:18:09,992 - Zovix - INFO - Load balancer initialized with 4 workers
2026-07-01 18:18:09,999 - Zovix - WARNING - Could not add column created_at: Cannot add a column with non-constant default
2026-07-01 18:18:10,003 - Zovix - INFO - Database initialized successfully
2026-07-01 18:18:12,372 - Zovix - INFO - Started 4 threaded workers
2026-07-01 18:18:12,373 - Zovix - INFO - Load balancer initialized with 4 workers
2026-07-01 18:18:12,385 - Zovix - WARNING - Could not add column created_at: Cannot add a column with non-constant default
2026-07-01 18:18:12,390 - Zovix - INFO - Database initialized successfully
2026-07-01 18:19:07,919 - Zovix - INFO - Started 4 threaded workers
2026-07-01 18:19:07,920 - Zovix - INFO - Load balancer initialized with 4 workers
2026-07-01 18:19:07,938 - Zovix - WARNING - Could not add column created_at: Cannot add a column with non-constant default
2026-07-01 18:19:07,939 - Zovix - INFO - Database initialized successfully
2026-07-01 18:19:09,922 - Zovix - INFO - Started 4 threaded workers
2026-07-01 18:19:09,922 - Zovix - INFO - Load balancer initialized with 4 workers
2026-07-01 18:19:09,937 - Zovix - WARNING - Could not add column created_at: Cannot add a column with non-constant default
2026-07-01 18:19:09,939 - Zovix - INFO - Database initialized successfully
2026-07-01 18:19:12,208 - Zovix - INFO - Started 4 threaded workers
2026-07-01 18:19:12,210 - Zovix - INFO - Load balancer initialized with 4 workers
2026-07-01 18:19:12,216 - Zovix - WARNING - Could not add column created_at: Cannot add a column with non-constant default
2026-07-01 18:19:12,218 - Zovix - INFO - Database initialized successfully
2026-07-01 18:19:35,293 - Zovix - INFO - Started 4 threaded workers
2026-07-01 18:19:35,293 - Zovix - INFO - Load balancer initialized with 4 workers
2026-07-01 18:19:35,302 - Zovix - WARNING - Could not add column created_at: Cannot add a column with non-constant default
2026-07-01 18:19:35,303 - Zovix - INFO - Database initialized successfully
2026-07-01 18:19:37,114 - Zovix - INFO - Started 4 threaded workers
2026-07-01 18:19:37,115 - Zovix - INFO - Load balancer initialized with 4 workers
2026-07-01 18:19:37,121 - Zovix - WARNING - Could not add column created_at: Cannot add a column with non-constant default
2026-07-01 18:19:37,121 - Zovix - INFO - Database initialized successfully
2026-07-01 18:19:37,382 - Zovix - INFO - Started 4 threaded workers
2026-07-01 18:19:37,382 - Zovix - INFO - Load balancer initialized with 4 workers
2026-07-01 18:19:37,391 - Zovix - WARNING - Could not add column created_at: Cannot add a column with non-constant default
2026-07-01 18:19:37,393 - Zovix - INFO - Database initialized successfully
2026-07-01 18:21:06,449 - Zovix - INFO - Started 4 threaded workers
2026-07-01 18:21:06,450 - Zovix - INFO - Load balancer initialized with 4 workers
2026-07-01 18:21:06,455 - Zovix - WARNING - Could not add column created_at: Cannot add a column with non-constant default
2026-07-01 18:21:06,456 - Zovix - INFO - Database initialized successfully
2026-07-01 18:21:10,687 - Zovix - INFO - Started 4 threaded workers
2026-07-01 18:21:10,687 - Zovix - INFO - Load balancer initialized with 4 workers
2026-07-01 18:21:10,693 - Zovix - WARNING - Could not add column created_at: Cannot add a column with non-constant default
2026-07-01 18:21:10,694 - Zovix - INFO - Database initialized successfully
2026-07-01 18:21:13,218 - Zovix - INFO - Started 4 threaded workers
2026-07-01 18:21:13,219 - Zovix - INFO - Load balancer initialized with 4 workers
2026-07-01 18:21:13,225 - Zovix - WARNING - Could not add column created_at: Cannot add a column with non-constant default
2026-07-01 18:21:13,227 - Zovix - INFO - Database initialized successfully
2026-07-01 18:39:50,882 - Zovix - INFO - Started 4 threaded workers
2026-07-01 18:39:50,884 - Zovix - INFO - Load balancer initialized with 4 workers
2026-07-01 18:39:50,898 - Zovix - WARNING - Could not add column created_at: Cannot add a column with non-constant default
2026-07-01 18:39:50,899 - Zovix - INFO - Database initialized successfully
2026-07-01 18:39:52,775 - Zovix - INFO - Started 4 threaded workers
2026-07-01 18:39:52,778 - Zovix - INFO - Load balancer initialized with 4 workers
2026-07-01 18:39:52,783 - Zovix - WARNING - Could not add column created_at: Cannot add a column with non-constant default
2026-07-01 18:39:52,789 - Zovix - INFO - Database initialized successfully
2026-07-01 18:39:55,248 - Zovix - INFO - Started 4 threaded workers
2026-07-01 18:39:55,250 - Zovix - INFO - Load balancer initialized with 4 workers
2026-07-01 18:39:55,256 - Zovix - WARNING - Could not add column created_at: Cannot add a column with non-constant default
2026-07-01 18:39:55,258 - Zovix - INFO - Database initialized successfully
2026-07-01 18:42:39,529 - Zovix - INFO - Started 4 threaded workers
2026-07-01 18:42:39,530 - Zovix - INFO - Load balancer initialized with 4 workers
2026-07-01 18:42:39,543 - Zovix - WARNING - Could not add column created_at: Cannot add a column with non-constant default
2026-07-01 18:42:39,544 - Zovix - INFO - Database initialized successfully
2026-07-01 18:42:41,416 - Zovix - INFO - Started 4 threaded workers
2026-07-01 18:42:41,419 - Zovix - INFO - Load balancer initialized with 4 workers
2026-07-01 18:42:41,427 - Zovix - WARNING - Could not add column created_at: Cannot add a column with non-constant default
2026-07-01 18:42:41,429 - Zovix - INFO - Database initialized successfully
2026-07-01 18:42:44,424 - Zovix - INFO - Started 4 threaded workers
2026-07-01 18:42:44,425 - Zovix - INFO - Load balancer initialized with 4 workers
2026-07-01 18:42:44,438 - Zovix - WARNING - Could not add column created_at: Cannot add a column with non-constant default
2026-07-01 18:42:44,440 - Zovix - INFO - Database initialized successfully
2026-07-01 18:46:55,152 - Zovix - INFO - Started 4 threaded workers
2026-07-01 18:46:55,152 - Zovix - INFO - Load balancer initialized with 4 workers
2026-07-01 18:46:55,158 - Zovix - WARNING - Could not add column created_at: Cannot add a column with non-constant default
2026-07-01 18:46:55,159 - Zovix - INFO - Database initialized successfully
2026-07-01 18:46:57,104 - Zovix - INFO - Started 4 threaded workers
2026-07-01 18:46:57,104 - Zovix - INFO - Load balancer initialized with 4 workers
2026-07-01 18:46:57,110 - Zovix - WARNING - Could not add column created_at: Cannot add a column with non-constant default
2026-07-01 18:46:57,110 - Zovix - INFO - Database initialized successfully
2026-07-01 18:46:57,283 - Zovix - INFO - Started 4 threaded workers
2026-07-01 18:46:57,288 - Zovix - INFO - Load balancer initialized with 4 workers
2026-07-01 18:46:57,294 - Zovix - WARNING - Could not add column created_at: Cannot add a column with non-constant default
2026-07-01 18:46:57,296 - Zovix - INFO - Database initialized successfully
2026-07-01 18:46:59,588 - Zovix - INFO - Started 4 threaded workers
2026-07-01 18:46:59,588 - Zovix - INFO - Load balancer initialized with 4 workers
2026-07-01 18:46:59,594 - Zovix - WARNING - Could not add column created_at: Cannot add a column with non-constant default
2026-07-01 18:46:59,595 - Zovix - INFO - Database initialized successfully
2026-07-01 18:46:59,796 - Zovix - INFO - Started 4 threaded workers
2026-07-01 18:46:59,798 - Zovix - INFO - Load balancer initialized with 4 workers
2026-07-01 18:46:59,804 - Zovix - WARNING - Could not add column created_at: Cannot add a column with non-constant default
2026-07-01 18:46:59,807 - Zovix - INFO - Database initialized successfully
2026-07-01 18:47:01,046 - Zovix - INFO - Started 4 threaded workers
2026-07-01 18:47:01,047 - Zovix - INFO - Load balancer initialized with 4 workers
2026-07-01 18:47:01,052 - Zovix - WARNING - Could not add column created_at: Cannot add a column with non-constant default
2026-07-01 18:47:01,053 - Zovix - INFO - Database initialized successfully
2026-07-01 18:47:01,242 - Zovix - INFO - Started 4 threaded workers
2026-07-01 18:47:01,244 - Zovix - INFO - Load balancer initialized with 4 workers
2026-07-01 18:47:01,250 - Zovix - WARNING - Could not add column created_at: Cannot add a column with non-constant default
2026-07-01 18:47:01,254 - Zovix - INFO - Database initialized successfully
2026-07-01 18:47:02,662 - Zovix - INFO - Started 4 threaded workers
2026-07-01 18:47:02,662 - Zovix - INFO - Load balancer initialized with 4 workers
2026-07-01 18:47:02,668 - Zovix - WARNING - Could not add column created_at: Cannot add a column with non-constant default
2026-07-01 18:47:02,669 - Zovix - INFO - Database initialized successfully
2026-07-01 18:47:02,897 - Zovix - INFO - Started 4 threaded workers
2026-07-01 18:47:02,898 - Zovix - INFO - Load balancer initialized with 4 workers
2026-07-01 18:47:02,905 - Zovix - WARNING - Could not add column created_at: Cannot add a column with non-constant default
2026-07-01 18:47:02,908 - Zovix - INFO - Database initialized successfully
2026-07-01 18:47:17,936 - Zovix - INFO - Started 4 threaded workers
2026-07-01 18:47:17,938 - Zovix - INFO - Load balancer initialized with 4 workers
2026-07-01 18:47:17,949 - Zovix - WARNING - Could not add column created_at: Cannot add a column with non-constant default
2026-07-01 18:47:17,951 - Zovix - INFO - Database initialized successfully
2026-07-01 18:47:19,804 - Zovix - INFO - Started 4 threaded workers
2026-07-01 18:47:19,805 - Zovix - INFO - Load balancer initialized with 4 workers
2026-07-01 18:47:19,812 - Zovix - WARNING - Could not add column created_at: Cannot add a column with non-constant default
2026-07-01 18:47:19,815 - Zovix - INFO - Database initialized successfully
2026-07-01 18:47:22,656 - Zovix - INFO - Started 4 threaded workers
2026-07-01 18:47:22,658 - Zovix - INFO - Load balancer initialized with 4 workers
2026-07-01 18:47:22,673 - Zovix - WARNING - Could not add column created_at: Cannot add a column with non-constant default
2026-07-01 18:47:22,676 - Zovix - INFO - Database initialized successfully
2026-07-01 18:47:24,207 - Zovix - INFO - Started 4 threaded workers
2026-07-01 18:47:24,208 - Zovix - INFO - Load balancer initialized with 4 workers
2026-07-01 18:47:24,213 - Zovix - WARNING - Could not add column created_at: Cannot add a column with non-constant default
2026-07-01 18:47:24,213 - Zovix - INFO - Database initialized successfully
2026-07-01 18:47:25,258 - Zovix - INFO - Started 4 threaded workers
2026-07-01 18:47:25,258 - Zovix - INFO - Load balancer initialized with 4 workers
2026-07-01 18:47:25,264 - Zovix - WARNING - Could not add column created_at: Cannot add a column with non-constant default
2026-07-01 18:47:25,265 - Zovix - INFO - Database initialized successfully
2026-07-01 18:47:25,476 - Zovix - INFO - Started 4 threaded workers
2026-07-01 18:47:25,476 - Zovix - INFO - Load balancer initialized with 4 workers
2026-07-01 18:47:25,482 - Zovix - WARNING - Could not add column created_at: Cannot add a column with non-constant default
2026-07-01 18:47:25,487 - Zovix - INFO - Database initialized successfully
2026-07-01 18:47:35,346 - Zovix - INFO - Started 4 threaded workers
2026-07-01 18:47:35,347 - Zovix - INFO - Load balancer initialized with 4 workers
2026-07-01 18:47:35,352 - Zovix - WARNING - Could not add column created_at: Cannot add a column with non-constant default
2026-07-01 18:47:35,354 - Zovix - INFO - Database initialized successfully
2026-07-01 18:47:35,561 - Zovix - INFO - Started 4 threaded workers
2026-07-01 18:47:35,562 - Zovix - INFO - Load balancer initialized with 4 workers
2026-07-01 18:47:35,570 - Zovix - WARNING - Could not add column created_at: Cannot add a column with non-constant default
2026-07-01 18:47:35,573 - Zovix - INFO - Database initialized successfully
2026-07-01 18:48:49,016 - Zovix - INFO - Started 4 threaded workers
2026-07-01 18:48:49,017 - Zovix - INFO - Load balancer initialized with 4 workers
2026-07-01 18:48:49,028 - Zovix - WARNING - Could not add column created_at: Cannot add a column with non-constant default
2026-07-01 18:48:49,032 - Zovix - INFO - Database initialized successfully
2026-07-01 18:48:50,881 - Zovix - INFO - Started 4 threaded workers
2026-07-01 18:48:50,882 - Zovix - INFO - Load balancer initialized with 4 workers
2026-07-01 18:48:50,890 - Zovix - WARNING - Could not add column created_at: Cannot add a column with non-constant default
2026-07-01 18:48:50,890 - Zovix - INFO - Database initialized successfully
2026-07-01 18:48:53,035 - Zovix - INFO - Started 4 threaded workers
2026-07-01 18:48:53,036 - Zovix - INFO - Load balancer initialized with 4 workers
2026-07-01 18:48:53,047 - Zovix - WARNING - Could not add column created_at: Cannot add a column with non-constant default
2026-07-01 18:48:53,049 - Zovix - INFO - Database initialized successfully
2026-07-01 18:49:19,072 - Zovix - INFO - Started 4 threaded workers
2026-07-01 18:49:19,072 - Zovix - INFO - Load balancer initialized with 4 workers
2026-07-01 18:49:19,078 - Zovix - WARNING - Could not add column created_at: Cannot add a column with non-constant default
2026-07-01 18:49:19,079 - Zovix - INFO - Database initialized successfully
2026-07-01 18:49:20,490 - Zovix - INFO - Started 4 threaded workers
2026-07-01 18:49:20,490 - Zovix - INFO - Load balancer initialized with 4 workers
2026-07-01 18:49:20,497 - Zovix - WARNING - Could not add column created_at: Cannot add a column with non-constant default
2026-07-01 18:49:20,497 - Zovix - INFO - Database initialized successfully
2026-07-01 18:49:20,695 - Zovix - INFO - Started 4 threaded workers
2026-07-01 18:49:20,699 - Zovix - INFO - Load balancer initialized with 4 workers
2026-07-01 18:49:20,706 - Zovix - WARNING - Could not add column created_at: Cannot add a column with non-constant default
2026-07-01 18:49:20,709 - Zovix - INFO - Database initialized successfully
2026-07-01 18:52:42,083 - Zovix - INFO - Started 4 threaded workers
2026-07-01 18:52:42,084 - Zovix - INFO - Load balancer initialized with 4 workers
2026-07-01 18:52:42,096 - Zovix - WARNING - Could not add column created_at: Cannot add a column with non-constant default
2026-07-01 18:52:42,098 - Zovix - INFO - Database initialized successfully
2026-07-01 18:52:43,830 - Zovix - INFO - Started 4 threaded workers
2026-07-01 18:52:43,830 - Zovix - INFO - Load balancer initialized with 4 workers
2026-07-01 18:52:43,836 - Zovix - WARNING - Could not add column created_at: Cannot add a column with non-constant default
2026-07-01 18:52:43,837 - Zovix - INFO - Database initialized successfully
2026-07-01 18:52:47,143 - Zovix - INFO - Started 4 threaded workers
2026-07-01 18:52:47,144 - Zovix - INFO - Load balancer initialized with 4 workers
2026-07-01 18:52:47,154 - Zovix - WARNING - Could not add column created_at: Cannot add a column with non-constant default
2026-07-01 18:52:47,161 - Zovix - INFO - Database initialized successfully
2026-07-01 18:52:48,665 - Zovix - INFO - Started 4 threaded workers
2026-07-01 18:52:48,666 - Zovix - INFO - Load balancer initialized with 4 workers
2026-07-01 18:52:48,669 - Zovix - WARNING - Could not add column created_at: Cannot add a column with non-constant default
2026-07-01 18:52:48,669 - Zovix - INFO - Database initialized successfully
2026-07-01 18:52:50,332 - Zovix - INFO - Started 4 threaded workers
2026-07-01 18:52:50,332 - Zovix - INFO - Load balancer initialized with 4 workers
2026-07-01 18:52:50,339 - Zovix - WARNING - Could not add column created_at: Cannot add a column with non-constant default
2026-07-01 18:52:50,339 - Zovix - INFO - Database initialized successfully
2026-07-01 18:52:50,545 - Zovix - INFO - Started 4 threaded workers
2026-07-01 18:52:50,546 - Zovix - INFO - Load balancer initialized with 4 workers
2026-07-01 18:52:50,553 - Zovix - WARNING - Could not add column created_at: Cannot add a column with non-constant default
2026-07-01 18:52:50,554 - Zovix - INFO - Database initialized successfully
2026-07-01 18:55:20,331 - Zovix - INFO - Started 4 threaded workers
2026-07-01 18:55:20,332 - Zovix - INFO - Load balancer initialized with 4 workers
2026-07-01 18:55:20,343 - Zovix - WARNING - Could not add column created_at: Cannot add a column with non-constant default
2026-07-01 18:55:20,344 - Zovix - INFO - Database initialized successfully
2026-07-01 18:55:22,216 - Zovix - INFO - Started 4 threaded workers
2026-07-01 18:55:22,218 - Zovix - INFO - Load balancer initialized with 4 workers
2026-07-01 18:55:22,224 - Zovix - WARNING - Could not add column created_at: Cannot add a column with non-constant default
2026-07-01 18:55:22,228 - Zovix - INFO - Database initialized successfully
2026-07-01 18:55:25,134 - Zovix - INFO - Started 4 threaded workers
2026-07-01 18:55:25,135 - Zovix - INFO - Load balancer initialized with 4 workers
2026-07-01 18:55:25,140 - Zovix - WARNING - Could not add column created_at: Cannot add a column with non-constant default
2026-07-01 18:55:25,140 - Zovix - INFO - Database initialized successfully
2026-07-01 18:55:26,688 - Zovix - INFO - Started 4 threaded workers
2026-07-01 18:55:26,689 - Zovix - INFO - Load balancer initialized with 4 workers
2026-07-01 18:55:26,693 - Zovix - WARNING - Could not add column created_at: Cannot add a column with non-constant default
2026-07-01 18:55:26,696 - Zovix - INFO - Database initialized successfully
2026-07-01 18:55:27,576 - Zovix - INFO - Started 4 threaded workers
2026-07-01 18:55:27,576 - Zovix - INFO - Load balancer initialized with 4 workers
2026-07-01 18:55:27,582 - Zovix - WARNING - Could not add column created_at: Cannot add a column with non-constant default
2026-07-01 18:55:27,583 - Zovix - INFO - Database initialized successfully
2026-07-01 18:55:27,786 - Zovix - INFO - Started 4 threaded workers
2026-07-01 18:55:27,787 - Zovix - INFO - Load balancer initialized with 4 workers
2026-07-01 18:55:27,793 - Zovix - WARNING - Could not add column created_at: Cannot add a column with non-constant default
2026-07-01 18:55:27,796 - Zovix - INFO - Database initialized successfully
2026-07-01 18:55:40,933 - Zovix - INFO - Started 4 threaded workers
2026-07-01 18:55:40,933 - Zovix - INFO - Load balancer initialized with 4 workers
2026-07-01 18:55:40,939 - Zovix - WARNING - Could not add column created_at: Cannot add a column with non-constant default
2026-07-01 18:55:40,940 - Zovix - INFO - Database initialized successfully
2026-07-01 18:55:41,167 - Zovix - INFO - Started 4 threaded workers
2026-07-01 18:55:41,168 - Zovix - INFO - Load balancer initialized with 4 workers
2026-07-01 18:55:41,173 - Zovix - WARNING - Could not add column created_at: Cannot add a column with non-constant default
2026-07-01 18:55:41,174 - Zovix - INFO - Database initialized successfully
2026-07-01 18:56:15,824 - Zovix - INFO - Started 4 threaded workers
2026-07-01 18:56:15,825 - Zovix - INFO - Load balancer initialized with 4 workers
2026-07-01 18:56:15,836 - Zovix - WARNING - Could not add column created_at: Cannot add a column with non-constant default
2026-07-01 18:56:15,837 - Zovix - INFO - Database initialized successfully
2026-07-01 18:56:17,802 - Zovix - INFO - Started 4 threaded workers
2026-07-01 18:56:17,803 - Zovix - INFO - Load balancer initialized with 4 workers
2026-07-01 18:56:17,812 - Zovix - WARNING - Could not add column created_at: Cannot add a column with non-constant default
2026-07-01 18:56:17,813 - Zovix - INFO - Database initialized successfully
2026-07-01 18:56:20,650 - Zovix - INFO - Started 4 threaded workers
2026-07-01 18:56:20,651 - Zovix - INFO - Load balancer initialized with 4 workers
2026-07-01 18:56:20,661 - Zovix - WARNING - Could not add column created_at: Cannot add a column with non-constant default
2026-07-01 18:56:20,662 - Zovix - INFO - Database initialized successfully
2026-07-01 20:02:36,093 - Zovix - INFO - Started 4 threaded workers
2026-07-01 20:02:36,093 - Zovix - INFO - Load balancer initialized with 4 workers
2026-07-01 20:02:36,098 - Zovix - WARNING - Could not add column created_at: Cannot add a column with non-constant default
2026-07-01 20:02:36,098 - Zovix - INFO - Database initialized successfully
2026-07-01 20:02:38,964 - Zovix - INFO - Started 4 threaded workers
2026-07-01 20:02:38,965 - Zovix - INFO - Load balancer initialized with 4 workers
2026-07-01 20:02:38,984 - Zovix - WARNING - Could not add column created_at: Cannot add a column with non-constant default
2026-07-01 20:02:38,986 - Zovix - INFO - Database initialized successfully
2026-07-01 20:02:41,962 - Zovix - INFO - Started 4 threaded workers
2026-07-01 20:02:41,965 - Zovix - INFO - Load balancer initialized with 4 workers
2026-07-01 20:02:41,987 - Zovix - WARNING - Could not add column created_at: Cannot add a column with non-constant default
2026-07-01 20:02:41,991 - Zovix - INFO - Database initialized successfully
2026-07-01 20:02:52,261 - Zovix - INFO - Started 4 threaded workers
2026-07-01 20:02:52,263 - Zovix - INFO - Load balancer initialized with 4 workers
2026-07-01 20:02:52,278 - Zovix - WARNING - Could not add column created_at: Cannot add a column with non-constant default
2026-07-01 20:02:52,280 - Zovix - INFO - Database initialized successfully
2026-07-01 20:03:00,158 - Zovix - INFO - Started 4 threaded workers
2026-07-01 20:03:00,161 - Zovix - INFO - Load balancer initialized with 4 workers
2026-07-01 20:03:00,171 - Zovix - WARNING - Could not add column created_at: Cannot add a column with non-constant default
2026-07-01 20:03:00,173 - Zovix - INFO - Database initialized successfully
2026-07-01 20:03:02,460 - Zovix - INFO - Started 4 threaded workers
2026-07-01 20:03:02,465 - Zovix - INFO - Load balancer initialized with 4 workers
2026-07-01 20:03:02,474 - Zovix - WARNING - Could not add column created_at: Cannot add a column with non-constant default
2026-07-01 20:03:02,476 - Zovix - INFO - Database initialized successfully
2026-07-01 20:03:04,390 - Zovix - INFO - Started 4 threaded workers
2026-07-01 20:03:04,391 - Zovix - INFO - Load balancer initialized with 4 workers
2026-07-01 20:03:04,402 - Zovix - WARNING - Could not add column created_at: Cannot add a column with non-constant default
2026-07-01 20:03:04,406 - Zovix - INFO - Database initialized successfully
2026-07-01 20:03:05,808 - Zovix - INFO - Started 4 threaded workers
2026-07-01 20:03:05,808 - Zovix - INFO - Load balancer initialized with 4 workers
2026-07-01 20:03:05,814 - Zovix - WARNING - Could not add column created_at: Cannot add a column with non-constant default
2026-07-01 20:03:05,815 - Zovix - INFO - Database initialized successfully
2026-07-01 20:03:06,024 - Zovix - INFO - Started 4 threaded workers
2026-07-01 20:03:06,026 - Zovix - INFO - Load balancer initialized with 4 workers
2026-07-01 20:03:06,036 - Zovix - WARNING - Could not add column created_at: Cannot add a column with non-constant default
2026-07-01 20:03:06,037 - Zovix - INFO - Database initialized successfully
2026-07-01 20:03:08,402 - Zovix - INFO - Started 4 threaded workers
2026-07-01 20:03:08,403 - Zovix - INFO - Load balancer initialized with 4 workers
2026-07-01 20:03:08,410 - Zovix - WARNING - Could not add column created_at: Cannot add a column with non-constant default
2026-07-01 20:03:08,411 - Zovix - INFO - Database initialized successfully
2026-07-01 20:03:08,599 - Zovix - INFO - Started 4 threaded workers
2026-07-01 20:03:08,606 - Zovix - INFO - Load balancer initialized with 4 workers
2026-07-01 20:03:08,613 - Zovix - WARNING - Could not add column created_at: Cannot add a column with non-constant default
2026-07-01 20:03:08,617 - Zovix - INFO - Database initialized successfully
2026-07-01 20:05:06,685 - Zovix - INFO - Started 4 threaded workers
2026-07-01 20:05:06,686 - Zovix - INFO - Load balancer initialized with 4 workers
2026-07-01 20:05:06,707 - Zovix - WARNING - Could not add column created_at: Cannot add a column with non-constant default
2026-07-01 20:05:06,708 - Zovix - INFO - Database initialized successfully
2026-07-01 20:05:08,811 - Zovix - INFO - Started 4 threaded workers
2026-07-01 20:05:08,814 - Zovix - INFO - Load balancer initialized with 4 workers
2026-07-01 20:05:08,826 - Zovix - WARNING - Could not add column created_at: Cannot add a column with non-constant default
2026-07-01 20:05:08,826 - Zovix - INFO - Database initialized successfully
2026-07-01 20:05:11,639 - Zovix - INFO - Started 4 threaded workers
2026-07-01 20:05:11,641 - Zovix - INFO - Load balancer initialized with 4 workers
2026-07-01 20:05:11,651 - Zovix - WARNING - Could not add column created_at: Cannot add a column with non-constant default
2026-07-01 20:05:11,652 - Zovix - INFO - Database initialized successfully
2026-07-01 20:05:20,858 - Zovix - INFO - Started 4 threaded workers
2026-07-01 20:05:20,858 - Zovix - INFO - Load balancer initialized with 4 workers
2026-07-01 20:05:20,868 - Zovix - WARNING - Could not add column created_at: Cannot add a column with non-constant default
2026-07-01 20:05:20,869 - Zovix - INFO - Database initialized successfully
2026-07-01 20:05:21,067 - Zovix - INFO - Started 4 threaded workers
2026-07-01 20:05:21,068 - Zovix - INFO - Load balancer initialized with 4 workers
2026-07-01 20:05:21,079 - Zovix - WARNING - Could not add column created_at: Cannot add a column with non-constant default
2026-07-01 20:05:21,081 - Zovix - INFO - Database initialized successfully
2026-07-01 20:05:34,888 - Zovix - INFO - Started 4 threaded workers
2026-07-01 20:05:34,888 - Zovix - INFO - Load balancer initialized with 4 workers
2026-07-01 20:05:34,895 - Zovix - WARNING - Could not add column created_at: Cannot add a column with non-constant default
2026-07-01 20:05:34,897 - Zovix - INFO - Database initialized successfully
2026-07-01 20:05:35,095 - Zovix - INFO - Started 4 threaded workers
2026-07-01 20:05:35,096 - Zovix - INFO - Load balancer initialized with 4 workers
2026-07-01 20:05:35,103 - Zovix - WARNING - Could not add column created_at: Cannot add a column with non-constant default
2026-07-01 20:05:35,104 - Zovix - INFO - Database initialized successfully
2026-07-01 20:05:40,025 - Zovix - INFO - Started 4 threaded workers
2026-07-01 20:05:40,025 - Zovix - INFO - Load balancer initialized with 4 workers
2026-07-01 20:05:40,033 - Zovix - WARNING - Could not add column created_at: Cannot add a column with non-constant default
2026-07-01 20:05:40,034 - Zovix - INFO - Database initialized successfully
2026-07-01 20:05:40,261 - Zovix - INFO - Started 4 threaded workers
2026-07-01 20:05:40,268 - Zovix - INFO - Load balancer initialized with 4 workers
2026-07-01 20:05:40,273 - Zovix - WARNING - Could not add column created_at: Cannot add a column with non-constant default
2026-07-01 20:05:40,273 - Zovix - INFO - Database initialized successfully
2026-07-01 20:05:44,624 - Zovix - INFO - Started 4 threaded workers
2026-07-01 20:05:44,624 - Zovix - INFO - Load balancer initialized with 4 workers
2026-07-01 20:05:44,630 - Zovix - WARNING - Could not add column created_at: Cannot add a column with non-constant default
2026-07-01 20:05:44,631 - Zovix - INFO - Database initialized successfully
2026-07-01 20:05:44,868 - Zovix - INFO - Started 4 threaded workers
2026-07-01 20:05:44,869 - Zovix - INFO - Load balancer initialized with 4 workers
2026-07-01 20:05:44,876 - Zovix - WARNING - Could not add column created_at: Cannot add a column with non-constant default
2026-07-01 20:05:44,877 - Zovix - INFO - Database initialized successfully
2026-07-01 20:05:48,618 - Zovix - INFO - Started 4 threaded workers
2026-07-01 20:05:48,619 - Zovix - INFO - Load balancer initialized with 4 workers
2026-07-01 20:05:48,624 - Zovix - WARNING - Could not add column created_at: Cannot add a column with non-constant default
2026-07-01 20:05:48,625 - Zovix - INFO - Database initialized successfully
2026-07-01 20:05:48,901 - Zovix - INFO - Started 4 threaded workers
2026-07-01 20:05:48,904 - Zovix - INFO - Load balancer initialized with 4 workers
2026-07-01 20:05:48,909 - Zovix - WARNING - Could not add column created_at: Cannot add a column with non-constant default
2026-07-01 20:05:48,913 - Zovix - INFO - Database initialized successfully
2026-07-01 20:44:37,490 - Zovix - INFO - Started 4 threaded workers
2026-07-01 20:44:37,492 - Zovix - INFO - Load balancer initialized with 4 workers
2026-07-01 20:44:37,507 - Zovix - WARNING - Could not add column created_at: Cannot add a column with non-constant default
2026-07-01 20:44:37,508 - Zovix - INFO - Database initialized successfully
2026-07-01 20:44:39,847 - Zovix - INFO - Started 4 threaded workers
2026-07-01 20:44:39,848 - Zovix - INFO - Load balancer initialized with 4 workers
2026-07-01 20:44:39,858 - Zovix - WARNING - Could not add column created_at: Cannot add a column with non-constant default
2026-07-01 20:44:39,859 - Zovix - INFO - Database initialized successfully
2026-07-01 20:44:42,918 - Zovix - INFO - Started 4 threaded workers
2026-07-01 20:44:42,918 - Zovix - INFO - Load balancer initialized with 4 workers
2026-07-01 20:44:42,928 - Zovix - WARNING - Could not add column created_at: Cannot add a column with non-constant default
2026-07-01 20:44:42,931 - Zovix - INFO - Database initialized successfully
2026-07-01 20:45:04,502 - Zovix - INFO - Started 4 threaded workers
2026-07-01 20:45:04,503 - Zovix - INFO - Load balancer initialized with 4 workers
2026-07-01 20:45:04,515 - Zovix - WARNING - Could not add column created_at: Cannot add a column with non-constant default
2026-07-01 20:45:04,517 - Zovix - INFO - Database initialized successfully
2026-07-01 20:45:06,890 - Zovix - INFO - Started 4 threaded workers
2026-07-01 20:45:06,891 - Zovix - INFO - Load balancer initialized with 4 workers
2026-07-01 20:45:06,905 - Zovix - WARNING - Could not add column created_at: Cannot add a column with non-constant default
2026-07-01 20:45:06,906 - Zovix - INFO - Database initialized successfully
2026-07-01 20:45:09,836 - Zovix - INFO - Started 4 threaded workers
2026-07-01 20:45:09,837 - Zovix - INFO - Load balancer initialized with 4 workers
2026-07-01 20:45:09,843 - Zovix - WARNING - Could not add column created_at: Cannot add a column with non-constant default
2026-07-01 20:45:09,846 - Zovix - INFO - Database initialized successfully
2026-07-01 20:45:17,292 - Zovix - INFO - Started 4 threaded workers
2026-07-01 20:45:17,292 - Zovix - INFO - Load balancer initialized with 4 workers
2026-07-01 20:45:17,302 - Zovix - WARNING - Could not add column created_at: Cannot add a column with non-constant default
2026-07-01 20:45:17,304 - Zovix - INFO - Database initialized successfully
2026-07-01 21:49:43,488 - Zovix - INFO - Started 4 threaded workers
2026-07-01 21:49:43,488 - Zovix - INFO - Load balancer initialized with 4 workers
2026-07-01 21:49:43,497 - Zovix - WARNING - Could not add column created_at: Cannot add a column with non-constant default
2026-07-01 21:49:43,499 - Zovix - INFO - Database initialized successfully
2026-07-01 21:49:47,720 - Zovix - INFO - Started 4 threaded workers
2026-07-01 21:49:47,721 - Zovix - INFO - Load balancer initialized with 4 workers
2026-07-01 21:49:47,734 - Zovix - WARNING - Could not add column created_at: Cannot add a column with non-constant default
2026-07-01 21:49:47,735 - Zovix - INFO - Database initialized successfully
2026-07-01 21:49:51,073 - Zovix - INFO - Started 4 threaded workers
2026-07-01 21:49:51,073 - Zovix - INFO - Load balancer initialized with 4 workers
2026-07-01 21:49:51,079 - Zovix - WARNING - Could not add column created_at: Cannot add a column with non-constant default
2026-07-01 21:49:51,081 - Zovix - INFO - Database initialized successfully
2026-07-01 21:50:04,566 - Zovix - INFO - Started 4 threaded workers
2026-07-01 21:50:04,566 - Zovix - INFO - Load balancer initialized with 4 workers
2026-07-01 21:50:04,574 - Zovix - WARNING - Could not add column created_at: Cannot add a column with non-constant default
2026-07-01 21:50:04,576 - Zovix - INFO - Database initialized successfully
2026-07-01 21:50:13,409 - Zovix - INFO - Started 4 threaded workers
2026-07-01 21:50:13,409 - Zovix - INFO - Load balancer initialized with 4 workers
2026-07-01 21:50:13,415 - Zovix - WARNING - Could not add column created_at: Cannot add a column with non-constant default
2026-07-01 21:50:13,415 - Zovix - INFO - Database initialized successfully
2026-07-01 21:50:13,598 - Zovix - INFO - Started 4 threaded workers
2026-07-01 21:50:13,599 - Zovix - INFO - Load balancer initialized with 4 workers
2026-07-01 21:50:13,606 - Zovix - WARNING - Could not add column created_at: Cannot add a column with non-constant default
2026-07-01 21:50:13,609 - Zovix - INFO - Database initialized successfully
2026-07-01 21:50:17,244 - Zovix - INFO - Started 4 threaded workers
2026-07-01 21:50:17,244 - Zovix - INFO - Load balancer initialized with 4 workers
2026-07-01 21:50:17,253 - Zovix - WARNING - Could not add column created_at: Cannot add a column with non-constant default
2026-07-01 21:50:17,254 - Zovix - INFO - Database initialized successfully
2026-07-01 21:50:17,471 - Zovix - INFO - Started 4 threaded workers
2026-07-01 21:50:17,472 - Zovix - INFO - Load balancer initialized with 4 workers
2026-07-01 21:50:17,477 - Zovix - WARNING - Could not add column created_at: Cannot add a column with non-constant default
2026-07-01 21:50:17,485 - Zovix - INFO - Database initialized successfully
2026-07-01 21:51:25,426 - Zovix - INFO - Started 4 threaded workers
2026-07-01 21:51:25,431 - Zovix - INFO - Load balancer initialized with 4 workers
2026-07-01 21:51:25,445 - Zovix - WARNING - Could not add column created_at: Cannot add a column with non-constant default
2026-07-01 21:51:25,446 - Zovix - INFO - Database initialized successfully
2026-07-01 21:56:17,807 - Zovix - INFO - Started 4 threaded workers
2026-07-01 21:56:17,807 - Zovix - INFO - Load balancer initialized with 4 workers
2026-07-01 21:56:17,813 - Zovix - WARNING - Could not add column created_at: Cannot add a column with non-constant default
2026-07-01 21:56:17,813 - Zovix - INFO - Database initialized successfully
2026-07-01 21:56:20,323 - Zovix - INFO - Started 4 threaded workers
2026-07-01 21:56:20,324 - Zovix - INFO - Load balancer initialized with 4 workers
2026-07-01 21:56:20,330 - Zovix - WARNING - Could not add column created_at: Cannot add a column with non-constant default
2026-07-01 21:56:20,331 - Zovix - INFO - Database initialized successfully
2026-07-01 21:56:22,870 - Zovix - INFO - Started 4 threaded workers
2026-07-01 21:56:22,871 - Zovix - INFO - Load balancer initialized with 4 workers
2026-07-01 21:56:22,879 - Zovix - WARNING - Could not add column created_at: Cannot add a column with non-constant default
2026-07-01 21:56:22,885 - Zovix - INFO - Database initialized successfully
2026-07-01 21:56:26,329 - Zovix - INFO - Started 4 threaded workers
2026-07-01 21:56:26,329 - Zovix - INFO - Load balancer initialized with 4 workers
2026-07-01 21:56:26,335 - Zovix - WARNING - Could not add column created_at: Cannot add a column with non-constant default
2026-07-01 21:56:26,336 - Zovix - INFO - Database initialized successfully
2026-07-01 21:56:28,440 - Zovix - INFO - Started 4 threaded workers
2026-07-01 21:56:28,440 - Zovix - INFO - Load balancer initialized with 4 workers
2026-07-01 21:56:28,446 - Zovix - WARNING - Could not add column created_at: Cannot add a column with non-constant default
2026-07-01 21:56:28,448 - Zovix - INFO - Database initialized successfully
2026-07-01 21:56:28,646 - Zovix - INFO - Started 4 threaded workers
2026-07-01 21:56:28,656 - Zovix - INFO - Load balancer initialized with 4 workers
2026-07-01 21:56:28,668 - Zovix - WARNING - Could not add column created_at: Cannot add a column with non-constant default
2026-07-01 21:56:28,669 - Zovix - INFO - Database initialized successfully
2026-07-01 21:56:30,365 - Zovix - INFO - Started 4 threaded workers
2026-07-01 21:56:30,366 - Zovix - INFO - Load balancer initialized with 4 workers
2026-07-01 21:56:30,376 - Zovix - WARNING - Could not add column created_at: Cannot add a column with non-constant default
2026-07-01 21:56:30,377 - Zovix - INFO - Database initialized successfully
2026-07-01 21:56:30,582 - Zovix - INFO - Started 4 threaded workers
2026-07-01 21:56:30,595 - Zovix - INFO - Load balancer initialized with 4 workers
2026-07-01 21:56:30,600 - Zovix - WARNING - Could not add column created_at: Cannot add a column with non-constant default
2026-07-01 21:56:30,602 - Zovix - INFO - Database initialized successfully
2026-07-01 21:56:49,538 - Zovix - INFO - Started 4 threaded workers
2026-07-01 21:56:49,542 - Zovix - INFO - Load balancer initialized with 4 workers
2026-07-01 21:56:49,561 - Zovix - WARNING - Could not add column created_at: Cannot add a column with non-constant default
2026-07-01 21:56:49,562 - Zovix - INFO - Database initialized successfully
2026-07-01 22:10:15,661 - Zovix - WARNING - redis not installed. Using in-memory cache.
2026-07-01 22:10:15,662 - Zovix - WARNING - celery not installed. Using threaded queue.
2026-07-01 22:10:15,662 - Zovix - WARNING - stripe not installed.
2026-07-01 22:10:15,663 - Zovix - WARNING - paypalrestsdk not installed.
2026-07-01 22:10:15,664 - Zovix - WARNING - pyotp or qrcode not installed. 2FA disabled.
2026-07-01 22:10:15,666 - Zovix - INFO - Started 4 threaded workers
2026-07-01 22:10:15,668 - Zovix - INFO - Load balancer initialized with 4 workers
2026-07-01 22:10:16,461 - Zovix - INFO - Migrated DB: added column 'created_at' to users table
2026-07-01 22:10:16,467 - Zovix - INFO - Migrated DB: populated 'created_at' for existing users
2026-07-01 22:10:16,480 - Zovix - INFO - Database initialized successfully
2026-07-01 22:10:18,441 - Zovix - WARNING - redis not installed. Using in-memory cache.
2026-07-01 22:10:18,449 - Zovix - WARNING - celery not installed. Using threaded queue.
2026-07-01 22:10:18,452 - Zovix - WARNING - stripe not installed.
2026-07-01 22:10:18,471 - Zovix - WARNING - paypalrestsdk not installed.
2026-07-01 22:10:18,473 - Zovix - WARNING - pyotp or qrcode not installed. 2FA disabled.
2026-07-01 22:10:18,477 - Zovix - INFO - Started 4 threaded workers
2026-07-01 22:10:18,477 - Zovix - INFO - Load balancer initialized with 4 workers
2026-07-01 22:10:18,488 - Zovix - INFO - Database initialized successfully
2026-07-01 22:10:21,169 - Zovix - WARNING - redis not installed. Using in-memory cache.
2026-07-01 22:10:21,171 - Zovix - WARNING - celery not installed. Using threaded queue.
2026-07-01 22:10:21,173 - Zovix - WARNING - stripe not installed.
2026-07-01 22:10:21,175 - Zovix - WARNING - paypalrestsdk not installed.
2026-07-01 22:10:21,183 - Zovix - WARNING - pyotp or qrcode not installed. 2FA disabled.
2026-07-01 22:10:21,185 - Zovix - INFO - Started 4 threaded workers
2026-07-01 22:10:21,185 - Zovix - INFO - Load balancer initialized with 4 workers
2026-07-01 22:10:21,202 - Zovix - INFO - Database initialized successfully
2026-07-01 22:10:31,069 - Zovix - WARNING - redis not installed. Using in-memory cache.
2026-07-01 22:10:31,072 - Zovix - WARNING - celery not installed. Using threaded queue.
2026-07-01 22:10:31,074 - Zovix - WARNING - stripe not installed.
2026-07-01 22:10:31,075 - Zovix - WARNING - paypalrestsdk not installed.
2026-07-01 22:10:31,079 - Zovix - WARNING - pyotp or qrcode not installed. 2FA disabled.
2026-07-01 22:10:31,082 - Zovix - INFO - Started 4 threaded workers
2026-07-01 22:10:31,083 - Zovix - INFO - Load balancer initialized with 4 workers
2026-07-01 22:10:31,104 - Zovix - INFO - Database initialized successfully
2026-07-01 22:10:33,041 - Zovix - WARNING - redis not installed. Using in-memory cache.
2026-07-01 22:10:33,042 - Zovix - WARNING - celery not installed. Using threaded queue.
2026-07-01 22:10:33,043 - Zovix - WARNING - stripe not installed.
2026-07-01 22:10:33,045 - Zovix - WARNING - paypalrestsdk not installed.
2026-07-01 22:10:33,046 - Zovix - WARNING - pyotp or qrcode not installed. 2FA disabled.
2026-07-01 22:10:33,048 - Zovix - INFO - Started 4 threaded workers
2026-07-01 22:10:33,053 - Zovix - INFO - Load balancer initialized with 4 workers
2026-07-01 22:10:33,067 - Zovix - INFO - Database initialized successfully
2026-07-01 22:10:35,464 - Zovix - WARNING - redis not installed. Using in-memory cache.
2026-07-01 22:10:35,466 - Zovix - WARNING - celery not installed. Using threaded queue.
2026-07-01 22:10:35,469 - Zovix - WARNING - stripe not installed.
2026-07-01 22:10:35,471 - Zovix - WARNING - paypalrestsdk not installed.
2026-07-01 22:10:35,483 - Zovix - WARNING - pyotp or qrcode not installed. 2FA disabled.
2026-07-01 22:10:35,491 - Zovix - INFO - Started 4 threaded workers
2026-07-01 22:10:35,493 - Zovix - INFO - Load balancer initialized with 4 workers
2026-07-01 22:10:35,503 - Zovix - INFO - Database initialized successfully
2026-07-01 22:10:38,611 - Zovix - WARNING - redis not installed. Using in-memory cache.
2026-07-01 22:10:38,612 - Zovix - WARNING - celery not installed. Using threaded queue.
2026-07-01 22:10:38,613 - Zovix - WARNING - stripe not installed.
2026-07-01 22:10:38,614 - Zovix - WARNING - paypalrestsdk not installed.
2026-07-01 22:10:38,615 - Zovix - WARNING - pyotp or qrcode not installed. 2FA disabled.
2026-07-01 22:10:38,617 - Zovix - INFO - Started 4 threaded workers
2026-07-01 22:10:38,617 - Zovix - INFO - Load balancer initialized with 4 workers
2026-07-01 22:10:38,628 - Zovix - INFO - Database initialized successfully
2026-07-01 22:10:40,657 - Zovix - WARNING - redis not installed. Using in-memory cache.
2026-07-01 22:10:40,658 - Zovix - WARNING - celery not installed. Using threaded queue.
2026-07-01 22:10:40,659 - Zovix - WARNING - stripe not installed.
2026-07-01 22:10:40,661 - Zovix - WARNING - paypalrestsdk not installed.
2026-07-01 22:10:40,661 - Zovix - WARNING - pyotp or qrcode not installed. 2FA disabled.
2026-07-01 22:10:40,664 - Zovix - INFO - Started 4 threaded workers
2026-07-01 22:10:40,664 - Zovix - INFO - Load balancer initialized with 4 workers
2026-07-01 22:10:40,667 - Zovix - INFO - Database initialized successfully
2026-07-01 22:10:40,869 - Zovix - WARNING - redis not installed. Using in-memory cache.
2026-07-01 22:10:40,871 - Zovix - WARNING - celery not installed. Using threaded queue.
2026-07-01 22:10:40,873 - Zovix - WARNING - stripe not installed.
2026-07-01 22:10:40,875 - Zovix - WARNING - paypalrestsdk not installed.
2026-07-01 22:10:40,882 - Zovix - WARNING - pyotp or qrcode not installed. 2FA disabled.
2026-07-01 22:10:40,888 - Zovix - INFO - Started 4 threaded workers
2026-07-01 22:10:40,889 - Zovix - INFO - Load balancer initialized with 4 workers
2026-07-01 22:10:40,896 - Zovix - INFO - Database initialized successfully
2026-07-01 22:10:43,180 - Zovix - WARNING - redis not installed. Using in-memory cache.
2026-07-01 22:10:43,182 - Zovix - WARNING - celery not installed. Using threaded queue.
2026-07-01 22:10:43,183 - Zovix - WARNING - stripe not installed.
2026-07-01 22:10:43,185 - Zovix - WARNING - paypalrestsdk not installed.
2026-07-01 22:10:43,186 - Zovix - WARNING - pyotp or qrcode not installed. 2FA disabled.
2026-07-01 22:10:43,188 - Zovix - INFO - Started 4 threaded workers
2026-07-01 22:10:43,189 - Zovix - INFO - Load balancer initialized with 4 workers
2026-07-01 22:10:43,195 - Zovix - INFO - Database initialized successfully
2026-07-01 22:10:43,422 - Zovix - WARNING - redis not installed. Using in-memory cache.
2026-07-01 22:10:43,423 - Zovix - WARNING - celery not installed. Using threaded queue.
2026-07-01 22:10:43,424 - Zovix - WARNING - stripe not installed.
2026-07-01 22:10:43,426 - Zovix - WARNING - paypalrestsdk not installed.
2026-07-01 22:10:43,428 - Zovix - WARNING - pyotp or qrcode not installed. 2FA disabled.
2026-07-01 22:10:43,432 - Zovix - INFO - Started 4 threaded workers
2026-07-01 22:10:43,432 - Zovix - INFO - Load balancer initialized with 4 workers
2026-07-01 22:10:43,441 - Zovix - INFO - Database initialized successfully
2026-07-01 22:10:58,759 - Zovix - WARNING - redis not installed. Using in-memory cache.
2026-07-01 22:10:58,761 - Zovix - WARNING - celery not installed. Using threaded queue.
2026-07-01 22:10:58,763 - Zovix - WARNING - stripe not installed.
2026-07-01 22:10:58,764 - Zovix - WARNING - paypalrestsdk not installed.
2026-07-01 22:10:58,777 - Zovix - WARNING - pyotp or qrcode not installed. 2FA disabled.
2026-07-01 22:10:58,783 - Zovix - INFO - Started 4 threaded workers
2026-07-01 22:10:58,785 - Zovix - INFO - Load balancer initialized with 4 workers
2026-07-01 22:10:58,803 - Zovix - INFO - Database initialized successfully
2026-07-01 22:13:54,454 - Zovix - WARNING - redis not installed. Using in-memory cache.
2026-07-01 22:13:54,455 - Zovix - WARNING - celery not installed. Using threaded queue.
2026-07-01 22:13:54,457 - Zovix - WARNING - stripe not installed.
2026-07-01 22:13:54,458 - Zovix - WARNING - paypalrestsdk not installed.
2026-07-01 22:13:54,459 - Zovix - WARNING - pyotp or qrcode not installed. 2FA disabled.
2026-07-01 22:13:54,462 - Zovix - INFO - Started 4 threaded workers
2026-07-01 22:13:54,462 - Zovix - INFO - Load balancer initialized with 4 workers
2026-07-01 22:13:54,475 - Zovix - INFO - Database initialized successfully
2026-07-01 22:13:57,322 - Zovix - WARNING - redis not installed. Using in-memory cache.
2026-07-01 22:13:57,325 - Zovix - WARNING - celery not installed. Using threaded queue.
2026-07-01 22:13:57,327 - Zovix - WARNING - stripe not installed.
2026-07-01 22:13:57,329 - Zovix - WARNING - paypalrestsdk not installed.
2026-07-01 22:13:57,352 - Zovix - WARNING - pyotp or qrcode not installed. 2FA disabled.
2026-07-01 22:13:57,358 - Zovix - INFO - Started 4 threaded workers
2026-07-01 22:13:57,360 - Zovix - INFO - Load balancer initialized with 4 workers
2026-07-01 22:13:57,371 - Zovix - INFO - Database initialized successfully
2026-07-01 22:16:08,005 - Zovix - WARNING - redis not installed. Using in-memory cache.
2026-07-01 22:16:08,006 - Zovix - WARNING - celery not installed. Using threaded queue.
2026-07-01 22:16:08,008 - Zovix - WARNING - stripe not installed.
2026-07-01 22:16:08,009 - Zovix - WARNING - paypalrestsdk not installed.
2026-07-01 22:16:08,010 - Zovix - WARNING - pyotp or qrcode not installed. 2FA disabled.
2026-07-01 22:16:08,012 - Zovix - INFO - Started 4 threaded workers
2026-07-01 22:16:08,012 - Zovix - INFO - Load balancer initialized with 4 workers
2026-07-01 22:16:08,021 - Zovix - INFO - Database initialized successfully
2026-07-01 22:16:08,285 - Zovix - WARNING - redis not installed. Using in-memory cache.
2026-07-01 22:16:08,288 - Zovix - WARNING - celery not installed. Using threaded queue.
2026-07-01 22:16:08,290 - Zovix - WARNING - stripe not installed.
2026-07-01 22:16:08,291 - Zovix - WARNING - paypalrestsdk not installed.
2026-07-01 22:16:08,294 - Zovix - WARNING - pyotp or qrcode not installed. 2FA disabled.
2026-07-01 22:16:08,299 - Zovix - INFO - Started 4 threaded workers
2026-07-01 22:16:08,301 - Zovix - INFO - Load balancer initialized with 4 workers
2026-07-01 22:16:08,311 - Zovix - INFO - Database initialized successfully
2026-07-01 22:22:35,870 - Zovix - WARNING - redis not installed. Using in-memory cache.
2026-07-01 22:22:35,871 - Zovix - WARNING - celery not installed. Using threaded queue.
2026-07-01 22:22:35,871 - Zovix - WARNING - stripe not installed.
2026-07-01 22:22:35,871 - Zovix - WARNING - paypalrestsdk not installed.
2026-07-01 22:22:35,873 - Zovix - WARNING - pyotp or qrcode not installed. 2FA disabled.
2026-07-01 22:22:35,874 - Zovix - INFO - Started 4 threaded workers
2026-07-01 22:22:35,874 - Zovix - INFO - Load balancer initialized with 4 workers
2026-07-01 22:22:36,663 - Zovix - INFO - Database initialized successfully
2026-07-01 22:22:38,619 - Zovix - WARNING - redis not installed. Using in-memory cache.
2026-07-01 22:22:38,623 - Zovix - WARNING - celery not installed. Using threaded queue.
2026-07-01 22:22:38,628 - Zovix - WARNING - stripe not installed.
2026-07-01 22:22:38,636 - Zovix - WARNING - paypalrestsdk not installed.
2026-07-01 22:22:38,639 - Zovix - WARNING - pyotp or qrcode not installed. 2FA disabled.
2026-07-01 22:22:38,643 - Zovix - INFO - Started 4 threaded workers
2026-07-01 22:22:38,646 - Zovix - INFO - Load balancer initialized with 4 workers
2026-07-01 22:22:38,654 - Zovix - INFO - Database initialized successfully
2026-07-01 22:22:40,848 - Zovix - WARNING - redis not installed. Using in-memory cache.
2026-07-01 22:22:40,851 - Zovix - WARNING - celery not installed. Using threaded queue.
2026-07-01 22:22:40,865 - Zovix - WARNING - stripe not installed.
2026-07-01 22:22:40,868 - Zovix - WARNING - paypalrestsdk not installed.
2026-07-01 22:22:40,870 - Zovix - WARNING - pyotp or qrcode not installed. 2FA disabled.
2026-07-01 22:22:40,878 - Zovix - INFO - Started 4 threaded workers
2026-07-01 22:22:40,880 - Zovix - INFO - Load balancer initialized with 4 workers
2026-07-01 22:22:40,894 - Zovix - INFO - Database initialized successfully
2026-07-01 22:22:44,956 - Zovix - WARNING - redis not installed. Using in-memory cache.
2026-07-01 22:22:44,957 - Zovix - WARNING - celery not installed. Using threaded queue.
2026-07-01 22:22:44,958 - Zovix - WARNING - stripe not installed.
2026-07-01 22:22:44,958 - Zovix - WARNING - paypalrestsdk not installed.
2026-07-01 22:22:44,960 - Zovix - WARNING - pyotp or qrcode not installed. 2FA disabled.
2026-07-01 22:22:44,963 - Zovix - INFO - Started 4 threaded workers
2026-07-01 22:22:44,963 - Zovix - INFO - Load balancer initialized with 4 workers
2026-07-01 22:22:44,970 - Zovix - INFO - Database initialized successfully
2026-07-01 22:22:45,994 - Zovix - WARNING - redis not installed. Using in-memory cache.
2026-07-01 22:22:45,996 - Zovix - WARNING - celery not installed. Using threaded queue.
2026-07-01 22:22:45,997 - Zovix - WARNING - stripe not installed.
2026-07-01 22:22:45,998 - Zovix - WARNING - paypalrestsdk not installed.
2026-07-01 22:22:45,999 - Zovix - WARNING - pyotp or qrcode not installed. 2FA disabled.
2026-07-01 22:22:46,001 - Zovix - INFO - Started 4 threaded workers
2026-07-01 22:22:46,002 - Zovix - INFO - Load balancer initialized with 4 workers
2026-07-01 22:22:46,009 - Zovix - INFO - Database initialized successfully
2026-07-01 22:22:46,165 - Zovix - WARNING - redis not installed. Using in-memory cache.
2026-07-01 22:22:46,166 - Zovix - WARNING - celery not installed. Using threaded queue.
2026-07-01 22:22:46,166 - Zovix - WARNING - stripe not installed.
2026-07-01 22:22:46,166 - Zovix - WARNING - paypalrestsdk not installed.
2026-07-01 22:22:46,168 - Zovix - WARNING - pyotp or qrcode not installed. 2FA disabled.
2026-07-01 22:22:46,169 - Zovix - INFO - Started 4 threaded workers
2026-07-01 22:22:46,169 - Zovix - INFO - Load balancer initialized with 4 workers
2026-07-01 22:22:46,173 - Zovix - INFO - Database initialized successfully
2026-07-01 22:22:57,864 - Zovix - WARNING - redis not installed. Using in-memory cache.
2026-07-01 22:22:57,865 - Zovix - WARNING - celery not installed. Using threaded queue.
2026-07-01 22:22:57,866 - Zovix - WARNING - stripe not installed.
2026-07-01 22:22:57,867 - Zovix - WARNING - paypalrestsdk not installed.
2026-07-01 22:22:57,868 - Zovix - WARNING - pyotp or qrcode not installed. 2FA disabled.
2026-07-01 22:22:57,870 - Zovix - INFO - Started 4 threaded workers
2026-07-01 22:22:57,871 - Zovix - INFO - Load balancer initialized with 4 workers
2026-07-01 22:22:57,880 - Zovix - INFO - Database initialized successfully
2026-07-01 22:23:02,392 - Zovix - WARNING - redis not installed. Using in-memory cache.
2026-07-01 22:23:02,393 - Zovix - WARNING - celery not installed. Using threaded queue.
2026-07-01 22:23:02,394 - Zovix - WARNING - stripe not installed.
2026-07-01 22:23:02,396 - Zovix - WARNING - paypalrestsdk not installed.
2026-07-01 22:23:02,397 - Zovix - WARNING - pyotp or qrcode not installed. 2FA disabled.
2026-07-01 22:23:02,400 - Zovix - INFO - Started 4 threaded workers
2026-07-01 22:23:02,401 - Zovix - INFO - Load balancer initialized with 4 workers
2026-07-01 22:23:02,409 - Zovix - INFO - Database initialized successfully
2026-07-01 22:23:02,623 - Zovix - WARNING - redis not installed. Using in-memory cache.
2026-07-01 22:23:02,625 - Zovix - WARNING - celery not installed. Using threaded queue.
2026-07-01 22:23:02,627 - Zovix - WARNING - stripe not installed.
2026-07-01 22:23:02,628 - Zovix - WARNING - paypalrestsdk not installed.
2026-07-01 22:23:02,630 - Zovix - WARNING - pyotp or qrcode not installed. 2FA disabled.
2026-07-01 22:23:02,634 - Zovix - INFO - Started 4 threaded workers
2026-07-01 22:23:02,635 - Zovix - INFO - Load balancer initialized with 4 workers
2026-07-01 22:23:02,648 - Zovix - INFO - Database initialized successfully
2026-07-01 22:23:08,870 - Zovix - WARNING - redis not installed. Using in-memory cache.
2026-07-01 22:23:08,871 - Zovix - WARNING - celery not installed. Using threaded queue.
2026-07-01 22:23:08,873 - Zovix - WARNING - stripe not installed.
2026-07-01 22:23:08,874 - Zovix - WARNING - paypalrestsdk not installed.
2026-07-01 22:23:08,881 - Zovix - WARNING - pyotp or qrcode not installed. 2FA disabled.
2026-07-01 22:23:08,885 - Zovix - INFO - Started 4 threaded workers
2026-07-01 22:23:08,886 - Zovix - INFO - Load balancer initialized with 4 workers
2026-07-01 22:23:08,910 - Zovix - INFO - Database initialized successfully
2026-07-01 22:23:10,953 - Zovix - WARNING - redis not installed. Using in-memory cache.
2026-07-01 22:23:10,956 - Zovix - WARNING - celery not installed. Using threaded queue.
2026-07-01 22:23:10,958 - Zovix - WARNING - stripe not installed.
2026-07-01 22:23:10,959 - Zovix - WARNING - paypalrestsdk not installed.
2026-07-01 22:23:10,965 - Zovix - WARNING - pyotp or qrcode not installed. 2FA disabled.
2026-07-01 22:23:10,969 - Zovix - INFO - Started 4 threaded workers
2026-07-01 22:23:10,970 - Zovix - INFO - Load balancer initialized with 4 workers
2026-07-01 22:23:10,981 - Zovix - INFO - Database initialized successfully
2026-07-01 22:23:13,462 - Zovix - WARNING - redis not installed. Using in-memory cache.
2026-07-01 22:23:13,465 - Zovix - WARNING - celery not installed. Using threaded queue.
2026-07-01 22:23:13,477 - Zovix - WARNING - stripe not installed.
2026-07-01 22:23:13,480 - Zovix - WARNING - paypalrestsdk not installed.
2026-07-01 22:23:13,483 - Zovix - WARNING - pyotp or qrcode not installed. 2FA disabled.
2026-07-01 22:23:13,487 - Zovix - INFO - Started 4 threaded workers
2026-07-01 22:23:13,489 - Zovix - INFO - Load balancer initialized with 4 workers
2026-07-01 22:23:13,501 - Zovix - INFO - Database initialized successfully
2026-07-01 22:41:36,592 - Zovix - WARNING - redis not installed. Using in-memory cache.
2026-07-01 22:41:36,593 - Zovix - WARNING - celery not installed. Using threaded queue.
2026-07-01 22:41:36,594 - Zovix - WARNING - stripe not installed.
2026-07-01 22:41:36,596 - Zovix - WARNING - paypalrestsdk not installed.
2026-07-01 22:41:36,597 - Zovix - WARNING - pyotp or qrcode not installed. 2FA disabled.
2026-07-01 22:41:36,599 - Zovix - INFO - Started 4 threaded workers
2026-07-01 22:41:36,599 - Zovix - INFO - Load balancer initialized with 4 workers
2026-07-01 22:41:36,623 - Zovix - INFO - Database initialized successfully
2026-07-01 22:41:38,586 - Zovix - WARNING - redis not installed. Using in-memory cache.
2026-07-01 22:41:38,589 - Zovix - WARNING - celery not installed. Using threaded queue.
2026-07-01 22:41:38,596 - Zovix - WARNING - stripe not installed.
2026-07-01 22:41:38,598 - Zovix - WARNING - paypalrestsdk not installed.
2026-07-01 22:41:38,600 - Zovix - WARNING - pyotp or qrcode not installed. 2FA disabled.
2026-07-01 22:41:38,604 - Zovix - INFO - Started 4 threaded workers
2026-07-01 22:41:38,604 - Zovix - INFO - Load balancer initialized with 4 workers
2026-07-01 22:41:38,620 - Zovix - INFO - Database initialized successfully
2026-07-01 22:41:42,326 - Zovix - WARNING - redis not installed. Using in-memory cache.
2026-07-01 22:41:42,328 - Zovix - WARNING - celery not installed. Using threaded queue.
2026-07-01 22:41:42,330 - Zovix - WARNING - stripe not installed.
2026-07-01 22:41:42,332 - Zovix - WARNING - paypalrestsdk not installed.
2026-07-01 22:41:42,340 - Zovix - WARNING - pyotp or qrcode not installed. 2FA disabled.
2026-07-01 22:41:42,343 - Zovix - INFO - Started 4 threaded workers
2026-07-01 22:41:42,343 - Zovix - INFO - Load balancer initialized with 4 workers
2026-07-01 22:41:42,358 - Zovix - INFO - Database initialized successfully
2026-07-01 22:41:57,051 - Zovix - WARNING - redis not installed. Using in-memory cache.
2026-07-01 22:41:57,052 - Zovix - WARNING - celery not installed. Using threaded queue.
2026-07-01 22:41:57,053 - Zovix - WARNING - stripe not installed.
2026-07-01 22:41:57,055 - Zovix - WARNING - paypalrestsdk not installed.
2026-07-01 22:41:57,056 - Zovix - WARNING - pyotp or qrcode not installed. 2FA disabled.
2026-07-01 22:41:57,064 - Zovix - INFO - Started 4 threaded workers
2026-07-01 22:41:57,065 - Zovix - INFO - Load balancer initialized with 4 workers
2026-07-01 22:41:57,076 - Zovix - INFO - Database initialized successfully
2026-07-01 22:41:58,692 - Zovix - WARNING - redis not installed. Using in-memory cache.
2026-07-01 22:41:58,694 - Zovix - WARNING - celery not installed. Using threaded queue.
2026-07-01 22:41:58,696 - Zovix - WARNING - stripe not installed.
2026-07-01 22:41:58,697 - Zovix - WARNING - paypalrestsdk not installed.
2026-07-01 22:41:58,698 - Zovix - WARNING - pyotp or qrcode not installed. 2FA disabled.
2026-07-01 22:41:58,704 - Zovix - INFO - Started 4 threaded workers
2026-07-01 22:41:58,704 - Zovix - INFO - Load balancer initialized with 4 workers
2026-07-01 22:41:58,713 - Zovix - INFO - Database initialized successfully
2026-07-01 22:41:58,912 - Zovix - WARNING - redis not installed. Using in-memory cache.
2026-07-01 22:41:58,914 - Zovix - WARNING - celery not installed. Using threaded queue.
2026-07-01 22:41:58,915 - Zovix - WARNING - stripe not installed.
2026-07-01 22:41:58,917 - Zovix - WARNING - paypalrestsdk not installed.
2026-07-01 22:41:58,924 - Zovix - WARNING - pyotp or qrcode not installed. 2FA disabled.
2026-07-01 22:41:58,927 - Zovix - INFO - Started 4 threaded workers
2026-07-01 22:41:58,928 - Zovix - INFO - Load balancer initialized with 4 workers
2026-07-01 22:41:58,940 - Zovix - INFO - Database initialized successfully
2026-07-01 22:42:02,276 - Zovix - WARNING - redis not installed. Using in-memory cache.
2026-07-01 22:42:02,278 - Zovix - WARNING - celery not installed. Using threaded queue.
2026-07-01 22:42:02,280 - Zovix - WARNING - stripe not installed.
2026-07-01 22:42:02,281 - Zovix - WARNING - paypalrestsdk not installed.
2026-07-01 22:42:02,298 - Zovix - WARNING - pyotp or qrcode not installed. 2FA disabled.
2026-07-01 22:42:02,301 - Zovix - INFO - Started 4 threaded workers
2026-07-01 22:42:02,302 - Zovix - INFO - Load balancer initialized with 4 workers
2026-07-01 22:42:02,307 - Zovix - INFO - Database initialized successfully
2026-07-01 22:42:02,554 - Zovix - WARNING - redis not installed. Using in-memory cache.
2026-07-01 22:42:02,555 - Zovix - WARNING - celery not installed. Using threaded queue.
2026-07-01 22:42:02,557 - Zovix - WARNING - stripe not installed.
2026-07-01 22:42:02,559 - Zovix - WARNING - paypalrestsdk not installed.
2026-07-01 22:42:02,566 - Zovix - WARNING - pyotp or qrcode not installed. 2FA disabled.
2026-07-01 22:42:02,570 - Zovix - INFO - Started 4 threaded workers
2026-07-01 22:42:02,571 - Zovix - INFO - Load balancer initialized with 4 workers
2026-07-01 22:42:02,579 - Zovix - INFO - Database initialized successfully
2026-07-01 22:42:07,816 - Zovix - WARNING - redis not installed. Using in-memory cache.
2026-07-01 22:42:07,818 - Zovix - WARNING - celery not installed. Using threaded queue.
2026-07-01 22:42:07,819 - Zovix - WARNING - stripe not installed.
2026-07-01 22:42:07,821 - Zovix - WARNING - paypalrestsdk not installed.
2026-07-01 22:42:07,828 - Zovix - WARNING - pyotp or qrcode not installed. 2FA disabled.
2026-07-01 22:42:07,831 - Zovix - INFO - Started 4 threaded workers
2026-07-01 22:42:07,831 - Zovix - INFO - Load balancer initialized with 4 workers
2026-07-01 22:42:07,843 - Zovix - INFO - Database initialized successfully
2026-07-01 22:42:08,093 - Zovix - WARNING - redis not installed. Using in-memory cache.
2026-07-01 22:42:08,095 - Zovix - WARNING - celery not installed. Using threaded queue.
2026-07-01 22:42:08,097 - Zovix - WARNING - stripe not installed.
2026-07-01 22:42:08,099 - Zovix - WARNING - paypalrestsdk not installed.
2026-07-01 22:42:08,103 - Zovix - WARNING - pyotp or qrcode not installed. 2FA disabled.
2026-07-01 22:42:08,109 - Zovix - INFO - Started 4 threaded workers
2026-07-01 22:42:08,110 - Zovix - INFO - Load balancer initialized with 4 workers
2026-07-01 22:42:08,125 - Zovix - INFO - Database initialized successfully
2026-07-01 22:42:23,622 - Zovix - WARNING - redis not installed. Using in-memory cache.
2026-07-01 22:42:23,623 - Zovix - WARNING - celery not installed. Using threaded queue.
2026-07-01 22:42:23,624 - Zovix - WARNING - stripe not installed.
2026-07-01 22:42:23,624 - Zovix - WARNING - paypalrestsdk not installed.
2026-07-01 22:42:23,625 - Zovix - WARNING - pyotp or qrcode not installed. 2FA disabled.
2026-07-01 22:42:23,627 - Zovix - INFO - Started 4 threaded workers
2026-07-01 22:42:23,627 - Zovix - INFO - Load balancer initialized with 4 workers
2026-07-01 22:42:23,637 - Zovix - INFO - Database initialized successfully
2026-07-01 22:42:45,490 - Zovix - WARNING - redis not installed. Using in-memory cache.
2026-07-01 22:42:45,492 - Zovix - WARNING - celery not installed. Using threaded queue.
2026-07-01 22:42:45,494 - Zovix - WARNING - stripe not installed.
2026-07-01 22:42:45,496 - Zovix - WARNING - paypalrestsdk not installed.
2026-07-01 22:42:45,497 - Zovix - WARNING - pyotp or qrcode not installed. 2FA disabled.
2026-07-01 22:42:45,512 - Zovix - INFO - Started 4 threaded workers
2026-07-01 22:42:45,513 - Zovix - INFO - Load balancer initialized with 4 workers
2026-07-01 22:42:45,524 - Zovix - INFO - Database initialized successfully
2026-07-01 22:42:49,440 - Zovix - WARNING - redis not installed. Using in-memory cache.
2026-07-01 22:42:49,442 - Zovix - WARNING - celery not installed. Using threaded queue.
2026-07-01 22:42:49,444 - Zovix - WARNING - stripe not installed.
2026-07-01 22:42:49,447 - Zovix - WARNING - paypalrestsdk not installed.
2026-07-01 22:42:49,463 - Zovix - WARNING - pyotp or qrcode not installed. 2FA disabled.
2026-07-01 22:42:49,467 - Zovix - INFO - Started 4 threaded workers
2026-07-01 22:42:49,469 - Zovix - INFO - Load balancer initialized with 4 workers
2026-07-01 22:42:49,483 - Zovix - INFO - Database initialized successfully
2026-07-01 22:46:00,715 - Zovix - WARNING - redis not installed. Using in-memory cache.
2026-07-01 22:46:00,717 - Zovix - WARNING - celery not installed. Using threaded queue.
2026-07-01 22:46:00,719 - Zovix - WARNING - stripe not installed.
2026-07-01 22:46:00,720 - Zovix - WARNING - paypalrestsdk not installed.
2026-07-01 22:46:00,720 - Zovix - WARNING - pyotp or qrcode not installed. 2FA disabled.
2026-07-01 22:46:00,734 - Zovix - INFO - Started 4 threaded workers
2026-07-01 22:46:00,736 - Zovix - INFO - Load balancer initialized with 4 workers
2026-07-01 22:46:00,752 - Zovix - INFO - Database initialized successfully
2026-07-01 22:46:16,086 - Zovix - WARNING - redis not installed. Using in-memory cache.
2026-07-01 22:46:16,087 - Zovix - WARNING - celery not installed. Using threaded queue.
2026-07-01 22:46:16,089 - Zovix - WARNING - stripe not installed.
2026-07-01 22:46:16,090 - Zovix - WARNING - paypalrestsdk not installed.
2026-07-01 22:46:16,091 - Zovix - WARNING - pyotp or qrcode not installed. 2FA disabled.
2026-07-01 22:46:16,094 - Zovix - INFO - Started 4 threaded workers
2026-07-01 22:46:16,094 - Zovix - INFO - Load balancer initialized with 4 workers
2026-07-01 22:46:16,100 - Zovix - INFO - Database initialized successfully
2026-07-01 22:46:18,575 - Zovix - WARNING - redis not installed. Using in-memory cache.
2026-07-01 22:46:18,578 - Zovix - WARNING - celery not installed. Using threaded queue.
2026-07-01 22:46:18,580 - Zovix - WARNING - stripe not installed.
2026-07-01 22:46:18,582 - Zovix - WARNING - paypalrestsdk not installed.
2026-07-01 22:46:18,584 - Zovix - WARNING - pyotp or qrcode not installed. 2FA disabled.
2026-07-01 22:46:18,591 - Zovix - INFO - Started 4 threaded workers
2026-07-01 22:46:18,592 - Zovix - INFO - Load balancer initialized with 4 workers
2026-07-01 22:46:18,609 - Zovix - INFO - Database initialized successfully
2026-07-01 22:50:28,034 - Zovix - WARNING - redis not installed. Using in-memory cache.
2026-07-01 22:50:28,037 - Zovix - WARNING - celery not installed. Using threaded queue.
2026-07-01 22:50:28,038 - Zovix - WARNING - stripe not installed.
2026-07-01 22:50:28,040 - Zovix - WARNING - paypalrestsdk not installed.
2026-07-01 22:50:28,045 - Zovix - WARNING - pyotp or qrcode not installed. 2FA disabled.
2026-07-01 22:50:28,048 - Zovix - INFO - Started 4 threaded workers
2026-07-01 22:50:28,049 - Zovix - INFO - Load balancer initialized with 4 workers
2026-07-01 22:50:28,074 - Zovix - INFO - Database initialized successfully
2026-07-01 22:50:30,801 - Zovix - WARNING - redis not installed. Using in-memory cache.
2026-07-01 22:50:30,802 - Zovix - WARNING - celery not installed. Using threaded queue.
2026-07-01 22:50:30,803 - Zovix - WARNING - stripe not installed.
2026-07-01 22:50:30,804 - Zovix - WARNING - paypalrestsdk not installed.
2026-07-01 22:50:30,805 - Zovix - WARNING - pyotp or qrcode not installed. 2FA disabled.
2026-07-01 22:50:30,807 - Zovix - INFO - Started 4 threaded workers
2026-07-01 22:50:30,808 - Zovix - INFO - Load balancer initialized with 4 workers
2026-07-01 22:50:30,820 - Zovix - INFO - Database initialized successfully
2026-07-01 22:50:33,355 - Zovix - WARNING - redis not installed. Using in-memory cache.
2026-07-01 22:50:33,357 - Zovix - WARNING - celery not installed. Using threaded queue.
2026-07-01 22:50:33,358 - Zovix - WARNING - stripe not installed.
2026-07-01 22:50:33,359 - Zovix - WARNING - paypalrestsdk not installed.
2026-07-01 22:50:33,361 - Zovix - WARNING - pyotp or qrcode not installed. 2FA disabled.
2026-07-01 22:50:33,374 - Zovix - INFO - Started 4 threaded workers
2026-07-01 22:50:33,375 - Zovix - INFO - Load balancer initialized with 4 workers
2026-07-01 22:50:33,384 - Zovix - INFO - Database initialized successfully
2026-07-01 22:51:52,956 - Zovix - WARNING - redis not installed. Using in-memory cache.
2026-07-01 22:51:52,958 - Zovix - WARNING - celery not installed. Using threaded queue.
2026-07-01 22:51:52,960 - Zovix - WARNING - stripe not installed.
2026-07-01 22:51:52,962 - Zovix - WARNING - paypalrestsdk not installed.
2026-07-01 22:51:52,973 - Zovix - WARNING - pyotp or qrcode not installed. 2FA disabled.
2026-07-01 22:51:52,976 - Zovix - INFO - Started 4 threaded workers
2026-07-01 22:51:52,977 - Zovix - INFO - Load balancer initialized with 4 workers
2026-07-01 22:51:54,005 - Zovix - INFO - Database initialized successfully
2026-07-01 22:51:56,393 - Zovix - WARNING - redis not installed. Using in-memory cache.
2026-07-01 22:51:56,399 - Zovix - WARNING - celery not installed. Using threaded queue.
2026-07-01 22:51:56,405 - Zovix - WARNING - stripe not installed.
2026-07-01 22:51:56,406 - Zovix - WARNING - paypalrestsdk not installed.
2026-07-01 22:51:56,407 - Zovix - WARNING - pyotp or qrcode not installed. 2FA disabled.
2026-07-01 22:51:56,412 - Zovix - INFO - Started 4 threaded workers
2026-07-01 22:51:56,413 - Zovix - INFO - Load balancer initialized with 4 workers
2026-07-01 22:51:56,423 - Zovix - INFO - Database initialized successfully
2026-07-01 22:52:00,128 - Zovix - WARNING - redis not installed. Using in-memory cache.
2026-07-01 22:52:00,130 - Zovix - WARNING - celery not installed. Using threaded queue.
2026-07-01 22:52:00,132 - Zovix - WARNING - stripe not installed.
2026-07-01 22:52:00,134 - Zovix - WARNING - paypalrestsdk not installed.
2026-07-01 22:52:00,136 - Zovix - WARNING - pyotp or qrcode not installed. 2FA disabled.
2026-07-01 22:52:00,138 - Zovix - INFO - Started 4 threaded workers
2026-07-01 22:52:00,139 - Zovix - INFO - Load balancer initialized with 4 workers
2026-07-01 22:52:00,146 - Zovix - INFO - Database initialized successfully
2026-07-01 22:54:46,304 - Zovix - WARNING - redis not installed. Using in-memory cache.
2026-07-01 22:54:46,306 - Zovix - WARNING - celery not installed. Using threaded queue.
2026-07-01 22:54:46,307 - Zovix - WARNING - stripe not installed.
2026-07-01 22:54:46,309 - Zovix - WARNING - paypalrestsdk not installed.
2026-07-01 22:54:46,315 - Zovix - WARNING - pyotp or qrcode not installed. 2FA disabled.
2026-07-01 22:54:46,318 - Zovix - INFO - Started 4 threaded workers
2026-07-01 22:54:46,319 - Zovix - INFO - Load balancer initialized with 4 workers
2026-07-01 22:54:46,335 - Zovix - INFO - Database initialized successfully
2026-07-01 22:54:48,266 - Zovix - WARNING - redis not installed. Using in-memory cache.
2026-07-01 22:54:48,267 - Zovix - WARNING - celery not installed. Using threaded queue.
2026-07-01 22:54:48,268 - Zovix - WARNING - stripe not installed.
2026-07-01 22:54:48,270 - Zovix - WARNING - paypalrestsdk not installed.
2026-07-01 22:54:48,271 - Zovix - WARNING - pyotp or qrcode not installed. 2FA disabled.
2026-07-01 22:54:48,281 - Zovix - INFO - Started 4 threaded workers
2026-07-01 22:54:48,282 - Zovix - INFO - Load balancer initialized with 4 workers
2026-07-01 22:54:48,296 - Zovix - INFO - Database initialized successfully
2026-07-01 22:54:51,001 - Zovix - WARNING - redis not installed. Using in-memory cache.
2026-07-01 22:54:51,002 - Zovix - WARNING - celery not installed. Using threaded queue.
2026-07-01 22:54:51,003 - Zovix - WARNING - stripe not installed.
2026-07-01 22:54:51,004 - Zovix - WARNING - paypalrestsdk not installed.
2026-07-01 22:54:51,006 - Zovix - WARNING - pyotp or qrcode not installed. 2FA disabled.
2026-07-01 22:54:51,017 - Zovix - INFO - Started 4 threaded workers
2026-07-01 22:54:51,018 - Zovix - INFO - Load balancer initialized with 4 workers
2026-07-01 22:54:51,033 - Zovix - INFO - Database initialized successfully
2026-07-01 23:28:15,339 - Zovix - WARNING - redis not installed. Using in-memory cache.
2026-07-01 23:28:15,341 - Zovix - WARNING - celery not installed. Using threaded queue.
2026-07-01 23:28:15,343 - Zovix - WARNING - stripe not installed.
2026-07-01 23:28:15,345 - Zovix - WARNING - paypalrestsdk not installed.
2026-07-01 23:28:15,350 - Zovix - WARNING - pyotp or qrcode not installed. 2FA disabled.
2026-07-01 23:28:15,354 - Zovix - INFO - Started 4 threaded workers
2026-07-01 23:28:15,355 - Zovix - INFO - Load balancer initialized with 4 workers
2026-07-01 23:28:15,381 - Zovix - INFO - Database initialized successfully
2026-07-01 23:28:17,468 - Zovix - WARNING - redis not installed. Using in-memory cache.
2026-07-01 23:28:17,471 - Zovix - WARNING - celery not installed. Using threaded queue.
2026-07-01 23:28:17,473 - Zovix - WARNING - stripe not installed.
2026-07-01 23:28:17,474 - Zovix - WARNING - paypalrestsdk not installed.
2026-07-01 23:28:17,475 - Zovix - WARNING - pyotp or qrcode not installed. 2FA disabled.
2026-07-01 23:28:17,493 - Zovix - INFO - Started 4 threaded workers
2026-07-01 23:28:17,494 - Zovix - INFO - Load balancer initialized with 4 workers
2026-07-01 23:28:17,502 - Zovix - INFO - Database initialized successfully
2026-07-01 23:28:20,878 - Zovix - WARNING - redis not installed. Using in-memory cache.
2026-07-01 23:28:20,880 - Zovix - WARNING - celery not installed. Using threaded queue.
2026-07-01 23:28:20,883 - Zovix - WARNING - stripe not installed.
2026-07-01 23:28:20,886 - Zovix - WARNING - paypalrestsdk not installed.
2026-07-01 23:28:20,888 - Zovix - WARNING - pyotp or qrcode not installed. 2FA disabled.
2026-07-01 23:28:20,890 - Zovix - INFO - Started 4 threaded workers
2026-07-01 23:28:20,891 - Zovix - INFO - Load balancer initialized with 4 workers
2026-07-01 23:28:20,906 - Zovix - INFO - Database initialized successfully
2026-07-01 23:28:28,917 - Zovix - WARNING - redis not installed. Using in-memory cache.
2026-07-01 23:28:28,919 - Zovix - WARNING - celery not installed. Using threaded queue.
2026-07-01 23:28:28,920 - Zovix - WARNING - stripe not installed.
2026-07-01 23:28:28,921 - Zovix - WARNING - paypalrestsdk not installed.
2026-07-01 23:28:28,924 - Zovix - WARNING - pyotp or qrcode not installed. 2FA disabled.
2026-07-01 23:28:28,927 - Zovix - INFO - Started 4 threaded workers
2026-07-01 23:28:28,928 - Zovix - INFO - Load balancer initialized with 4 workers
2026-07-01 23:28:28,936 - Zovix - INFO - Database initialized successfully
2026-07-01 23:28:30,397 - Zovix - WARNING - redis not installed. Using in-memory cache.
2026-07-01 23:28:30,398 - Zovix - WARNING - celery not installed. Using threaded queue.
2026-07-01 23:28:30,398 - Zovix - WARNING - stripe not installed.
2026-07-01 23:28:30,399 - Zovix - WARNING - paypalrestsdk not installed.
2026-07-01 23:28:30,400 - Zovix - WARNING - pyotp or qrcode not installed. 2FA disabled.
2026-07-01 23:28:30,402 - Zovix - INFO - Started 4 threaded workers
2026-07-01 23:28:30,402 - Zovix - INFO - Load balancer initialized with 4 workers
2026-07-01 23:28:30,412 - Zovix - INFO - Database initialized successfully
2026-07-01 23:28:30,604 - Zovix - WARNING - redis not installed. Using in-memory cache.
2026-07-01 23:28:30,607 - Zovix - WARNING - celery not installed. Using threaded queue.
2026-07-01 23:28:30,609 - Zovix - WARNING - stripe not installed.
2026-07-01 23:28:30,611 - Zovix - WARNING - paypalrestsdk not installed.
2026-07-01 23:28:30,618 - Zovix - WARNING - pyotp or qrcode not installed. 2FA disabled.
2026-07-01 23:28:30,621 - Zovix - INFO - Started 4 threaded workers
2026-07-01 23:28:30,622 - Zovix - INFO - Load balancer initialized with 4 workers
2026-07-01 23:28:30,633 - Zovix - INFO - Database initialized successfully
2026-07-01 23:28:39,280 - Zovix - WARNING - redis not installed. Using in-memory cache.
2026-07-01 23:28:39,282 - Zovix - WARNING - celery not installed. Using threaded queue.
2026-07-01 23:28:39,283 - Zovix - WARNING - stripe not installed.
2026-07-01 23:28:39,284 - Zovix - WARNING - paypalrestsdk not installed.
2026-07-01 23:28:39,285 - Zovix - WARNING - pyotp or qrcode not installed. 2FA disabled.
2026-07-01 23:28:39,288 - Zovix - INFO - Started 4 threaded workers
2026-07-01 23:28:39,289 - Zovix - INFO - Load balancer initialized with 4 workers
2026-07-01 23:28:39,296 - Zovix - INFO - Database initialized successfully
2026-07-01 23:28:39,539 - Zovix - WARNING - redis not installed. Using in-memory cache.
2026-07-01 23:28:39,540 - Zovix - WARNING - celery not installed. Using threaded queue.
2026-07-01 23:28:39,541 - Zovix - WARNING - stripe not installed.
2026-07-01 23:28:39,543 - Zovix - WARNING - paypalrestsdk not installed.
2026-07-01 23:28:39,544 - Zovix - WARNING - pyotp or qrcode not installed. 2FA disabled.
2026-07-01 23:28:39,548 - Zovix - INFO - Started 4 threaded workers
2026-07-01 23:28:39,548 - Zovix - INFO - Load balancer initialized with 4 workers
2026-07-01 23:28:39,558 - Zovix - INFO - Database initialized successfully
2026-07-01 23:32:54,719 - Zovix - WARNING - redis not installed. Using in-memory cache.
2026-07-01 23:32:54,721 - Zovix - WARNING - celery not installed. Using threaded queue.
2026-07-01 23:32:54,724 - Zovix - WARNING - stripe not installed.
2026-07-01 23:32:54,725 - Zovix - WARNING - paypalrestsdk not installed.
2026-07-01 23:32:54,731 - Zovix - WARNING - pyotp or qrcode not installed. 2FA disabled.
2026-07-01 23:32:54,734 - Zovix - INFO - Started 4 threaded workers
2026-07-01 23:32:54,735 - Zovix - INFO - Load balancer initialized with 4 workers
2026-07-01 23:32:54,761 - Zovix - INFO - Database initialized successfully
2026-07-01 23:32:56,835 - Zovix - WARNING - redis not installed. Using in-memory cache.
2026-07-01 23:32:56,838 - Zovix - WARNING - celery not installed. Using threaded queue.
2026-07-01 23:32:56,839 - Zovix - WARNING - stripe not installed.
2026-07-01 23:32:56,840 - Zovix - WARNING - paypalrestsdk not installed.
2026-07-01 23:32:56,841 - Zovix - WARNING - pyotp or qrcode not installed. 2FA disabled.
2026-07-01 23:32:56,856 - Zovix - INFO - Started 4 threaded workers
2026-07-01 23:32:56,857 - Zovix - INFO - Load balancer initialized with 4 workers
2026-07-01 23:32:56,867 - Zovix - INFO - Database initialized successfully
2026-07-01 23:32:59,968 - Zovix - WARNING - redis not installed. Using in-memory cache.
2026-07-01 23:32:59,970 - Zovix - WARNING - celery not installed. Using threaded queue.
2026-07-01 23:32:59,972 - Zovix - WARNING - stripe not installed.
2026-07-01 23:32:59,974 - Zovix - WARNING - paypalrestsdk not installed.
2026-07-01 23:32:59,979 - Zovix - WARNING - pyotp or qrcode not installed. 2FA disabled.
2026-07-01 23:32:59,985 - Zovix - INFO - Started 4 threaded workers
2026-07-01 23:32:59,986 - Zovix - INFO - Load balancer initialized with 4 workers
2026-07-01 23:33:00,003 - Zovix - INFO - Database initialized successfully
2026-07-01 23:33:08,518 - Zovix - WARNING - redis not installed. Using in-memory cache.
2026-07-01 23:33:08,518 - Zovix - WARNING - celery not installed. Using threaded queue.
2026-07-01 23:33:08,519 - Zovix - WARNING - stripe not installed.
2026-07-01 23:33:08,520 - Zovix - WARNING - paypalrestsdk not installed.
2026-07-01 23:33:08,521 - Zovix - WARNING - pyotp or qrcode not installed. 2FA disabled.
2026-07-01 23:33:08,523 - Zovix - INFO - Started 4 threaded workers
2026-07-01 23:33:08,523 - Zovix - INFO - Load balancer initialized with 4 workers
2026-07-01 23:33:08,532 - Zovix - INFO - Database initialized successfully
2026-07-01 23:33:08,740 - Zovix - WARNING - redis not installed. Using in-memory cache.
2026-07-01 23:33:08,742 - Zovix - WARNING - celery not installed. Using threaded queue.
2026-07-01 23:33:08,743 - Zovix - WARNING - stripe not installed.
2026-07-01 23:33:08,744 - Zovix - WARNING - paypalrestsdk not installed.
2026-07-01 23:33:08,746 - Zovix - WARNING - pyotp or qrcode not installed. 2FA disabled.
2026-07-01 23:33:08,752 - Zovix - INFO - Started 4 threaded workers
2026-07-01 23:33:08,752 - Zovix - INFO - Load balancer initialized with 4 workers
2026-07-01 23:33:08,760 - Zovix - INFO - Database initialized successfully
2026-07-01 23:33:10,174 - Zovix - WARNING - redis not installed. Using in-memory cache.
2026-07-01 23:33:10,175 - Zovix - WARNING - celery not installed. Using threaded queue.
2026-07-01 23:33:10,175 - Zovix - WARNING - stripe not installed.
2026-07-01 23:33:10,176 - Zovix - WARNING - paypalrestsdk not installed.
2026-07-01 23:33:10,177 - Zovix - WARNING - pyotp or qrcode not installed. 2FA disabled.
2026-07-01 23:33:10,179 - Zovix - INFO - Started 4 threaded workers
2026-07-01 23:33:10,180 - Zovix - INFO - Load balancer initialized with 4 workers
2026-07-01 23:33:10,186 - Zovix - INFO - Database initialized successfully
2026-07-01 23:33:10,387 - Zovix - WARNING - redis not installed. Using in-memory cache.
2026-07-01 23:33:10,390 - Zovix - WARNING - celery not installed. Using threaded queue.
2026-07-01 23:33:10,392 - Zovix - WARNING - stripe not installed.
2026-07-01 23:33:10,394 - Zovix - WARNING - paypalrestsdk not installed.
2026-07-01 23:33:10,399 - Zovix - WARNING - pyotp or qrcode not installed. 2FA disabled.
2026-07-01 23:33:10,403 - Zovix - INFO - Started 4 threaded workers
2026-07-01 23:33:10,404 - Zovix - INFO - Load balancer initialized with 4 workers
2026-07-01 23:33:10,416 - Zovix - INFO - Database initialized successfully
2026-07-01 23:33:14,614 - Zovix - WARNING - redis not installed. Using in-memory cache.
2026-07-01 23:33:14,615 - Zovix - WARNING - celery not installed. Using threaded queue.
2026-07-01 23:33:14,616 - Zovix - WARNING - stripe not installed.
2026-07-01 23:33:14,617 - Zovix - WARNING - paypalrestsdk not installed.
2026-07-01 23:33:14,618 - Zovix - WARNING - pyotp or qrcode not installed. 2FA disabled.
2026-07-01 23:33:14,620 - Zovix - INFO - Started 4 threaded workers
2026-07-01 23:33:14,620 - Zovix - INFO - Load balancer initialized with 4 workers
2026-07-01 23:33:14,628 - Zovix - INFO - Database initialized successfully
2026-07-01 23:33:14,821 - Zovix - WARNING - redis not installed. Using in-memory cache.
2026-07-01 23:33:14,822 - Zovix - WARNING - celery not installed. Using threaded queue.
2026-07-01 23:33:14,823 - Zovix - WARNING - stripe not installed.
2026-07-01 23:33:14,825 - Zovix - WARNING - paypalrestsdk not installed.
2026-07-01 23:33:14,828 - Zovix - WARNING - pyotp or qrcode not installed. 2FA disabled.
2026-07-01 23:33:14,836 - Zovix - INFO - Started 4 threaded workers
2026-07-01 23:33:14,837 - Zovix - INFO - Load balancer initialized with 4 workers
2026-07-01 23:33:14,849 - Zovix - INFO - Database initialized successfully
2026-07-01 23:33:19,030 - Zovix - WARNING - redis not installed. Using in-memory cache.
2026-07-01 23:33:19,031 - Zovix - WARNING - celery not installed. Using threaded queue.
2026-07-01 23:33:19,032 - Zovix - WARNING - stripe not installed.
2026-07-01 23:33:19,033 - Zovix - WARNING - paypalrestsdk not installed.
2026-07-01 23:33:19,035 - Zovix - WARNING - pyotp or qrcode not installed. 2FA disabled.
2026-07-01 23:33:19,038 - Zovix - INFO - Started 4 threaded workers
2026-07-01 23:33:19,038 - Zovix - INFO - Load balancer initialized with 4 workers
2026-07-01 23:33:19,048 - Zovix - INFO - Database initialized successfully
2026-07-01 23:33:19,213 - Zovix - WARNING - redis not installed. Using in-memory cache.
2026-07-01 23:33:19,214 - Zovix - WARNING - celery not installed. Using threaded queue.
2026-07-01 23:33:19,214 - Zovix - WARNING - stripe not installed.
2026-07-01 23:33:19,214 - Zovix - WARNING - paypalrestsdk not installed.
2026-07-01 23:33:19,216 - Zovix - WARNING - pyotp or qrcode not installed. 2FA disabled.
2026-07-01 23:33:19,218 - Zovix - INFO - Started 4 threaded workers
2026-07-01 23:33:19,218 - Zovix - INFO - Load balancer initialized with 4 workers
2026-07-01 23:33:19,238 - Zovix - INFO - Database initialized successfully
2026-07-01 23:33:22,337 - Zovix - WARNING - redis not installed. Using in-memory cache.
2026-07-01 23:33:22,338 - Zovix - WARNING - celery not installed. Using threaded queue.
2026-07-01 23:33:22,338 - Zovix - WARNING - stripe not installed.
2026-07-01 23:33:22,340 - Zovix - WARNING - paypalrestsdk not installed.
2026-07-01 23:33:22,340 - Zovix - WARNING - pyotp or qrcode not installed. 2FA disabled.
2026-07-01 23:33:22,343 - Zovix - INFO - Started 4 threaded workers
2026-07-01 23:33:22,343 - Zovix - INFO - Load balancer initialized with 4 workers
2026-07-01 23:33:22,350 - Zovix - INFO - Database initialized successfully
2026-07-01 23:33:22,705 - Zovix - WARNING - redis not installed. Using in-memory cache.
2026-07-01 23:33:22,706 - Zovix - WARNING - celery not installed. Using threaded queue.
2026-07-01 23:33:22,707 - Zovix - WARNING - stripe not installed.
2026-07-01 23:33:22,707 - Zovix - WARNING - paypalrestsdk not installed.
2026-07-01 23:33:22,708 - Zovix - WARNING - pyotp or qrcode not installed. 2FA disabled.
2026-07-01 23:33:22,710 - Zovix - INFO - Started 4 threaded workers
2026-07-01 23:33:22,711 - Zovix - INFO - Load balancer initialized with 4 workers
2026-07-01 23:33:22,719 - Zovix - INFO - Database initialized successfully
2026-07-01 23:36:45,096 - Zovix - WARNING - redis not installed. Using in-memory cache.
2026-07-01 23:36:45,097 - Zovix - WARNING - celery not installed. Using threaded queue.
2026-07-01 23:36:45,098 - Zovix - WARNING - stripe not installed.
2026-07-01 23:36:45,099 - Zovix - WARNING - paypalrestsdk not installed.
2026-07-01 23:36:45,100 - Zovix - WARNING - pyotp or qrcode not installed. 2FA disabled.
2026-07-01 23:36:45,102 - Zovix - INFO - Started 4 threaded workers
2026-07-01 23:36:45,102 - Zovix - INFO - Load balancer initialized with 4 workers
2026-07-01 23:36:45,111 - Zovix - INFO - Database initialized successfully
2026-07-01 23:36:46,539 - Zovix - WARNING - redis not installed. Using in-memory cache.
2026-07-01 23:36:46,539 - Zovix - WARNING - celery not installed. Using threaded queue.
2026-07-01 23:36:46,540 - Zovix - WARNING - stripe not installed.
2026-07-01 23:36:46,541 - Zovix - WARNING - paypalrestsdk not installed.
2026-07-01 23:36:46,543 - Zovix - WARNING - pyotp or qrcode not installed. 2FA disabled.
2026-07-01 23:36:46,545 - Zovix - INFO - Started 4 threaded workers
2026-07-01 23:36:46,547 - Zovix - INFO - Load balancer initialized with 4 workers
2026-07-01 23:36:46,554 - Zovix - INFO - Database initialized successfully
2026-07-01 23:36:46,789 - Zovix - WARNING - redis not installed. Using in-memory cache.
2026-07-01 23:36:46,791 - Zovix - WARNING - celery not installed. Using threaded queue.
2026-07-01 23:36:46,793 - Zovix - WARNING - stripe not installed.
2026-07-01 23:36:46,795 - Zovix - WARNING - paypalrestsdk not installed.
2026-07-01 23:36:46,802 - Zovix - WARNING - pyotp or qrcode not installed. 2FA disabled.
2026-07-01 23:36:46,805 - Zovix - INFO - Started 4 threaded workers
2026-07-01 23:36:46,806 - Zovix - INFO - Load balancer initialized with 4 workers
2026-07-01 23:36:46,814 - Zovix - INFO - Database initialized successfully
2026-07-01 23:36:51,372 - Zovix - WARNING - redis not installed. Using in-memory cache.
2026-07-01 23:36:51,373 - Zovix - WARNING - celery not installed. Using threaded queue.
2026-07-01 23:36:51,374 - Zovix - WARNING - stripe not installed.
2026-07-01 23:36:51,375 - Zovix - WARNING - paypalrestsdk not installed.
2026-07-01 23:36:51,376 - Zovix - WARNING - pyotp or qrcode not installed. 2FA disabled.
2026-07-01 23:36:51,378 - Zovix - INFO - Started 4 threaded workers
2026-07-01 23:36:51,378 - Zovix - INFO - Load balancer initialized with 4 workers
2026-07-01 23:36:51,388 - Zovix - INFO - Database initialized successfully
2026-07-01 23:36:51,596 - Zovix - WARNING - redis not installed. Using in-memory cache.
2026-07-01 23:36:51,599 - Zovix - WARNING - celery not installed. Using threaded queue.
2026-07-01 23:36:51,601 - Zovix - WARNING - stripe not installed.
2026-07-01 23:36:51,602 - Zovix - WARNING - paypalrestsdk not installed.
2026-07-01 23:36:51,606 - Zovix - WARNING - pyotp or qrcode not installed. 2FA disabled.
2026-07-01 23:36:51,608 - Zovix - INFO - Started 4 threaded workers
2026-07-01 23:36:51,609 - Zovix - INFO - Load balancer initialized with 4 workers
2026-07-01 23:36:51,619 - Zovix - INFO - Database initialized successfully
2026-07-01 23:40:21,184 - Zovix - WARNING - redis not installed. Using in-memory cache.
2026-07-01 23:40:21,186 - Zovix - WARNING - celery not installed. Using threaded queue.
2026-07-01 23:40:21,188 - Zovix - WARNING - stripe not installed.
2026-07-01 23:40:21,189 - Zovix - WARNING - paypalrestsdk not installed.
2026-07-01 23:40:21,195 - Zovix - WARNING - pyotp or qrcode not installed. 2FA disabled.
2026-07-01 23:40:21,198 - Zovix - INFO - Started 4 threaded workers
2026-07-01 23:40:21,199 - Zovix - INFO - Load balancer initialized with 4 workers
2026-07-01 23:40:21,220 - Zovix - INFO - Database initialized successfully
2026-07-01 23:40:23,073 - Zovix - WARNING - redis not installed. Using in-memory cache.
2026-07-01 23:40:23,075 - Zovix - WARNING - celery not installed. Using threaded queue.
2026-07-01 23:40:23,076 - Zovix - WARNING - stripe not installed.
2026-07-01 23:40:23,077 - Zovix - WARNING - paypalrestsdk not installed.
2026-07-01 23:40:23,079 - Zovix - WARNING - pyotp or qrcode not installed. 2FA disabled.
2026-07-01 23:40:23,083 - Zovix - INFO - Started 4 threaded workers
2026-07-01 23:40:23,084 - Zovix - INFO - Load balancer initialized with 4 workers
2026-07-01 23:40:23,095 - Zovix - INFO - Database initialized successfully
2026-07-01 23:40:25,428 - Zovix - WARNING - redis not installed. Using in-memory cache.
2026-07-01 23:40:25,431 - Zovix - WARNING - celery not installed. Using threaded queue.
2026-07-01 23:40:25,433 - Zovix - WARNING - stripe not installed.
2026-07-01 23:40:25,435 - Zovix - WARNING - paypalrestsdk not installed.
2026-07-01 23:40:25,439 - Zovix - WARNING - pyotp or qrcode not installed. 2FA disabled.
2026-07-01 23:40:25,441 - Zovix - INFO - Started 4 threaded workers
2026-07-01 23:40:25,442 - Zovix - INFO - Load balancer initialized with 4 workers
2026-07-01 23:40:25,457 - Zovix - INFO - Database initialized successfully
2026-07-01 23:40:27,145 - Zovix - WARNING - redis not installed. Using in-memory cache.
2026-07-01 23:40:27,147 - Zovix - WARNING - celery not installed. Using threaded queue.
2026-07-01 23:40:27,148 - Zovix - WARNING - stripe not installed.
2026-07-01 23:40:27,149 - Zovix - WARNING - paypalrestsdk not installed.
2026-07-01 23:40:27,150 - Zovix - WARNING - pyotp or qrcode not installed. 2FA disabled.
2026-07-01 23:40:27,153 - Zovix - INFO - Started 4 threaded workers
2026-07-01 23:40:27,154 - Zovix - INFO - Load balancer initialized with 4 workers
2026-07-01 23:40:27,168 - Zovix - INFO - Database initialized successfully
2026-07-01 23:40:28,345 - Zovix - WARNING - redis not installed. Using in-memory cache.
2026-07-01 23:40:28,345 - Zovix - WARNING - celery not installed. Using threaded queue.
2026-07-01 23:40:28,346 - Zovix - WARNING - stripe not installed.
2026-07-01 23:40:28,347 - Zovix - WARNING - paypalrestsdk not installed.
2026-07-01 23:40:28,348 - Zovix - WARNING - pyotp or qrcode not installed. 2FA disabled.
2026-07-01 23:40:28,350 - Zovix - INFO - Started 4 threaded workers
2026-07-01 23:40:28,350 - Zovix - INFO - Load balancer initialized with 4 workers
2026-07-01 23:40:28,362 - Zovix - INFO - Database initialized successfully
2026-07-01 23:40:28,595 - Zovix - WARNING - redis not installed. Using in-memory cache.
2026-07-01 23:40:28,597 - Zovix - WARNING - celery not installed. Using threaded queue.
2026-07-01 23:40:28,599 - Zovix - WARNING - stripe not installed.
2026-07-01 23:40:28,600 - Zovix - WARNING - paypalrestsdk not installed.
2026-07-01 23:40:28,608 - Zovix - WARNING - pyotp or qrcode not installed. 2FA disabled.
2026-07-01 23:40:28,610 - Zovix - INFO - Started 4 threaded workers
2026-07-01 23:40:28,611 - Zovix - INFO - Load balancer initialized with 4 workers
2026-07-01 23:40:28,619 - Zovix - INFO - Database initialized successfully
2026-07-01 23:40:30,423 - Zovix - WARNING - redis not installed. Using in-memory cache.
2026-07-01 23:40:30,425 - Zovix - WARNING - celery not installed. Using threaded queue.
2026-07-01 23:40:30,426 - Zovix - WARNING - stripe not installed.
2026-07-01 23:40:30,427 - Zovix - WARNING - paypalrestsdk not installed.
2026-07-01 23:40:30,429 - Zovix - WARNING - pyotp or qrcode not installed. 2FA disabled.
2026-07-01 23:40:30,430 - Zovix - INFO - Started 4 threaded workers
2026-07-01 23:40:30,430 - Zovix - INFO - Load balancer initialized with 4 workers
2026-07-01 23:40:30,437 - Zovix - INFO - Database initialized successfully
2026-07-01 23:40:30,686 - Zovix - WARNING - redis not installed. Using in-memory cache.
2026-07-01 23:40:30,687 - Zovix - WARNING - celery not installed. Using threaded queue.
2026-07-01 23:40:30,688 - Zovix - WARNING - stripe not installed.
2026-07-01 23:40:30,689 - Zovix - WARNING - paypalrestsdk not installed.
2026-07-01 23:40:30,690 - Zovix - WARNING - pyotp or qrcode not installed. 2FA disabled.
2026-07-01 23:40:30,693 - Zovix - INFO - Started 4 threaded workers
2026-07-01 23:40:30,694 - Zovix - INFO - Load balancer initialized with 4 workers
2026-07-01 23:40:30,703 - Zovix - INFO - Database initialized successfully
2026-07-02 12:54:15,095 - Zovix - WARNING - redis not installed. Using in-memory cache.
2026-07-02 12:54:15,096 - Zovix - WARNING - celery not installed. Using threaded queue.
2026-07-02 12:54:15,097 - Zovix - WARNING - stripe not installed.
2026-07-02 12:54:15,098 - Zovix - WARNING - paypalrestsdk not installed.
2026-07-02 12:54:15,117 - Zovix - WARNING - pyotp or qrcode not installed. 2FA disabled.
2026-07-02 12:54:15,120 - Zovix - INFO - Started 4 threaded workers
2026-07-02 12:54:15,121 - Zovix - INFO - Load balancer initialized with 4 workers
2026-07-02 12:54:15,901 - Zovix - INFO - Database initialized successfully
2026-07-02 12:54:21,140 - Zovix - WARNING - redis not installed. Using in-memory cache.
2026-07-02 12:54:21,141 - Zovix - WARNING - celery not installed. Using threaded queue.
2026-07-02 12:54:21,143 - Zovix - WARNING - stripe not installed.
2026-07-02 12:54:21,145 - Zovix - WARNING - paypalrestsdk not installed.
2026-07-02 12:54:21,146 - Zovix - WARNING - pyotp or qrcode not installed. 2FA disabled.
2026-07-02 12:54:21,150 - Zovix - INFO - Started 4 threaded workers
2026-07-02 12:54:21,150 - Zovix - INFO - Load balancer initialized with 4 workers
2026-07-02 12:54:21,157 - Zovix - INFO - Database initialized successfully
2026-07-02 12:54:23,907 - Zovix - WARNING - redis not installed. Using in-memory cache.
2026-07-02 12:54:23,909 - Zovix - WARNING - celery not installed. Using threaded queue.
2026-07-02 12:54:23,911 - Zovix - WARNING - stripe not installed.
2026-07-02 12:54:23,912 - Zovix - WARNING - paypalrestsdk not installed.
2026-07-02 12:54:23,913 - Zovix - WARNING - pyotp or qrcode not installed. 2FA disabled.
2026-07-02 12:54:23,917 - Zovix - INFO - Started 4 threaded workers
2026-07-02 12:54:23,918 - Zovix - INFO - Load balancer initialized with 4 workers
2026-07-02 12:54:23,929 - Zovix - INFO - Database initialized successfully
2026-07-02 12:56:05,288 - Zovix - WARNING - redis not installed. Using in-memory cache.
2026-07-02 12:56:05,289 - Zovix - WARNING - celery not installed. Using threaded queue.
2026-07-02 12:56:05,290 - Zovix - WARNING - stripe not installed.
2026-07-02 12:56:05,291 - Zovix - WARNING - paypalrestsdk not installed.
2026-07-02 12:56:05,292 - Zovix - WARNING - pyotp or qrcode not installed. 2FA disabled.
2026-07-02 12:56:05,296 - Zovix - INFO - Started 4 threaded workers
2026-07-02 12:56:05,298 - Zovix - INFO - Load balancer initialized with 4 workers
2026-07-02 12:56:05,307 - Zovix - INFO - Database initialized successfully
2026-07-02 12:56:06,962 - Zovix - WARNING - redis not installed. Using in-memory cache.
2026-07-02 12:56:06,963 - Zovix - WARNING - celery not installed. Using threaded queue.
2026-07-02 12:56:06,964 - Zovix - WARNING - stripe not installed.
2026-07-02 12:56:06,965 - Zovix - WARNING - paypalrestsdk not installed.
2026-07-02 12:56:06,965 - Zovix - WARNING - pyotp or qrcode not installed. 2FA disabled.
2026-07-02 12:56:06,966 - Zovix - INFO - Started 4 threaded workers
2026-07-02 12:56:06,966 - Zovix - INFO - Load balancer initialized with 4 workers
2026-07-02 12:56:06,972 - Zovix - INFO - Database initialized successfully
2026-07-02 12:56:07,180 - Zovix - WARNING - redis not installed. Using in-memory cache.
2026-07-02 12:56:07,182 - Zovix - WARNING - celery not installed. Using threaded queue.
2026-07-02 12:56:07,185 - Zovix - WARNING - stripe not installed.
2026-07-02 12:56:07,194 - Zovix - WARNING - paypalrestsdk not installed.
2026-07-02 12:56:07,209 - Zovix - WARNING - pyotp or qrcode not installed. 2FA disabled.
2026-07-02 12:56:07,229 - Zovix - INFO - Started 4 threaded workers
2026-07-02 12:56:07,236 - Zovix - INFO - Load balancer initialized with 4 workers
2026-07-02 12:56:07,250 - Zovix - INFO - Database initialized successfully
2026-07-02 12:56:57,619 - Zovix - WARNING - redis not installed. Using in-memory cache.
2026-07-02 12:56:57,621 - Zovix - WARNING - celery not installed. Using threaded queue.
2026-07-02 12:56:57,622 - Zovix - WARNING - stripe not installed.
2026-07-02 12:56:57,623 - Zovix - WARNING - paypalrestsdk not installed.
2026-07-02 12:56:57,624 - Zovix - WARNING - pyotp or qrcode not installed. 2FA disabled.
2026-07-02 12:56:57,629 - Zovix - INFO - Started 4 threaded workers
2026-07-02 12:56:57,630 - Zovix - INFO - Load balancer initialized with 4 workers
2026-07-02 12:56:57,641 - Zovix - INFO - Database initialized successfully
2026-07-02 13:10:03,991 - Zovix - WARNING - redis not installed. Using in-memory cache.
2026-07-02 13:10:03,992 - Zovix - WARNING - celery not installed. Using threaded queue.
2026-07-02 13:10:03,994 - Zovix - WARNING - stripe not installed.
2026-07-02 13:10:03,995 - Zovix - WARNING - paypalrestsdk not installed.
2026-07-02 13:10:03,996 - Zovix - WARNING - pyotp or qrcode not installed. 2FA disabled.
2026-07-02 13:10:03,999 - Zovix - INFO - Started 4 threaded workers
2026-07-02 13:10:04,000 - Zovix - INFO - Load balancer initialized with 4 workers
2026-07-02 13:10:04,012 - Zovix - INFO - Database initialized successfully
2026-07-02 13:10:07,374 - Zovix - WARNING - redis not installed. Using in-memory cache.
2026-07-02 13:10:07,376 - Zovix - WARNING - celery not installed. Using threaded queue.
2026-07-02 13:10:07,377 - Zovix - WARNING - stripe not installed.
2026-07-02 13:10:07,378 - Zovix - WARNING - paypalrestsdk not installed.
2026-07-02 13:10:07,379 - Zovix - WARNING - pyotp or qrcode not installed. 2FA disabled.
2026-07-02 13:10:07,382 - Zovix - INFO - Started 4 threaded workers
2026-07-02 13:10:07,383 - Zovix - INFO - Load balancer initialized with 4 workers
2026-07-02 13:10:07,389 - Zovix - INFO - Database initialized successfully
2026-07-02 13:10:07,548 - Zovix - WARNING - redis not installed. Using in-memory cache.
2026-07-02 13:10:07,551 - Zovix - WARNING - celery not installed. Using threaded queue.
2026-07-02 13:10:07,552 - Zovix - WARNING - stripe not installed.
2026-07-02 13:10:07,553 - Zovix - WARNING - paypalrestsdk not installed.
2026-07-02 13:10:07,554 - Zovix - WARNING - pyotp or qrcode not installed. 2FA disabled.
2026-07-02 13:10:07,558 - Zovix - INFO - Started 4 threaded workers
2026-07-02 13:10:07,559 - Zovix - INFO - Load balancer initialized with 4 workers
2026-07-02 13:10:07,566 - Zovix - INFO - Database initialized successfully
2026-07-02 13:11:15,957 - Zovix - WARNING - redis not installed. Using in-memory cache.
2026-07-02 13:11:15,958 - Zovix - WARNING - celery not installed. Using threaded queue.
2026-07-02 13:11:15,959 - Zovix - WARNING - stripe not installed.
2026-07-02 13:11:15,960 - Zovix - WARNING - paypalrestsdk not installed.
2026-07-02 13:11:15,961 - Zovix - WARNING - pyotp or qrcode not installed. 2FA disabled.
2026-07-02 13:11:15,963 - Zovix - INFO - Started 4 threaded workers
2026-07-02 13:11:15,965 - Zovix - INFO - Load balancer initialized with 4 workers
2026-07-02 13:11:15,971 - Zovix - INFO - Database initialized successfully
2026-07-02 13:11:16,157 - Zovix - WARNING - redis not installed. Using in-memory cache.
2026-07-02 13:11:16,158 - Zovix - WARNING - celery not installed. Using threaded queue.
2026-07-02 13:11:16,159 - Zovix - WARNING - stripe not installed.
2026-07-02 13:11:16,159 - Zovix - WARNING - paypalrestsdk not installed.
2026-07-02 13:11:16,160 - Zovix - WARNING - pyotp or qrcode not installed. 2FA disabled.
2026-07-02 13:11:16,163 - Zovix - INFO - Started 4 threaded workers
2026-07-02 13:11:16,163 - Zovix - INFO - Load balancer initialized with 4 workers
2026-07-02 13:11:16,165 - Zovix - INFO - Database initialized successfully
2026-07-02 13:11:18,931 - Zovix - WARNING - redis not installed. Using in-memory cache.
2026-07-02 13:11:18,932 - Zovix - WARNING - celery not installed. Using threaded queue.
2026-07-02 13:11:18,933 - Zovix - WARNING - stripe not installed.
2026-07-02 13:11:18,934 - Zovix - WARNING - paypalrestsdk not installed.
2026-07-02 13:11:18,935 - Zovix - WARNING - pyotp or qrcode not installed. 2FA disabled.
2026-07-02 13:11:18,937 - Zovix - INFO - Started 4 threaded workers
2026-07-02 13:11:18,937 - Zovix - INFO - Load balancer initialized with 4 workers
2026-07-02 13:11:18,944 - Zovix - INFO - Database initialized successfully
2026-07-02 13:11:19,136 - Zovix - WARNING - redis not installed. Using in-memory cache.
2026-07-02 13:11:19,139 - Zovix - WARNING - celery not installed. Using threaded queue.
2026-07-02 13:11:19,141 - Zovix - WARNING - stripe not installed.
2026-07-02 13:11:19,143 - Zovix - WARNING - paypalrestsdk not installed.
2026-07-02 13:11:19,145 - Zovix - WARNING - pyotp or qrcode not installed. 2FA disabled.
2026-07-02 13:11:19,147 - Zovix - INFO - Started 4 threaded workers
2026-07-02 13:11:19,148 - Zovix - INFO - Load balancer initialized with 4 workers
2026-07-02 13:11:19,153 - Zovix - INFO - Database initialized successfully
2026-07-02 13:11:20,520 - Zovix - WARNING - redis not installed. Using in-memory cache.
2026-07-02 13:11:20,521 - Zovix - WARNING - celery not installed. Using threaded queue.
2026-07-02 13:11:20,521 - Zovix - WARNING - stripe not installed.
2026-07-02 13:11:20,522 - Zovix - WARNING - paypalrestsdk not installed.
2026-07-02 13:11:20,523 - Zovix - WARNING - pyotp or qrcode not installed. 2FA disabled.
2026-07-02 13:11:20,525 - Zovix - INFO - Started 4 threaded workers
2026-07-02 13:11:20,526 - Zovix - INFO - Load balancer initialized with 4 workers
2026-07-02 13:11:20,533 - Zovix - INFO - Database initialized successfully
2026-07-02 13:11:20,669 - Zovix - WARNING - redis not installed. Using in-memory cache.
2026-07-02 13:11:20,670 - Zovix - WARNING - celery not installed. Using threaded queue.
2026-07-02 13:11:20,671 - Zovix - WARNING - stripe not installed.
2026-07-02 13:11:20,671 - Zovix - WARNING - paypalrestsdk not installed.
2026-07-02 13:11:20,672 - Zovix - WARNING - pyotp or qrcode not installed. 2FA disabled.
2026-07-02 13:11:20,674 - Zovix - INFO - Started 4 threaded workers
2026-07-02 13:11:20,677 - Zovix - INFO - Load balancer initialized with 4 workers
2026-07-02 13:11:20,681 - Zovix - INFO - Database initialized successfully
2026-07-02 13:11:21,379 - Zovix - WARNING - redis not installed. Using in-memory cache.
2026-07-02 13:11:21,380 - Zovix - WARNING - celery not installed. Using threaded queue.
2026-07-02 13:11:21,382 - Zovix - WARNING - stripe not installed.
2026-07-02 13:11:21,383 - Zovix - WARNING - paypalrestsdk not installed.
2026-07-02 13:11:21,384 - Zovix - WARNING - pyotp or qrcode not installed. 2FA disabled.
2026-07-02 13:11:21,386 - Zovix - INFO - Started 4 threaded workers
2026-07-02 13:11:21,386 - Zovix - INFO - Load balancer initialized with 4 workers
2026-07-02 13:11:21,392 - Zovix - INFO - Database initialized successfully
2026-07-02 13:11:21,591 - Zovix - WARNING - redis not installed. Using in-memory cache.
2026-07-02 13:11:21,593 - Zovix - WARNING - celery not installed. Using threaded queue.
2026-07-02 13:11:21,595 - Zovix - WARNING - stripe not installed.
2026-07-02 13:11:21,596 - Zovix - WARNING - paypalrestsdk not installed.
2026-07-02 13:11:21,599 - Zovix - WARNING - pyotp or qrcode not installed. 2FA disabled.
2026-07-02 13:11:21,602 - Zovix - INFO - Started 4 threaded workers
2026-07-02 13:11:21,602 - Zovix - INFO - Load balancer initialized with 4 workers
2026-07-02 13:11:21,611 - Zovix - INFO - Database initialized successfully
2026-07-02 13:12:34,335 - Zovix - WARNING - redis not installed. Using in-memory cache.
2026-07-02 13:12:34,337 - Zovix - WARNING - celery not installed. Using threaded queue.
2026-07-02 13:12:34,338 - Zovix - WARNING - stripe not installed.
2026-07-02 13:12:34,339 - Zovix - WARNING - paypalrestsdk not installed.
2026-07-02 13:12:34,340 - Zovix - WARNING - pyotp or qrcode not installed. 2FA disabled.
2026-07-02 13:12:34,342 - Zovix - INFO - Started 4 threaded workers
2026-07-02 13:12:34,342 - Zovix - INFO - Load balancer initialized with 4 workers
2026-07-02 13:12:34,351 - Zovix - INFO - Database initialized successfully
2026-07-02 13:13:11,666 - Zovix - WARNING - redis not installed. Using in-memory cache.
2026-07-02 13:13:11,667 - Zovix - WARNING - celery not installed. Using threaded queue.
2026-07-02 13:13:11,667 - Zovix - WARNING - stripe not installed.
2026-07-02 13:13:11,667 - Zovix - WARNING - paypalrestsdk not installed.
2026-07-02 13:13:11,667 - Zovix - WARNING - pyotp or qrcode not installed. 2FA disabled.
2026-07-02 13:13:11,668 - Zovix - INFO - Started 4 threaded workers
2026-07-02 13:13:11,668 - Zovix - INFO - Load balancer initialized with 4 workers
2026-07-02 13:13:11,670 - Zovix - INFO - Database initialized successfully
2026-07-02 13:13:28,127 - Zovix - WARNING - redis not installed. Using in-memory cache.
2026-07-02 13:13:28,128 - Zovix - WARNING - celery not installed. Using threaded queue.
2026-07-02 13:13:28,129 - Zovix - WARNING - stripe not installed.
2026-07-02 13:13:28,130 - Zovix - WARNING - paypalrestsdk not installed.
2026-07-02 13:13:28,131 - Zovix - WARNING - pyotp or qrcode not installed. 2FA disabled.
2026-07-02 13:13:28,133 - Zovix - INFO - Started 4 threaded workers
2026-07-02 13:13:28,133 - Zovix - INFO - Load balancer initialized with 4 workers
2026-07-02 13:13:28,140 - Zovix - INFO - Database initialized successfully
2026-07-02 13:13:35,001 - Zovix - WARNING - redis not installed. Using in-memory cache.
2026-07-02 13:13:35,002 - Zovix - WARNING - celery not installed. Using threaded queue.
2026-07-02 13:13:35,003 - Zovix - WARNING - stripe not installed.
2026-07-02 13:13:35,004 - Zovix - WARNING - paypalrestsdk not installed.
2026-07-02 13:13:35,006 - Zovix - WARNING - pyotp or qrcode not installed. 2FA disabled.
2026-07-02 13:13:35,008 - Zovix - INFO - Started 4 threaded workers
2026-07-02 13:13:35,008 - Zovix - INFO - Load balancer initialized with 4 workers
2026-07-02 13:13:35,016 - Zovix - INFO - Database initialized successfully
2026-07-02 13:13:43,356 - Zovix - WARNING - redis not installed. Using in-memory cache.
2026-07-02 13:13:43,357 - Zovix - WARNING - celery not installed. Using threaded queue.
2026-07-02 13:13:43,358 - Zovix - WARNING - stripe not installed.
2026-07-02 13:13:43,360 - Zovix - WARNING - paypalrestsdk not installed.
2026-07-02 13:13:43,361 - Zovix - WARNING - pyotp or qrcode not installed. 2FA disabled.
2026-07-02 13:13:43,362 - Zovix - INFO - Started 4 threaded workers
2026-07-02 13:13:43,363 - Zovix - INFO - Load balancer initialized with 4 workers
2026-07-02 13:13:43,371 - Zovix - INFO - Database initialized successfully
2026-07-02 13:14:13,199 - Zovix - WARNING - redis not installed. Using in-memory cache.
2026-07-02 13:14:13,200 - Zovix - WARNING - celery not installed. Using threaded queue.
2026-07-02 13:14:13,201 - Zovix - WARNING - stripe not installed.
2026-07-02 13:14:13,201 - Zovix - WARNING - paypalrestsdk not installed.
2026-07-02 13:14:13,202 - Zovix - WARNING - pyotp or qrcode not installed. 2FA disabled.
2026-07-02 13:14:13,204 - Zovix - INFO - Started 4 threaded workers
2026-07-02 13:14:13,204 - Zovix - INFO - Load balancer initialized with 4 workers
2026-07-02 13:14:13,211 - Zovix - INFO - Database initialized successfully
2026-07-02 13:15:21,004 - Zovix - WARNING - redis not installed. Using in-memory cache.
2026-07-02 13:15:21,005 - Zovix - WARNING - celery not installed. Using threaded queue.
2026-07-02 13:15:21,006 - Zovix - WARNING - stripe not installed.
2026-07-02 13:15:21,007 - Zovix - WARNING - paypalrestsdk not installed.
2026-07-02 13:15:21,008 - Zovix - WARNING - pyotp or qrcode not installed. 2FA disabled.
2026-07-02 13:15:21,010 - Zovix - INFO - Started 4 threaded workers
2026-07-02 13:15:21,010 - Zovix - INFO - Load balancer initialized with 4 workers
2026-07-02 13:15:21,017 - Zovix - INFO - Database initialized successfully
2026-07-02 13:15:27,267 - Zovix - WARNING - redis not installed. Using in-memory cache.
2026-07-02 13:15:27,268 - Zovix - WARNING - celery not installed. Using threaded queue.
2026-07-02 13:15:27,269 - Zovix - WARNING - stripe not installed.
2026-07-02 13:15:27,270 - Zovix - WARNING - paypalrestsdk not installed.
2026-07-02 13:15:27,271 - Zovix - WARNING - pyotp or qrcode not installed. 2FA disabled.
2026-07-02 13:15:27,273 - Zovix - INFO - Started 4 threaded workers
2026-07-02 13:15:27,273 - Zovix - INFO - Load balancer initialized with 4 workers
2026-07-02 13:15:27,281 - Zovix - INFO - Database initialized successfully
2026-07-02 13:17:06,041 - Zovix - WARNING - redis not installed. Using in-memory cache.
2026-07-02 13:17:06,042 - Zovix - WARNING - celery not installed. Using threaded queue.
2026-07-02 13:17:06,043 - Zovix - WARNING - stripe not installed.
2026-07-02 13:17:06,044 - Zovix - WARNING - paypalrestsdk not installed.
2026-07-02 13:17:06,045 - Zovix - WARNING - pyotp or qrcode not installed. 2FA disabled.
2026-07-02 13:17:06,047 - Zovix - INFO - Started 4 threaded workers
2026-07-02 13:17:06,047 - Zovix - INFO - Load balancer initialized with 4 workers
2026-07-02 13:17:06,054 - Zovix - INFO - Database initialized successfully
2026-07-02 13:39:12,157 - Zovix - WARNING - redis not installed. Using in-memory cache.
2026-07-02 13:39:12,160 - Zovix - WARNING - celery not installed. Using threaded queue.
2026-07-02 13:39:12,162 - Zovix - WARNING - stripe not installed.
2026-07-02 13:39:12,164 - Zovix - WARNING - paypalrestsdk not installed.
2026-07-02 13:39:12,172 - Zovix - WARNING - pyotp or qrcode not installed. 2FA disabled.
2026-07-02 13:39:12,175 - Zovix - INFO - Started 4 threaded workers
2026-07-02 13:39:12,177 - Zovix - INFO - Load balancer initialized with 4 workers
2026-07-02 13:39:12,192 - Zovix - INFO - Database initialized successfully
2026-07-02 13:39:12,435 - Zovix - WARNING - redis not installed. Using in-memory cache.
2026-07-02 13:39:12,437 - Zovix - WARNING - celery not installed. Using threaded queue.
2026-07-02 13:39:12,439 - Zovix - WARNING - stripe not installed.
2026-07-02 13:39:12,441 - Zovix - WARNING - paypalrestsdk not installed.
2026-07-02 13:39:12,443 - Zovix - WARNING - pyotp or qrcode not installed. 2FA disabled.
2026-07-02 13:39:12,447 - Zovix - INFO - Started 4 threaded workers
2026-07-02 13:39:12,448 - Zovix - INFO - Load balancer initialized with 4 workers
2026-07-02 13:39:12,460 - Zovix - INFO - Database initialized successfully
2026-07-02 15:09:11,676 - Zovix - WARNING - redis not installed. Using in-memory cache.
2026-07-02 15:09:11,678 - Zovix - WARNING - celery not installed. Using threaded queue.
2026-07-02 15:09:11,680 - Zovix - WARNING - stripe not installed.
2026-07-02 15:09:11,682 - Zovix - WARNING - paypalrestsdk not installed.
2026-07-02 15:09:11,701 - Zovix - WARNING - pyotp or qrcode not installed. 2FA disabled.
2026-07-02 15:09:11,709 - Zovix - INFO - Started 4 threaded workers
2026-07-02 15:09:11,716 - Zovix - INFO - Load balancer initialized with 4 workers
2026-07-02 15:09:12,752 - Zovix - INFO - Database initialized successfully
2026-07-02 15:09:15,046 - Zovix - WARNING - redis not installed. Using in-memory cache.
2026-07-02 15:09:15,053 - Zovix - WARNING - celery not installed. Using threaded queue.
2026-07-02 15:09:15,056 - Zovix - WARNING - stripe not installed.
2026-07-02 15:09:15,060 - Zovix - WARNING - paypalrestsdk not installed.
2026-07-02 15:09:15,061 - Zovix - WARNING - pyotp or qrcode not installed. 2FA disabled.
2026-07-02 15:09:15,066 - Zovix - INFO - Started 4 threaded workers
2026-07-02 15:09:15,067 - Zovix - INFO - Load balancer initialized with 4 workers
2026-07-02 15:09:15,078 - Zovix - INFO - Database initialized successfully
2026-07-02 15:09:17,587 - Zovix - WARNING - redis not installed. Using in-memory cache.
2026-07-02 15:09:17,589 - Zovix - WARNING - celery not installed. Using threaded queue.
2026-07-02 15:09:17,590 - Zovix - WARNING - stripe not installed.
2026-07-02 15:09:17,591 - Zovix - WARNING - paypalrestsdk not installed.
2026-07-02 15:09:17,592 - Zovix - WARNING - pyotp or qrcode not installed. 2FA disabled.
2026-07-02 15:09:17,598 - Zovix - INFO - Started 4 threaded workers
2026-07-02 15:09:17,600 - Zovix - INFO - Load balancer initialized with 4 workers
2026-07-02 15:09:17,613 - Zovix - INFO - Database initialized successfully
2026-07-02 15:09:22,423 - Zovix - WARNING - redis not installed. Using in-memory cache.
2026-07-02 15:09:22,424 - Zovix - WARNING - celery not installed. Using threaded queue.
2026-07-02 15:09:22,425 - Zovix - WARNING - stripe not installed.
2026-07-02 15:09:22,426 - Zovix - WARNING - paypalrestsdk not installed.
2026-07-02 15:09:22,427 - Zovix - WARNING - pyotp or qrcode not installed. 2FA disabled.
2026-07-02 15:09:22,429 - Zovix - INFO - Started 4 threaded workers
2026-07-02 15:09:22,430 - Zovix - INFO - Load balancer initialized with 4 workers
2026-07-02 15:09:22,443 - Zovix - INFO - Database initialized successfully
2026-07-02 15:09:24,393 - Zovix - WARNING - redis not installed. Using in-memory cache.
2026-07-02 15:09:24,394 - Zovix - WARNING - celery not installed. Using threaded queue.
2026-07-02 15:09:24,395 - Zovix - WARNING - stripe not installed.
2026-07-02 15:09:24,396 - Zovix - WARNING - paypalrestsdk not installed.
2026-07-02 15:09:24,397 - Zovix - WARNING - pyotp or qrcode not installed. 2FA disabled.
2026-07-02 15:09:24,398 - Zovix - INFO - Started 4 threaded workers
2026-07-02 15:09:24,399 - Zovix - INFO - Load balancer initialized with 4 workers
2026-07-02 15:09:24,408 - Zovix - INFO - Database initialized successfully
2026-07-02 15:09:24,599 - Zovix - WARNING - redis not installed. Using in-memory cache.
2026-07-02 15:09:24,600 - Zovix - WARNING - celery not installed. Using threaded queue.
2026-07-02 15:09:24,601 - Zovix - WARNING - stripe not installed.
2026-07-02 15:09:24,602 - Zovix - WARNING - paypalrestsdk not installed.
2026-07-02 15:09:24,603 - Zovix - WARNING - pyotp or qrcode not installed. 2FA disabled.
2026-07-02 15:09:24,606 - Zovix - INFO - Started 4 threaded workers
2026-07-02 15:09:24,606 - Zovix - INFO - Load balancer initialized with 4 workers
2026-07-02 15:09:24,614 - Zovix - INFO - Database initialized successfully
2026-07-02 15:09:39,331 - Zovix - WARNING - redis not installed. Using in-memory cache.
2026-07-02 15:09:39,332 - Zovix - WARNING - celery not installed. Using threaded queue.
2026-07-02 15:09:39,333 - Zovix - WARNING - stripe not installed.
2026-07-02 15:09:39,334 - Zovix - WARNING - paypalrestsdk not installed.
2026-07-02 15:09:39,335 - Zovix - WARNING - pyotp or qrcode not installed. 2FA disabled.
2026-07-02 15:09:39,339 - Zovix - INFO - Started 4 threaded workers
2026-07-02 15:09:39,340 - Zovix - INFO - Load balancer initialized with 4 workers
2026-07-02 15:09:39,352 - Zovix - INFO - Database initialized successfully
2026-07-02 15:09:39,552 - Zovix - WARNING - redis not installed. Using in-memory cache.
2026-07-02 15:09:39,554 - Zovix - WARNING - celery not installed. Using threaded queue.
2026-07-02 15:09:39,555 - Zovix - WARNING - stripe not installed.
2026-07-02 15:09:39,557 - Zovix - WARNING - paypalrestsdk not installed.
2026-07-02 15:09:39,563 - Zovix - WARNING - pyotp or qrcode not installed. 2FA disabled.
2026-07-02 15:09:39,566 - Zovix - INFO - Started 4 threaded workers
2026-07-02 15:09:39,567 - Zovix - INFO - Load balancer initialized with 4 workers
2026-07-02 15:09:39,576 - Zovix - INFO - Database initialized successfully
2026-07-02 15:10:42,251 - Zovix - WARNING - redis not installed. Using in-memory cache.
2026-07-02 15:10:42,253 - Zovix - WARNING - celery not installed. Using threaded queue.
2026-07-02 15:10:42,255 - Zovix - WARNING - stripe not installed.
2026-07-02 15:10:42,256 - Zovix - WARNING - paypalrestsdk not installed.
2026-07-02 15:10:42,273 - Zovix - WARNING - pyotp or qrcode not installed. 2FA disabled.
2026-07-02 15:10:42,279 - Zovix - INFO - Started 4 threaded workers
2026-07-02 15:10:42,280 - Zovix - INFO - Load balancer initialized with 4 workers
2026-07-02 15:10:42,299 - Zovix - INFO - Database initialized successfully
2026-07-02 15:10:44,326 - Zovix - WARNING - redis not installed. Using in-memory cache.
2026-07-02 15:10:44,330 - Zovix - WARNING - celery not installed. Using threaded queue.
2026-07-02 15:10:44,334 - Zovix - WARNING - stripe not installed.
2026-07-02 15:10:44,351 - Zovix - WARNING - paypalrestsdk not installed.
2026-07-02 15:10:44,353 - Zovix - WARNING - pyotp or qrcode not installed. 2FA disabled.
2026-07-02 15:10:44,360 - Zovix - INFO - Started 4 threaded workers
2026-07-02 15:10:44,363 - Zovix - INFO - Load balancer initialized with 4 workers
2026-07-02 15:10:44,371 - Zovix - INFO - Database initialized successfully
2026-07-02 15:10:46,566 - Zovix - WARNING - redis not installed. Using in-memory cache.
2026-07-02 15:10:46,568 - Zovix - WARNING - celery not installed. Using threaded queue.
2026-07-02 15:10:46,570 - Zovix - WARNING - stripe not installed.
2026-07-02 15:10:46,578 - Zovix - WARNING - paypalrestsdk not installed.
2026-07-02 15:10:46,581 - Zovix - WARNING - pyotp or qrcode not installed. 2FA disabled.
2026-07-02 15:10:46,587 - Zovix - INFO - Started 4 threaded workers
2026-07-02 15:10:46,589 - Zovix - INFO - Load balancer initialized with 4 workers
2026-07-02 15:10:46,604 - Zovix - INFO - Database initialized successfully
2026-07-02 15:10:48,887 - Zovix - WARNING - redis not installed. Using in-memory cache.
2026-07-02 15:10:48,888 - Zovix - WARNING - celery not installed. Using threaded queue.
2026-07-02 15:10:48,889 - Zovix - WARNING - stripe not installed.
2026-07-02 15:10:48,890 - Zovix - WARNING - paypalrestsdk not installed.
2026-07-02 15:10:48,891 - Zovix - WARNING - pyotp or qrcode not installed. 2FA disabled.
2026-07-02 15:10:48,894 - Zovix - INFO - Started 4 threaded workers
2026-07-02 15:10:48,894 - Zovix - INFO - Load balancer initialized with 4 workers
2026-07-02 15:10:48,902 - Zovix - INFO - Database initialized successfully
2026-07-02 15:11:01,809 - Zovix - WARNING - redis not installed. Using in-memory cache.
2026-07-02 15:11:01,811 - Zovix - WARNING - celery not installed. Using threaded queue.
2026-07-02 15:11:01,812 - Zovix - WARNING - stripe not installed.
2026-07-02 15:11:01,813 - Zovix - WARNING - paypalrestsdk not installed.
2026-07-02 15:11:01,814 - Zovix - WARNING - pyotp or qrcode not installed. 2FA disabled.
2026-07-02 15:11:01,816 - Zovix - INFO - Started 4 threaded workers
2026-07-02 15:11:01,816 - Zovix - INFO - Load balancer initialized with 4 workers
2026-07-02 15:11:01,826 - Zovix - INFO - Database initialized successfully
2026-07-02 15:11:03,529 - Zovix - WARNING - redis not installed. Using in-memory cache.
2026-07-02 15:11:03,530 - Zovix - WARNING - celery not installed. Using threaded queue.
2026-07-02 15:11:03,531 - Zovix - WARNING - stripe not installed.
2026-07-02 15:11:03,533 - Zovix - WARNING - paypalrestsdk not installed.
2026-07-02 15:11:03,534 - Zovix - WARNING - pyotp or qrcode not installed. 2FA disabled.
2026-07-02 15:11:03,539 - Zovix - INFO - Started 4 threaded workers
2026-07-02 15:11:03,539 - Zovix - INFO - Load balancer initialized with 4 workers
2026-07-02 15:11:03,547 - Zovix - INFO - Database initialized successfully
2026-07-02 15:11:07,292 - Zovix - WARNING - redis not installed. Using in-memory cache.
2026-07-02 15:11:07,293 - Zovix - WARNING - celery not installed. Using threaded queue.
2026-07-02 15:11:07,294 - Zovix - WARNING - stripe not installed.
2026-07-02 15:11:07,295 - Zovix - WARNING - paypalrestsdk not installed.
2026-07-02 15:11:07,296 - Zovix - WARNING - pyotp or qrcode not installed. 2FA disabled.
2026-07-02 15:11:07,298 - Zovix - INFO - Started 4 threaded workers
2026-07-02 15:11:07,298 - Zovix - INFO - Load balancer initialized with 4 workers
2026-07-02 15:11:07,307 - Zovix - INFO - Database initialized successfully
2026-07-02 15:11:07,521 - Zovix - WARNING - redis not installed. Using in-memory cache.
2026-07-02 15:11:07,523 - Zovix - WARNING - celery not installed. Using threaded queue.
2026-07-02 15:11:07,525 - Zovix - WARNING - stripe not installed.
2026-07-02 15:11:07,526 - Zovix - WARNING - paypalrestsdk not installed.
2026-07-02 15:11:07,534 - Zovix - WARNING - pyotp or qrcode not installed. 2FA disabled.
2026-07-02 15:11:07,537 - Zovix - INFO - Started 4 threaded workers
2026-07-02 15:11:07,538 - Zovix - INFO - Load balancer initialized with 4 workers
2026-07-02 15:11:07,548 - Zovix - INFO - Database initialized successfully
2026-07-02 15:11:18,796 - Zovix - WARNING - redis not installed. Using in-memory cache.
2026-07-02 15:11:18,797 - Zovix - WARNING - celery not installed. Using threaded queue.
2026-07-02 15:11:18,799 - Zovix - WARNING - stripe not installed.
2026-07-02 15:11:18,800 - Zovix - WARNING - paypalrestsdk not installed.
2026-07-02 15:11:18,801 - Zovix - WARNING - pyotp or qrcode not installed. 2FA disabled.
2026-07-02 15:11:18,804 - Zovix - INFO - Started 4 threaded workers
2026-07-02 15:11:18,805 - Zovix - INFO - Load balancer initialized with 4 workers
2026-07-02 15:11:18,813 - Zovix - INFO - Database initialized successfully
2026-07-02 15:11:19,036 - Zovix - WARNING - redis not installed. Using in-memory cache.
2026-07-02 15:11:19,038 - Zovix - WARNING - celery not installed. Using threaded queue.
2026-07-02 15:11:19,039 - Zovix - WARNING - stripe not installed.
2026-07-02 15:11:19,040 - Zovix - WARNING - paypalrestsdk not installed.
2026-07-02 15:11:19,041 - Zovix - WARNING - pyotp or qrcode not installed. 2FA disabled.
2026-07-02 15:11:19,041 - Zovix - INFO - Started 4 threaded workers
2026-07-02 15:11:19,042 - Zovix - INFO - Load balancer initialized with 4 workers
2026-07-02 15:11:19,044 - Zovix - INFO - Database initialized successfully
2026-07-02 15:11:20,414 - Zovix - WARNING - redis not installed. Using in-memory cache.
2026-07-02 15:11:20,415 - Zovix - WARNING - celery not installed. Using threaded queue.
2026-07-02 15:11:20,416 - Zovix - WARNING - stripe not installed.
2026-07-02 15:11:20,417 - Zovix - WARNING - paypalrestsdk not installed.
2026-07-02 15:11:20,419 - Zovix - WARNING - pyotp or qrcode not installed. 2FA disabled.
2026-07-02 15:11:20,422 - Zovix - INFO - Started 4 threaded workers
2026-07-02 15:11:20,423 - Zovix - INFO - Load balancer initialized with 4 workers
2026-07-02 15:11:20,431 - Zovix - INFO - Database initialized successfully
2026-07-02 15:11:20,641 - Zovix - WARNING - redis not installed. Using in-memory cache.
2026-07-02 15:11:20,643 - Zovix - WARNING - celery not installed. Using threaded queue.
2026-07-02 15:11:20,645 - Zovix - WARNING - stripe not installed.
2026-07-02 15:11:20,646 - Zovix - WARNING - paypalrestsdk not installed.
2026-07-02 15:11:20,653 - Zovix - WARNING - pyotp or qrcode not installed. 2FA disabled.
2026-07-02 15:11:20,656 - Zovix - INFO - Started 4 threaded workers
2026-07-02 15:11:20,657 - Zovix - INFO - Load balancer initialized with 4 workers
2026-07-02 15:11:20,668 - Zovix - INFO - Database initialized successfully
2026-07-02 15:11:22,821 - Zovix - WARNING - redis not installed. Using in-memory cache.
2026-07-02 15:11:22,822 - Zovix - WARNING - celery not installed. Using threaded queue.
2026-07-02 15:11:22,823 - Zovix - WARNING - stripe not installed.
2026-07-02 15:11:22,824 - Zovix - WARNING - paypalrestsdk not installed.
2026-07-02 15:11:22,825 - Zovix - WARNING - pyotp or qrcode not installed. 2FA disabled.
2026-07-02 15:11:22,827 - Zovix - INFO - Started 4 threaded workers
2026-07-02 15:11:22,828 - Zovix - INFO - Load balancer initialized with 4 workers
2026-07-02 15:11:22,837 - Zovix - INFO - Database initialized successfully
2026-07-02 15:11:22,965 - Zovix - WARNING - redis not installed. Using in-memory cache.
2026-07-02 15:11:22,966 - Zovix - WARNING - celery not installed. Using threaded queue.
2026-07-02 15:11:22,966 - Zovix - WARNING - stripe not installed.
2026-07-02 15:11:22,967 - Zovix - WARNING - paypalrestsdk not installed.
2026-07-02 15:11:22,968 - Zovix - WARNING - pyotp or qrcode not installed. 2FA disabled.
2026-07-02 15:11:22,969 - Zovix - INFO - Started 4 threaded workers
2026-07-02 15:11:22,969 - Zovix - INFO - Load balancer initialized with 4 workers
2026-07-02 15:11:22,972 - Zovix - INFO - Database initialized successfully
2026-07-02 15:11:33,508 - Zovix - WARNING - redis not installed. Using in-memory cache.
2026-07-02 15:11:33,509 - Zovix - WARNING - celery not installed. Using threaded queue.
2026-07-02 15:11:33,510 - Zovix - WARNING - stripe not installed.
2026-07-02 15:11:33,511 - Zovix - WARNING - paypalrestsdk not installed.
2026-07-02 15:11:33,512 - Zovix - WARNING - pyotp or qrcode not installed. 2FA disabled.
2026-07-02 15:11:33,515 - Zovix - INFO - Started 4 threaded workers
2026-07-02 15:11:33,516 - Zovix - INFO - Load balancer initialized with 4 workers
2026-07-02 15:11:33,525 - Zovix - INFO - Database initialized successfully
2026-07-02 15:11:37,955 - Zovix - WARNING - redis not installed. Using in-memory cache.
2026-07-02 15:11:37,956 - Zovix - WARNING - celery not installed. Using threaded queue.
2026-07-02 15:11:37,957 - Zovix - WARNING - stripe not installed.
2026-07-02 15:11:37,957 - Zovix - WARNING - paypalrestsdk not installed.
2026-07-02 15:11:37,958 - Zovix - WARNING - pyotp or qrcode not installed. 2FA disabled.
2026-07-02 15:11:37,960 - Zovix - INFO - Started 4 threaded workers
2026-07-02 15:11:37,961 - Zovix - INFO - Load balancer initialized with 4 workers
2026-07-02 15:11:37,968 - Zovix - INFO - Database initialized successfully
2026-07-02 15:11:38,207 - Zovix - WARNING - redis not installed. Using in-memory cache.
2026-07-02 15:11:38,209 - Zovix - WARNING - celery not installed. Using threaded queue.
2026-07-02 15:11:38,211 - Zovix - WARNING - stripe not installed.
2026-07-02 15:11:38,212 - Zovix - WARNING - paypalrestsdk not installed.
2026-07-02 15:11:38,213 - Zovix - WARNING - pyotp or qrcode not installed. 2FA disabled.
2026-07-02 15:11:38,221 - Zovix - INFO - Started 4 threaded workers
2026-07-02 15:11:38,222 - Zovix - INFO - Load balancer initialized with 4 workers
2026-07-02 15:11:38,229 - Zovix - INFO - Database initialized successfully
2026-07-02 15:11:43,899 - Zovix - WARNING - redis not installed. Using in-memory cache.
2026-07-02 15:11:43,901 - Zovix - WARNING - celery not installed. Using threaded queue.
2026-07-02 15:11:43,903 - Zovix - WARNING - stripe not installed.
2026-07-02 15:11:43,904 - Zovix - WARNING - paypalrestsdk not installed.
2026-07-02 15:11:43,909 - Zovix - WARNING - pyotp or qrcode not installed. 2FA disabled.
2026-07-02 15:11:43,913 - Zovix - INFO - Started 4 threaded workers
2026-07-02 15:11:43,913 - Zovix - INFO - Load balancer initialized with 4 workers
2026-07-02 15:11:43,935 - Zovix - INFO - Database initialized successfully
2026-07-02 15:11:46,136 - Zovix - WARNING - redis not installed. Using in-memory cache.
2026-07-02 15:11:46,138 - Zovix - WARNING - celery not installed. Using threaded queue.
2026-07-02 15:11:46,139 - Zovix - WARNING - stripe not installed.
2026-07-02 15:11:46,140 - Zovix - WARNING - paypalrestsdk not installed.
2026-07-02 15:11:46,141 - Zovix - WARNING - pyotp or qrcode not installed. 2FA disabled.
2026-07-02 15:11:46,143 - Zovix - INFO - Started 4 threaded workers
2026-07-02 15:11:46,143 - Zovix - INFO - Load balancer initialized with 4 workers
2026-07-02 15:11:46,151 - Zovix - INFO - Database initialized successfully
2026-07-02 15:11:48,348 - Zovix - WARNING - redis not installed. Using in-memory cache.
2026-07-02 15:11:48,349 - Zovix - WARNING - celery not installed. Using threaded queue.
2026-07-02 15:11:48,351 - Zovix - WARNING - stripe not installed.
2026-07-02 15:11:48,352 - Zovix - WARNING - paypalrestsdk not installed.
2026-07-02 15:11:48,359 - Zovix - WARNING - pyotp or qrcode not installed. 2FA disabled.
2026-07-02 15:11:48,364 - Zovix - INFO - Started 4 threaded workers
2026-07-02 15:11:48,366 - Zovix - INFO - Load balancer initialized with 4 workers
2026-07-02 15:11:48,382 - Zovix - INFO - Database initialized successfully
2026-07-02 15:11:52,826 - Zovix - WARNING - redis not installed. Using in-memory cache.
2026-07-02 15:11:52,827 - Zovix - WARNING - celery not installed. Using threaded queue.
2026-07-02 15:11:52,827 - Zovix - WARNING - stripe not installed.
2026-07-02 15:11:52,828 - Zovix - WARNING - paypalrestsdk not installed.
2026-07-02 15:11:52,829 - Zovix - WARNING - pyotp or qrcode not installed. 2FA disabled.
2026-07-02 15:11:52,831 - Zovix - INFO - Started 4 threaded workers
2026-07-02 15:11:52,831 - Zovix - INFO - Load balancer initialized with 4 workers
2026-07-02 15:11:52,839 - Zovix - INFO - Database initialized successfully
2026-07-02 15:11:55,180 - Zovix - WARNING - redis not installed. Using in-memory cache.
2026-07-02 15:11:55,181 - Zovix - WARNING - celery not installed. Using threaded queue.
2026-07-02 15:11:55,182 - Zovix - WARNING - stripe not installed.
2026-07-02 15:11:55,183 - Zovix - WARNING - paypalrestsdk not installed.
2026-07-02 15:11:55,184 - Zovix - WARNING - pyotp or qrcode not installed. 2FA disabled.
2026-07-02 15:11:55,186 - Zovix - INFO - Started 4 threaded workers
2026-07-02 15:11:55,186 - Zovix - INFO - Load balancer initialized with 4 workers
2026-07-02 15:11:55,194 - Zovix - INFO - Database initialized successfully
2026-07-02 15:11:55,394 - Zovix - WARNING - redis not installed. Using in-memory cache.
2026-07-02 15:11:55,395 - Zovix - WARNING - celery not installed. Using threaded queue.
2026-07-02 15:11:55,395 - Zovix - WARNING - stripe not installed.
2026-07-02 15:11:55,396 - Zovix - WARNING - paypalrestsdk not installed.
2026-07-02 15:11:55,397 - Zovix - WARNING - pyotp or qrcode not installed. 2FA disabled.
2026-07-02 15:11:55,399 - Zovix - INFO - Started 4 threaded workers
2026-07-02 15:11:55,404 - Zovix - INFO - Load balancer initialized with 4 workers
2026-07-02 15:11:55,412 - Zovix - INFO - Database initialized successfully
2026-07-02 15:23:20,489 - Zovix - WARNING - redis not installed. Using in-memory cache.
2026-07-02 15:23:20,491 - Zovix - WARNING - celery not installed. Using threaded queue.
2026-07-02 15:23:20,493 - Zovix - WARNING - stripe not installed.
2026-07-02 15:23:20,495 - Zovix - WARNING - paypalrestsdk not installed.
2026-07-02 15:23:20,497 - Zovix - WARNING - pyotp or qrcode not installed. 2FA disabled.
2026-07-02 15:23:20,504 - Zovix - INFO - Started 4 threaded workers
2026-07-02 15:23:20,505 - Zovix - INFO - Load balancer initialized with 4 workers
2026-07-02 15:23:20,530 - Zovix - INFO - Database initialized successfully
2026-07-02 15:23:23,739 - Zovix - WARNING - redis not installed. Using in-memory cache.
2026-07-02 15:23:23,740 - Zovix - WARNING - celery not installed. Using threaded queue.
2026-07-02 15:23:23,741 - Zovix - WARNING - stripe not installed.
2026-07-02 15:23:23,742 - Zovix - WARNING - paypalrestsdk not installed.
2026-07-02 15:23:23,743 - Zovix - WARNING - pyotp or qrcode not installed. 2FA disabled.
2026-07-02 15:23:23,746 - Zovix - INFO - Started 4 threaded workers
2026-07-02 15:23:23,746 - Zovix - INFO - Load balancer initialized with 4 workers
2026-07-02 15:23:23,756 - Zovix - INFO - Database initialized successfully
2026-07-02 15:23:26,373 - Zovix - WARNING - redis not installed. Using in-memory cache.
2026-07-02 15:23:26,375 - Zovix - WARNING - celery not installed. Using threaded queue.
2026-07-02 15:23:26,377 - Zovix - WARNING - stripe not installed.
2026-07-02 15:23:26,380 - Zovix - WARNING - paypalrestsdk not installed.
2026-07-02 15:23:26,381 - Zovix - WARNING - pyotp or qrcode not installed. 2FA disabled.
2026-07-02 15:23:26,384 - Zovix - INFO - Started 4 threaded workers
2026-07-02 15:23:26,386 - Zovix - INFO - Load balancer initialized with 4 workers
2026-07-02 15:23:26,400 - Zovix - INFO - Database initialized successfully
2026-07-02 15:23:30,061 - Zovix - WARNING - redis not installed. Using in-memory cache.
2026-07-02 15:23:30,062 - Zovix - WARNING - celery not installed. Using threaded queue.
2026-07-02 15:23:30,063 - Zovix - WARNING - stripe not installed.
2026-07-02 15:23:30,064 - Zovix - WARNING - paypalrestsdk not installed.
2026-07-02 15:23:30,066 - Zovix - WARNING - pyotp or qrcode not installed. 2FA disabled.
2026-07-02 15:23:30,068 - Zovix - INFO - Started 4 threaded workers
2026-07-02 15:23:30,069 - Zovix - INFO - Load balancer initialized with 4 workers
2026-07-02 15:23:30,075 - Zovix - INFO - Database initialized successfully
2026-07-02 15:23:31,102 - Zovix - WARNING - redis not installed. Using in-memory cache.
2026-07-02 15:23:31,103 - Zovix - WARNING - celery not installed. Using threaded queue.
2026-07-02 15:23:31,104 - Zovix - WARNING - stripe not installed.
2026-07-02 15:23:31,105 - Zovix - WARNING - paypalrestsdk not installed.
2026-07-02 15:23:31,107 - Zovix - WARNING - pyotp or qrcode not installed. 2FA disabled.
2026-07-02 15:23:31,109 - Zovix - INFO - Started 4 threaded workers
2026-07-02 15:23:31,109 - Zovix - INFO - Load balancer initialized with 4 workers
2026-07-02 15:23:31,117 - Zovix - INFO - Database initialized successfully
2026-07-02 15:23:31,325 - Zovix - WARNING - redis not installed. Using in-memory cache.
2026-07-02 15:23:31,326 - Zovix - WARNING - celery not installed. Using threaded queue.
2026-07-02 15:23:31,328 - Zovix - WARNING - stripe not installed.
2026-07-02 15:23:31,328 - Zovix - WARNING - paypalrestsdk not installed.
2026-07-02 15:23:31,331 - Zovix - WARNING - pyotp or qrcode not installed. 2FA disabled.
2026-07-02 15:23:31,333 - Zovix - INFO - Started 4 threaded workers
2026-07-02 15:23:31,334 - Zovix - INFO - Load balancer initialized with 4 workers
2026-07-02 15:23:31,352 - Zovix - INFO - Database initialized successfully
2026-07-02 15:23:36,573 - Zovix - WARNING - redis not installed. Using in-memory cache.
2026-07-02 15:23:36,575 - Zovix - WARNING - celery not installed. Using threaded queue.
2026-07-02 15:23:36,575 - Zovix - WARNING - stripe not installed.
2026-07-02 15:23:36,577 - Zovix - WARNING - paypalrestsdk not installed.
2026-07-02 15:23:36,578 - Zovix - WARNING - pyotp or qrcode not installed. 2FA disabled.
2026-07-02 15:23:36,581 - Zovix - INFO - Started 4 threaded workers
2026-07-02 15:23:36,581 - Zovix - INFO - Load balancer initialized with 4 workers
2026-07-02 15:23:36,593 - Zovix - INFO - Database initialized successfully
2026-07-02 15:23:36,842 - Zovix - WARNING - redis not installed. Using in-memory cache.
2026-07-02 15:23:36,845 - Zovix - WARNING - celery not installed. Using threaded queue.
2026-07-02 15:23:36,850 - Zovix - WARNING - stripe not installed.
2026-07-02 15:23:36,855 - Zovix - WARNING - paypalrestsdk not installed.
2026-07-02 15:23:36,858 - Zovix - WARNING - pyotp or qrcode not installed. 2FA disabled.
2026-07-02 15:23:36,861 - Zovix - INFO - Started 4 threaded workers
2026-07-02 15:23:36,863 - Zovix - INFO - Load balancer initialized with 4 workers
2026-07-02 15:23:36,875 - Zovix - INFO - Database initialized successfully
2026-07-02 15:23:43,577 - Zovix - WARNING - redis not installed. Using in-memory cache.
2026-07-02 15:23:43,578 - Zovix - WARNING - celery not installed. Using threaded queue.
2026-07-02 15:23:43,581 - Zovix - WARNING - stripe not installed.
2026-07-02 15:23:43,582 - Zovix - WARNING - paypalrestsdk not installed.
2026-07-02 15:23:43,584 - Zovix - WARNING - pyotp or qrcode not installed. 2FA disabled.
2026-07-02 15:23:43,587 - Zovix - INFO - Started 4 threaded workers
2026-07-02 15:23:43,588 - Zovix - INFO - Load balancer initialized with 4 workers
2026-07-02 15:23:43,609 - Zovix - INFO - Database initialized successfully
2026-07-02 15:24:13,796 - Zovix - WARNING - redis not installed. Using in-memory cache.
2026-07-02 15:24:13,796 - Zovix - WARNING - celery not installed. Using threaded queue.
2026-07-02 15:24:13,796 - Zovix - WARNING - stripe not installed.
2026-07-02 15:24:13,796 - Zovix - WARNING - paypalrestsdk not installed.
2026-07-02 15:24:13,798 - Zovix - WARNING - pyotp or qrcode not installed. 2FA disabled.
2026-07-02 15:24:13,799 - Zovix - INFO - Started 4 threaded workers
2026-07-02 15:24:13,799 - Zovix - INFO - Load balancer initialized with 4 workers
2026-07-02 15:24:14,454 - Zovix - INFO - Database initialized successfully
2026-07-02 15:37:04,990 - Zovix - WARNING - redis not installed. Using in-memory cache.
2026-07-02 15:37:04,991 - Zovix - WARNING - celery not installed. Using threaded queue.
2026-07-02 15:37:04,991 - Zovix - WARNING - stripe not installed.
2026-07-02 15:37:04,991 - Zovix - WARNING - paypalrestsdk not installed.
2026-07-02 15:37:04,993 - Zovix - WARNING - pyotp or qrcode not installed. 2FA disabled.
2026-07-02 15:37:04,994 - Zovix - INFO - Started 4 threaded workers
2026-07-02 15:37:04,994 - Zovix - INFO - Load balancer initialized with 4 workers
2026-07-02 15:37:05,505 - Zovix - INFO - Database initialized successfully
2026-07-02 15:37:11,947 - Zovix - WARNING - redis not installed. Using in-memory cache.
2026-07-02 15:37:11,948 - Zovix - WARNING - celery not installed. Using threaded queue.
2026-07-02 15:37:11,949 - Zovix - WARNING - stripe not installed.
2026-07-02 15:37:11,950 - Zovix - WARNING - paypalrestsdk not installed.
2026-07-02 15:37:11,951 - Zovix - WARNING - pyotp or qrcode not installed. 2FA disabled.
2026-07-02 15:37:11,953 - Zovix - INFO - Started 4 threaded workers
2026-07-02 15:37:11,953 - Zovix - INFO - Load balancer initialized with 4 workers
2026-07-02 15:37:11,961 - Zovix - INFO - Database initialized successfully
2026-07-02 15:37:14,238 - Zovix - WARNING - redis not installed. Using in-memory cache.
2026-07-02 15:37:14,239 - Zovix - WARNING - celery not installed. Using threaded queue.
2026-07-02 15:37:14,240 - Zovix - WARNING - stripe not installed.
2026-07-02 15:37:14,241 - Zovix - WARNING - paypalrestsdk not installed.
2026-07-02 15:37:14,242 - Zovix - WARNING - pyotp or qrcode not installed. 2FA disabled.
2026-07-02 15:37:14,245 - Zovix - INFO - Started 4 threaded workers
2026-07-02 15:37:14,249 - Zovix - INFO - Load balancer initialized with 4 workers
2026-07-02 15:37:14,261 - Zovix - INFO - Database initialized successfully
2026-07-02 15:37:19,154 - Zovix - WARNING - redis not installed. Using in-memory cache.
2026-07-02 15:37:19,155 - Zovix - WARNING - celery not installed. Using threaded queue.
2026-07-02 15:37:19,157 - Zovix - WARNING - stripe not installed.
2026-07-02 15:37:19,158 - Zovix - WARNING - paypalrestsdk not installed.
2026-07-02 15:37:19,160 - Zovix - WARNING - pyotp or qrcode not installed. 2FA disabled.
2026-07-02 15:37:19,163 - Zovix - INFO - Started 4 threaded workers
2026-07-02 15:37:19,163 - Zovix - INFO - Load balancer initialized with 4 workers
2026-07-02 15:37:19,175 - Zovix - INFO - Database initialized successfully
2026-07-02 15:37:19,357 - Zovix - WARNING - redis not installed. Using in-memory cache.
2026-07-02 15:37:19,359 - Zovix - WARNING - celery not installed. Using threaded queue.
2026-07-02 15:37:19,361 - Zovix - WARNING - stripe not installed.
2026-07-02 15:37:19,362 - Zovix - WARNING - paypalrestsdk not installed.
2026-07-02 15:37:19,368 - Zovix - WARNING - pyotp or qrcode not installed. 2FA disabled.
2026-07-02 15:37:19,373 - Zovix - INFO - Started 4 threaded workers
2026-07-02 15:37:19,374 - Zovix - INFO - Load balancer initialized with 4 workers
2026-07-02 15:37:19,381 - Zovix - INFO - Database initialized successfully
2026-07-02 15:37:32,368 - Zovix - WARNING - redis not installed. Using in-memory cache.
2026-07-02 15:37:32,370 - Zovix - WARNING - celery not installed. Using threaded queue.
2026-07-02 15:37:32,372 - Zovix - WARNING - stripe not installed.
2026-07-02 15:37:32,373 - Zovix - WARNING - paypalrestsdk not installed.
2026-07-02 15:37:32,381 - Zovix - WARNING - pyotp or qrcode not installed. 2FA disabled.
2026-07-02 15:37:32,383 - Zovix - INFO - Started 4 threaded workers
2026-07-02 15:37:32,384 - Zovix - INFO - Load balancer initialized with 4 workers
2026-07-02 15:37:32,404 - Zovix - INFO - Database initialized successfully
2026-07-02 15:37:38,010 - Zovix - WARNING - redis not installed. Using in-memory cache.
2026-07-02 15:37:38,011 - Zovix - WARNING - celery not installed. Using threaded queue.
2026-07-02 15:37:38,012 - Zovix - WARNING - stripe not installed.
2026-07-02 15:37:38,013 - Zovix - WARNING - paypalrestsdk not installed.
2026-07-02 15:37:38,014 - Zovix - WARNING - pyotp or qrcode not installed. 2FA disabled.
2026-07-02 15:37:38,016 - Zovix - INFO - Started 4 threaded workers
2026-07-02 15:37:38,016 - Zovix - INFO - Load balancer initialized with 4 workers
2026-07-02 15:37:38,024 - Zovix - INFO - Database initialized successfully
2026-07-02 15:37:39,518 - Zovix - WARNING - redis not installed. Using in-memory cache.
2026-07-02 15:37:39,519 - Zovix - WARNING - celery not installed. Using threaded queue.
2026-07-02 15:37:39,520 - Zovix - WARNING - stripe not installed.
2026-07-02 15:37:39,522 - Zovix - WARNING - paypalrestsdk not installed.
2026-07-02 15:37:39,523 - Zovix - WARNING - pyotp or qrcode not installed. 2FA disabled.
2026-07-02 15:37:39,527 - Zovix - INFO - Started 4 threaded workers
2026-07-02 15:37:39,527 - Zovix - INFO - Load balancer initialized with 4 workers
2026-07-02 15:37:39,544 - Zovix - INFO - Database initialized successfully
2026-07-02 17:34:11,362 - Zovix - WARNING - redis not installed. Using in-memory cache.
2026-07-02 17:34:11,362 - Zovix - WARNING - celery not installed. Using threaded queue.
2026-07-02 17:34:11,363 - Zovix - WARNING - stripe not installed.
2026-07-02 17:34:11,363 - Zovix - WARNING - paypalrestsdk not installed.
2026-07-02 17:34:11,365 - Zovix - WARNING - pyotp or qrcode not installed. 2FA disabled.
2026-07-02 17:34:11,366 - Zovix - INFO - Started 4 threaded workers
2026-07-02 17:34:11,366 - Zovix - INFO - Load balancer initialized with 4 workers
2026-07-02 17:34:12,152 - Zovix - INFO - Database initialized successfully
2026-07-02 17:34:14,215 - Zovix - WARNING - redis not installed. Using in-memory cache.
2026-07-02 17:34:14,219 - Zovix - WARNING - celery not installed. Using threaded queue.
2026-07-02 17:34:14,220 - Zovix - WARNING - stripe not installed.
2026-07-02 17:34:14,222 - Zovix - WARNING - paypalrestsdk not installed.
2026-07-02 17:34:14,223 - Zovix - WARNING - pyotp or qrcode not installed. 2FA disabled.
2026-07-02 17:34:14,242 - Zovix - INFO - Started 4 threaded workers
2026-07-02 17:34:14,243 - Zovix - INFO - Load balancer initialized with 4 workers
2026-07-02 17:34:14,248 - Zovix - INFO - Database initialized successfully
2026-07-02 17:34:16,772 - Zovix - WARNING - redis not installed. Using in-memory cache.
2026-07-02 17:34:16,777 - Zovix - WARNING - celery not installed. Using threaded queue.
2026-07-02 17:34:16,783 - Zovix - WARNING - stripe not installed.
2026-07-02 17:34:16,787 - Zovix - WARNING - paypalrestsdk not installed.
2026-07-02 17:34:16,795 - Zovix - WARNING - pyotp or qrcode not installed. 2FA disabled.
2026-07-02 17:34:16,813 - Zovix - INFO - Started 4 threaded workers
2026-07-02 17:34:16,814 - Zovix - INFO - Load balancer initialized with 4 workers
2026-07-02 17:34:16,819 - Zovix - INFO - Database initialized successfully
2026-07-02 17:34:24,734 - Zovix - WARNING - redis not installed. Using in-memory cache.
2026-07-02 17:34:24,740 - Zovix - WARNING - celery not installed. Using threaded queue.
2026-07-02 17:34:24,747 - Zovix - WARNING - stripe not installed.
2026-07-02 17:34:24,757 - Zovix - WARNING - paypalrestsdk not installed.
2026-07-02 17:34:24,758 - Zovix - WARNING - pyotp or qrcode not installed. 2FA disabled.
2026-07-02 17:34:24,768 - Zovix - INFO - Started 4 threaded workers
2026-07-02 17:34:24,774 - Zovix - INFO - Load balancer initialized with 4 workers
2026-07-02 17:34:24,808 - Zovix - INFO - Database initialized successfully
2026-07-02 17:34:26,962 - Zovix - WARNING - redis not installed. Using in-memory cache.
2026-07-02 17:34:26,963 - Zovix - WARNING - celery not installed. Using threaded queue.
2026-07-02 17:34:26,964 - Zovix - WARNING - stripe not installed.
2026-07-02 17:34:26,965 - Zovix - WARNING - paypalrestsdk not installed.
2026-07-02 17:34:26,968 - Zovix - WARNING - pyotp or qrcode not installed. 2FA disabled.
2026-07-02 17:34:26,973 - Zovix - INFO - Started 4 threaded workers
2026-07-02 17:34:26,974 - Zovix - INFO - Load balancer initialized with 4 workers
2026-07-02 17:34:26,985 - Zovix - INFO - Database initialized successfully
2026-07-02 17:34:27,160 - Zovix - WARNING - redis not installed. Using in-memory cache.
2026-07-02 17:34:27,162 - Zovix - WARNING - celery not installed. Using threaded queue.
2026-07-02 17:34:27,163 - Zovix - WARNING - stripe not installed.
2026-07-02 17:34:27,164 - Zovix - WARNING - paypalrestsdk not installed.
2026-07-02 17:34:27,164 - Zovix - WARNING - pyotp or qrcode not installed. 2FA disabled.
2026-07-02 17:34:27,166 - Zovix - INFO - Started 4 threaded workers
2026-07-02 17:34:27,167 - Zovix - INFO - Load balancer initialized with 4 workers
2026-07-02 17:34:27,175 - Zovix - INFO - Database initialized successfully
2026-07-02 17:34:28,707 - Zovix - WARNING - redis not installed. Using in-memory cache.
2026-07-02 17:34:28,708 - Zovix - WARNING - celery not installed. Using threaded queue.
2026-07-02 17:34:28,709 - Zovix - WARNING - stripe not installed.
2026-07-02 17:34:28,710 - Zovix - WARNING - paypalrestsdk not installed.
2026-07-02 17:34:28,711 - Zovix - WARNING - pyotp or qrcode not installed. 2FA disabled.
2026-07-02 17:34:28,716 - Zovix - INFO - Started 4 threaded workers
2026-07-02 17:34:28,716 - Zovix - INFO - Load balancer initialized with 4 workers
2026-07-02 17:34:28,722 - Zovix - INFO - Database initialized successfully
2026-07-02 17:34:28,924 - Zovix - WARNING - redis not installed. Using in-memory cache.
2026-07-02 17:34:28,926 - Zovix - WARNING - celery not installed. Using threaded queue.
2026-07-02 17:34:28,928 - Zovix - WARNING - stripe not installed.
2026-07-02 17:34:28,929 - Zovix - WARNING - paypalrestsdk not installed.
2026-07-02 17:34:28,930 - Zovix - WARNING - pyotp or qrcode not installed. 2FA disabled.
2026-07-02 17:34:28,933 - Zovix - INFO - Started 4 threaded workers
2026-07-02 17:34:28,934 - Zovix - INFO - Load balancer initialized with 4 workers
2026-07-02 17:34:28,943 - Zovix - INFO - Database initialized successfully
2026-07-02 17:34:34,756 - Zovix - WARNING - redis not installed. Using in-memory cache.
2026-07-02 17:34:34,758 - Zovix - WARNING - celery not installed. Using threaded queue.
2026-07-02 17:34:34,759 - Zovix - WARNING - stripe not installed.
2026-07-02 17:34:34,761 - Zovix - WARNING - paypalrestsdk not installed.
2026-07-02 17:34:34,762 - Zovix - WARNING - pyotp or qrcode not installed. 2FA disabled.
2026-07-02 17:34:34,764 - Zovix - INFO - Started 4 threaded workers
2026-07-02 17:34:34,765 - Zovix - INFO - Load balancer initialized with 4 workers
2026-07-02 17:34:34,773 - Zovix - INFO - Database initialized successfully
2026-07-02 17:34:34,991 - Zovix - WARNING - redis not installed. Using in-memory cache.
2026-07-02 17:34:34,994 - Zovix - WARNING - celery not installed. Using threaded queue.
2026-07-02 17:34:34,995 - Zovix - WARNING - stripe not installed.
2026-07-02 17:34:34,997 - Zovix - WARNING - paypalrestsdk not installed.
2026-07-02 17:34:35,005 - Zovix - WARNING - pyotp or qrcode not installed. 2FA disabled.
2026-07-02 17:34:35,008 - Zovix - INFO - Started 4 threaded workers
2026-07-02 17:34:35,009 - Zovix - INFO - Load balancer initialized with 4 workers
2026-07-02 17:34:35,025 - Zovix - INFO - Database initialized successfully
2026-07-02 17:34:43,153 - Zovix - WARNING - redis not installed. Using in-memory cache.
2026-07-02 17:34:43,155 - Zovix - WARNING - celery not installed. Using threaded queue.
2026-07-02 17:34:43,156 - Zovix - WARNING - stripe not installed.
2026-07-02 17:34:43,157 - Zovix - WARNING - paypalrestsdk not installed.
2026-07-02 17:34:43,159 - Zovix - WARNING - pyotp or qrcode not installed. 2FA disabled.
2026-07-02 17:34:43,161 - Zovix - INFO - Started 4 threaded workers
2026-07-02 17:34:43,161 - Zovix - INFO - Load balancer initialized with 4 workers
2026-07-02 17:34:43,164 - Zovix - INFO - Database initialized successfully
2026-07-02 17:35:31,559 - Zovix - WARNING - redis not installed. Using in-memory cache.
2026-07-02 17:35:31,561 - Zovix - WARNING - celery not installed. Using threaded queue.
2026-07-02 17:35:31,562 - Zovix - WARNING - stripe not installed.
2026-07-02 17:35:31,563 - Zovix - WARNING - paypalrestsdk not installed.
2026-07-02 17:35:31,564 - Zovix - WARNING - pyotp or qrcode not installed. 2FA disabled.
2026-07-02 17:35:31,566 - Zovix - INFO - Started 4 threaded workers
2026-07-02 17:35:31,566 - Zovix - INFO - Load balancer initialized with 4 workers
2026-07-02 17:35:31,575 - Zovix - INFO - Database initialized successfully
2026-07-02 17:35:36,171 - Zovix - WARNING - redis not installed. Using in-memory cache.
2026-07-02 17:35:36,172 - Zovix - WARNING - celery not installed. Using threaded queue.
2026-07-02 17:35:36,173 - Zovix - WARNING - stripe not installed.
2026-07-02 17:35:36,174 - Zovix - WARNING - paypalrestsdk not installed.
2026-07-02 17:35:36,176 - Zovix - WARNING - pyotp or qrcode not installed. 2FA disabled.
2026-07-02 17:35:36,179 - Zovix - INFO - Started 4 threaded workers
2026-07-02 17:35:36,179 - Zovix - INFO - Load balancer initialized with 4 workers
2026-07-02 17:35:36,188 - Zovix - INFO - Database initialized successfully
2026-07-02 17:35:41,587 - Zovix - WARNING - redis not installed. Using in-memory cache.
2026-07-02 17:35:41,588 - Zovix - WARNING - celery not installed. Using threaded queue.
2026-07-02 17:35:41,589 - Zovix - WARNING - stripe not installed.
2026-07-02 17:35:41,590 - Zovix - WARNING - paypalrestsdk not installed.
2026-07-02 17:35:41,591 - Zovix - WARNING - pyotp or qrcode not installed. 2FA disabled.
2026-07-02 17:35:41,593 - Zovix - INFO - Started 4 threaded workers
2026-07-02 17:35:41,593 - Zovix - INFO - Load balancer initialized with 4 workers
2026-07-02 17:35:41,602 - Zovix - INFO - Database initialized successfully
2026-07-02 17:35:58,104 - Zovix - WARNING - redis not installed. Using in-memory cache.
2026-07-02 17:35:58,105 - Zovix - WARNING - celery not installed. Using threaded queue.
2026-07-02 17:35:58,106 - Zovix - WARNING - stripe not installed.
2026-07-02 17:35:58,107 - Zovix - WARNING - paypalrestsdk not installed.
2026-07-02 17:35:58,108 - Zovix - WARNING - pyotp or qrcode not installed. 2FA disabled.
2026-07-02 17:35:58,110 - Zovix - INFO - Started 4 threaded workers
2026-07-02 17:35:58,111 - Zovix - INFO - Load balancer initialized with 4 workers
2026-07-02 17:35:58,118 - Zovix - INFO - Database initialized successfully
2026-07-02 17:35:58,259 - Zovix - WARNING - redis not installed. Using in-memory cache.
2026-07-02 17:35:58,261 - Zovix - WARNING - celery not installed. Using threaded queue.
2026-07-02 17:35:58,262 - Zovix - WARNING - stripe not installed.
2026-07-02 17:35:58,263 - Zovix - WARNING - paypalrestsdk not installed.
2026-07-02 17:35:58,264 - Zovix - WARNING - pyotp or qrcode not installed. 2FA disabled.
2026-07-02 17:35:58,266 - Zovix - INFO - Started 4 threaded workers
2026-07-02 17:35:58,266 - Zovix - INFO - Load balancer initialized with 4 workers
2026-07-02 17:35:58,273 - Zovix - INFO - Database initialized successfully
2026-07-06 14:31:19,234 - Zovix - WARNING - google-genai not installed. Using fallback script generation.
2026-07-06 14:31:25,957 - Zovix - WARNING - Redis not available: Error 10061 connecting to localhost:6379. No connection could be made because the target machine actively refused it.
2026-07-06 14:31:26,004 - Zovix - INFO - Load balancer initialized with 4 workers
2026-07-06 14:31:30,104 - Zovix - WARNING - Redis not available: Error 10061 connecting to localhost:6379. No connection could be made because the target machine actively refused it.
2026-07-06 14:31:31,136 - Zovix - INFO - Database initialized successfully
2026-07-06 14:31:33,095 - Zovix - WARNING - google-genai not installed. Using fallback script generation.
2026-07-06 14:31:37,179 - Zovix - WARNING - Redis not available: Error 10061 connecting to localhost:6379. No connection could be made because the target machine actively refused it.
2026-07-06 14:31:37,181 - Zovix - INFO - Load balancer initialized with 4 workers
2026-07-06 14:31:41,262 - Zovix - WARNING - Redis not available: Error 10061 connecting to localhost:6379. No connection could be made because the target machine actively refused it.
2026-07-06 14:31:41,270 - Zovix - INFO - Database initialized successfully
2026-07-06 14:31:46,736 - Zovix - WARNING - google-genai not installed. Using fallback script generation.
2026-07-06 14:31:50,800 - Zovix - WARNING - Redis not available: Error 10061 connecting to localhost:6379. No connection could be made because the target machine actively refused it.
2026-07-06 14:31:50,803 - Zovix - INFO - Load balancer initialized with 4 workers
2026-07-06 14:31:54,908 - Zovix - WARNING - Redis not available: Error 10061 connecting to localhost:6379. No connection could be made because the target machine actively refused it.
2026-07-06 14:31:54,919 - Zovix - INFO - Database initialized successfully
2026-07-06 14:32:09,403 - Zovix - WARNING - google-genai not installed. Using fallback script generation.
2026-07-06 14:32:13,500 - Zovix - WARNING - Redis not available: Error 10061 connecting to localhost:6379. No connection could be made because the target machine actively refused it.
2026-07-06 14:32:13,503 - Zovix - INFO - Load balancer initialized with 4 workers
2026-07-06 14:32:17,629 - Zovix - WARNING - Redis not available: Error 10061 connecting to localhost:6379. No connection could be made because the target machine actively refused it.
2026-07-06 14:32:17,641 - Zovix - INFO - Database initialized successfully
2026-07-06 14:32:21,876 - Zovix - WARNING - google-genai not installed. Using fallback script generation.
2026-07-06 14:32:25,966 - Zovix - WARNING - Redis not available: Error 10061 connecting to localhost:6379. No connection could be made because the target machine actively refused it.
2026-07-06 14:32:25,967 - Zovix - INFO - Load balancer initialized with 4 workers
2026-07-06 14:32:30,032 - Zovix - WARNING - Redis not available: Error 10061 connecting to localhost:6379. No connection could be made because the target machine actively refused it.
2026-07-06 14:32:30,044 - Zovix - INFO - Database initialized successfully
2026-07-06 14:32:39,537 - Zovix - WARNING - google-genai not installed. Using fallback script generation.
2026-07-06 14:32:42,086 - Zovix - WARNING - google-genai not installed. Using fallback script generation.
2026-07-06 14:32:43,628 - Zovix - WARNING - Redis not available: Error 10061 connecting to localhost:6379. No connection could be made because the target machine actively refused it.
2026-07-06 14:32:43,630 - Zovix - INFO - Load balancer initialized with 4 workers
2026-07-06 14:32:46,162 - Zovix - WARNING - Redis not available: Error 10061 connecting to localhost:6379. No connection could be made because the target machine actively refused it.
2026-07-06 14:32:46,165 - Zovix - INFO - Load balancer initialized with 4 workers
2026-07-06 14:32:47,707 - Zovix - WARNING - Redis not available: Error 10061 connecting to localhost:6379. No connection could be made because the target machine actively refused it.
2026-07-06 14:32:50,240 - Zovix - WARNING - Redis not available: Error 10061 connecting to localhost:6379. No connection could be made because the target machine actively refused it.
2026-07-06 14:32:50,251 - Zovix - INFO - Database initialized successfully
2026-07-06 14:32:57,394 - Zovix - WARNING - google-genai not installed. Using fallback script generation.
2026-07-06 14:32:58,946 - Zovix - WARNING - google-genai not installed. Using fallback script generation.
2026-07-06 14:33:01,467 - Zovix - WARNING - Redis not available: Error 10061 connecting to localhost:6379. No connection could be made because the target machine actively refused it.
2026-07-06 14:33:01,471 - Zovix - INFO - Load balancer initialized with 4 workers
2026-07-06 14:33:03,016 - Zovix - WARNING - Redis not available: Error 10061 connecting to localhost:6379. No connection could be made because the target machine actively refused it.
2026-07-06 14:33:03,019 - Zovix - INFO - Load balancer initialized with 4 workers
2026-07-06 14:33:05,549 - Zovix - WARNING - Redis not available: Error 10061 connecting to localhost:6379. No connection could be made because the target machine actively refused it.
2026-07-06 14:33:07,072 - Zovix - WARNING - Redis not available: Error 10061 connecting to localhost:6379. No connection could be made because the target machine actively refused it.
2026-07-06 14:33:07,083 - Zovix - INFO - Database initialized successfully
2026-07-06 14:33:24,498 - Zovix - WARNING - google-genai not installed. Using fallback script generation.
2026-07-06 14:33:28,598 - Zovix - WARNING - Redis not available: Error 10061 connecting to localhost:6379. No connection could be made because the target machine actively refused it.
2026-07-06 14:33:28,601 - Zovix - INFO - Load balancer initialized with 4 workers
2026-07-06 14:33:32,704 - Zovix - WARNING - Redis not available: Error 10061 connecting to localhost:6379. No connection could be made because the target machine actively refused it.
2026-07-06 14:33:32,714 - Zovix - INFO - Database initialized successfully
2026-07-06 14:33:40,215 - Zovix - WARNING - google-genai not installed. Using fallback script generation.
2026-07-06 14:33:44,315 - Zovix - WARNING - Redis not available: Error 10061 connecting to localhost:6379. No connection could be made because the target machine actively refused it.
2026-07-06 14:33:44,318 - Zovix - INFO - Load balancer initialized with 4 workers
2026-07-06 14:33:48,387 - Zovix - WARNING - Redis not available: Error 10061 connecting to localhost:6379. No connection could be made because the target machine actively refused it.
2026-07-06 14:33:48,399 - Zovix - INFO - Database initialized successfully
2026-07-06 14:33:52,626 - Zovix - WARNING - google-genai not installed. Using fallback script generation.
2026-07-06 14:33:56,668 - Zovix - WARNING - Redis not available: Error 10061 connecting to localhost:6379. No connection could be made because the target machine actively refused it.
2026-07-06 14:33:56,669 - Zovix - INFO - Load balancer initialized with 4 workers
2026-07-06 14:34:00,743 - Zovix - WARNING - Redis not available: Error 10061 connecting to localhost:6379. No connection could be made because the target machine actively refused it.
2026-07-06 14:34:00,754 - Zovix - INFO - Database initialized successfully
2026-07-06 14:34:11,577 - Zovix - WARNING - google-genai not installed. Using fallback script generation.
2026-07-06 14:34:15,662 - Zovix - WARNING - Redis not available: Error 10061 connecting to localhost:6379. No connection could be made because the target machine actively refused it.
2026-07-06 14:34:15,665 - Zovix - INFO - Load balancer initialized with 4 workers
2026-07-06 14:34:19,763 - Zovix - WARNING - Redis not available: Error 10061 connecting to localhost:6379. No connection could be made because the target machine actively refused it.
2026-07-06 14:34:19,770 - Zovix - INFO - Database initialized successfully
2026-07-06 14:34:24,072 - Zovix - WARNING - google-genai not installed. Using fallback script generation.
2026-07-06 14:34:28,150 - Zovix - WARNING - Redis not available: Error 10061 connecting to localhost:6379. No connection could be made because the target machine actively refused it.
2026-07-06 14:34:28,154 - Zovix - INFO - Load balancer initialized with 4 workers
2026-07-06 14:34:32,263 - Zovix - WARNING - Redis not available: Error 10061 connecting to localhost:6379. No connection could be made because the target machine actively refused it.
2026-07-06 14:34:32,274 - Zovix - INFO - Database initialized successfully
2026-07-06 14:34:40,977 - Zovix - WARNING - google-genai not installed. Using fallback script generation.
2026-07-06 14:34:45,069 - Zovix - WARNING - Redis not available: Error 10061 connecting to localhost:6379. No connection could be made because the target machine actively refused it.
2026-07-06 14:34:45,070 - Zovix - INFO - Load balancer initialized with 4 workers
2026-07-06 14:34:49,175 - Zovix - WARNING - Redis not available: Error 10061 connecting to localhost:6379. No connection could be made because the target machine actively refused it.
2026-07-06 14:34:49,188 - Zovix - INFO - Database initialized successfully
2026-07-06 14:35:55,881 - Zovix - WARNING - google-genai not installed. Using fallback script generation.
2026-07-06 14:35:59,997 - Zovix - WARNING - Redis not available: Error 10061 connecting to localhost:6379. No connection could be made because the target machine actively refused it.
2026-07-06 14:36:00,000 - Zovix - INFO - Load balancer initialized with 4 workers
2026-07-06 14:36:04,079 - Zovix - WARNING - Redis not available: Error 10061 connecting to localhost:6379. No connection could be made because the target machine actively refused it.
2026-07-06 14:36:04,102 - Zovix - INFO - Database initialized successfully
2026-07-06 14:36:05,974 - Zovix - WARNING - google-genai not installed. Using fallback script generation.
2026-07-06 14:36:10,045 - Zovix - WARNING - Redis not available: Error 10061 connecting to localhost:6379. No connection could be made because the target machine actively refused it.
2026-07-06 14:36:10,046 - Zovix - INFO - Load balancer initialized with 4 workers
2026-07-06 14:36:14,121 - Zovix - WARNING - Redis not available: Error 10061 connecting to localhost:6379. No connection could be made because the target machine actively refused it.
2026-07-06 14:36:14,130 - Zovix - INFO - Database initialized successfully
2026-07-06 14:36:17,135 - Zovix - WARNING - google-genai not installed. Using fallback script generation.
2026-07-06 14:36:21,220 - Zovix - WARNING - Redis not available: Error 10061 connecting to localhost:6379. No connection could be made because the target machine actively refused it.
2026-07-06 14:36:21,222 - Zovix - INFO - Load balancer initialized with 4 workers
2026-07-06 14:36:25,305 - Zovix - WARNING - Redis not available: Error 10061 connecting to localhost:6379. No connection could be made because the target machine actively refused it.
2026-07-06 14:36:25,316 - Zovix - INFO - Database initialized successfully
2026-07-06 14:36:31,658 - Zovix - WARNING - google-genai not installed. Using fallback script generation.
2026-07-06 14:36:35,748 - Zovix - WARNING - Redis not available: Error 10061 connecting to localhost:6379. No connection could be made because the target machine actively refused it.
2026-07-06 14:36:35,750 - Zovix - INFO - Load balancer initialized with 4 workers
2026-07-06 14:36:39,828 - Zovix - WARNING - Redis not available: Error 10061 connecting to localhost:6379. No connection could be made because the target machine actively refused it.
2026-07-06 14:36:39,834 - Zovix - INFO - Database initialized successfully
2026-07-06 14:36:45,789 - Zovix - WARNING - google-genai not installed. Using fallback script generation.
2026-07-06 14:36:49,889 - Zovix - WARNING - Redis not available: Error 10061 connecting to localhost:6379. No connection could be made because the target machine actively refused it.
2026-07-06 14:36:49,892 - Zovix - INFO - Load balancer initialized with 4 workers
2026-07-06 14:36:53,977 - Zovix - WARNING - Redis not available: Error 10061 connecting to localhost:6379. No connection could be made because the target machine actively refused it.
2026-07-06 14:36:53,985 - Zovix - INFO - Database initialized successfully
2026-07-06 14:36:58,247 - Zovix - WARNING - google-genai not installed. Using fallback script generation.
2026-07-06 14:37:02,327 - Zovix - WARNING - Redis not available: Error 10061 connecting to localhost:6379. No connection could be made because the target machine actively refused it.
2026-07-06 14:37:02,330 - Zovix - INFO - Load balancer initialized with 4 workers
2026-07-06 14:37:06,408 - Zovix - WARNING - Redis not available: Error 10061 connecting to localhost:6379. No connection could be made because the target machine actively refused it.
2026-07-06 14:37:06,418 - Zovix - INFO - Database initialized successfully
2026-07-06 14:37:14,250 - Zovix - WARNING - google-genai not installed. Using fallback script generation.
2026-07-06 14:37:18,334 - Zovix - WARNING - Redis not available: Error 10061 connecting to localhost:6379. No connection could be made because the target machine actively refused it.
2026-07-06 14:37:18,338 - Zovix - INFO - Load balancer initialized with 4 workers
2026-07-06 14:37:22,436 - Zovix - WARNING - Redis not available: Error 10061 connecting to localhost:6379. No connection could be made because the target machine actively refused it.
2026-07-06 14:37:22,445 - Zovix - INFO - Database initialized successfully
2026-07-06 14:37:26,738 - Zovix - WARNING - google-genai not installed. Using fallback script generation.
2026-07-06 14:37:30,834 - Zovix - WARNING - Redis not available: Error 10061 connecting to localhost:6379. No connection could be made because the target machine actively refused it.
2026-07-06 14:37:30,837 - Zovix - INFO - Load balancer initialized with 4 workers
2026-07-06 14:37:34,908 - Zovix - WARNING - Redis not available: Error 10061 connecting to localhost:6379. No connection could be made because the target machine actively refused it.
2026-07-06 14:37:34,916 - Zovix - INFO - Database initialized successfully
2026-07-06 14:37:42,764 - Zovix - WARNING - google-genai not installed. Using fallback script generation.
2026-07-06 14:37:46,843 - Zovix - WARNING - Redis not available: Error 10061 connecting to localhost:6379. No connection could be made because the target machine actively refused it.
2026-07-06 14:37:46,846 - Zovix - INFO - Load balancer initialized with 4 workers
2026-07-06 14:37:50,928 - Zovix - WARNING - Redis not available: Error 10061 connecting to localhost:6379. No connection could be made because the target machine actively refused it.
2026-07-06 14:37:50,939 - Zovix - INFO - Database initialized successfully
2026-07-06 14:57:57,768 - Zovix - WARNING - google-genai not installed. Using fallback script generation.
2026-07-06 14:58:01,841 - Zovix - WARNING - Redis not available: Error 10061 connecting to localhost:6379. No connection could be made because the target machine actively refused it.
2026-07-06 14:58:01,842 - Zovix - INFO - Load balancer initialized with 4 workers
2026-07-06 14:58:05,911 - Zovix - WARNING - Redis not available: Error 10061 connecting to localhost:6379. No connection could be made because the target machine actively refused it.
2026-07-06 14:58:05,920 - Zovix - INFO - Database initialized successfully
2026-07-06 14:58:10,214 - Zovix - WARNING - google-genai not installed. Using fallback script generation.
2026-07-06 14:58:14,283 - Zovix - WARNING - Redis not available: Error 10061 connecting to localhost:6379. No connection could be made because the target machine actively refused it.
2026-07-06 14:58:14,284 - Zovix - INFO - Load balancer initialized with 4 workers
2026-07-06 14:58:18,359 - Zovix - WARNING - Redis not available: Error 10061 connecting to localhost:6379. No connection could be made because the target machine actively refused it.
2026-07-06 14:58:18,370 - Zovix - INFO - Database initialized successfully
2026-07-06 15:00:48,125 - Zovix - WARNING - google-genai not installed. Using fallback script generation.
2026-07-06 15:00:52,228 - Zovix - WARNING - Redis not available: Error 10061 connecting to localhost:6379. No connection could be made because the target machine actively refused it.
2026-07-06 15:00:52,230 - Zovix - INFO - Load balancer initialized with 4 workers
2026-07-06 15:00:56,303 - Zovix - WARNING - Redis not available: Error 10061 connecting to localhost:6379. No connection could be made because the target machine actively refused it.
2026-07-06 15:00:56,314 - Zovix - INFO - Database initialized successfully
2026-07-06 15:01:00,544 - Zovix - WARNING - google-genai not installed. Using fallback script generation.
2026-07-06 15:01:04,623 - Zovix - WARNING - Redis not available: Error 10061 connecting to localhost:6379. No connection could be made because the target machine actively refused it.
2026-07-06 15:01:04,624 - Zovix - INFO - Load balancer initialized with 4 workers
2026-07-06 15:01:08,670 - Zovix - WARNING - Redis not available: Error 10061 connecting to localhost:6379. No connection could be made because the target machine actively refused it.
2026-07-06 15:01:08,681 - Zovix - INFO - Database initialized successfully
2026-07-06 15:31:15,068 - Zovix - WARNING - google-genai not installed. Using fallback script generation.
2026-07-06 15:31:21,271 - Zovix - WARNING - Redis not available: Error 10061 connecting to localhost:6379. No connection could be made because the target machine actively refused it.
2026-07-06 15:31:21,293 - Zovix - INFO - Load balancer initialized with 4 workers
2026-07-06 15:31:25,391 - Zovix - WARNING - Redis not available: Error 10061 connecting to localhost:6379. No connection could be made because the target machine actively refused it.
2026-07-06 15:31:26,287 - Zovix - INFO - Database initialized successfully
2026-07-06 15:31:28,014 - Zovix - WARNING - google-genai not installed. Using fallback script generation.
2026-07-06 15:31:32,102 - Zovix - WARNING - Redis not available: Error 10061 connecting to localhost:6379. No connection could be made because the target machine actively refused it.
2026-07-06 15:31:32,105 - Zovix - INFO - Load balancer initialized with 4 workers
2026-07-06 15:31:36,187 - Zovix - WARNING - Redis not available: Error 10061 connecting to localhost:6379. No connection could be made because the target machine actively refused it.
2026-07-06 15:31:36,198 - Zovix - INFO - Database initialized successfully
2026-07-06 15:31:39,008 - Zovix - WARNING - google-genai not installed. Using fallback script generation.
2026-07-06 15:31:43,108 - Zovix - WARNING - Redis not available: Error 10061 connecting to localhost:6379. No connection could be made because the target machine actively refused it.
2026-07-06 15:31:43,111 - Zovix - INFO - Load balancer initialized with 4 workers
2026-07-06 15:31:47,165 - Zovix - WARNING - Redis not available: Error 10061 connecting to localhost:6379. No connection could be made because the target machine actively refused it.
2026-07-06 15:31:47,179 - Zovix - INFO - Database initialized successfully
2026-07-06 15:31:59,617 - Zovix - WARNING - google-genai not installed. Using fallback script generation.
2026-07-06 15:32:03,714 - Zovix - WARNING - Redis not available: Error 10061 connecting to localhost:6379. No connection could be made because the target machine actively refused it.
2026-07-06 15:32:03,717 - Zovix - INFO - Load balancer initialized with 4 workers
2026-07-06 15:32:07,774 - Zovix - WARNING - Redis not available: Error 10061 connecting to localhost:6379. No connection could be made because the target machine actively refused it.
2026-07-06 15:32:07,786 - Zovix - INFO - Database initialized successfully
2026-07-06 15:32:12,076 - Zovix - WARNING - google-genai not installed. Using fallback script generation.
2026-07-06 15:32:16,146 - Zovix - WARNING - Redis not available: Error 10061 connecting to localhost:6379. No connection could be made because the target machine actively refused it.
2026-07-06 15:32:16,149 - Zovix - INFO - Load balancer initialized with 4 workers
2026-07-06 15:32:20,246 - Zovix - WARNING - Redis not available: Error 10061 connecting to localhost:6379. No connection could be made because the target machine actively refused it.
2026-07-06 15:32:20,255 - Zovix - INFO - Database initialized successfully
2026-07-06 15:38:01,310 - Zovix - WARNING - google-genai not installed. Using fallback script generation.
2026-07-06 15:38:05,403 - Zovix - WARNING - Redis not available: Error 10061 connecting to localhost:6379. No connection could be made because the target machine actively refused it.
2026-07-06 15:38:05,406 - Zovix - INFO - Load balancer initialized with 4 workers
2026-07-06 15:38:06,241 - Zovix - WARNING - google-genai not installed. Using fallback script generation.
2026-07-06 15:38:09,468 - Zovix - WARNING - Redis not available: Error 10061 connecting to localhost:6379. No connection could be made because the target machine actively refused it.
2026-07-06 15:38:10,327 - Zovix - WARNING - Redis not available: Error 10061 connecting to localhost:6379. No connection could be made because the target machine actively refused it.
2026-07-06 15:38:10,330 - Zovix - INFO - Load balancer initialized with 4 workers
2026-07-06 15:38:14,419 - Zovix - WARNING - Redis not available: Error 10061 connecting to localhost:6379. No connection could be made because the target machine actively refused it.
2026-07-06 15:38:14,429 - Zovix - INFO - Database initialized successfully
2026-07-06 15:38:28,663 - Zovix - WARNING - google-genai not installed. Using fallback script generation.
2026-07-06 15:38:32,769 - Zovix - WARNING - Redis not available: Error 10061 connecting to localhost:6379. No connection could be made because the target machine actively refused it.
2026-07-06 15:38:32,770 - Zovix - INFO - Load balancer initialized with 4 workers
2026-07-06 15:38:36,837 - Zovix - WARNING - Redis not available: Error 10061 connecting to localhost:6379. No connection could be made because the target machine actively refused it.
2026-07-06 15:38:36,847 - Zovix - INFO - Database initialized successfully
2026-07-06 15:38:49,749 - Zovix - WARNING - google-genai not installed. Using fallback script generation.
2026-07-06 15:38:53,828 - Zovix - WARNING - Redis not available: Error 10061 connecting to localhost:6379. No connection could be made because the target machine actively refused it.
2026-07-06 15:38:53,831 - Zovix - INFO - Load balancer initialized with 4 workers
2026-07-06 15:38:57,905 - Zovix - WARNING - Redis not available: Error 10061 connecting to localhost:6379. No connection could be made because the target machine actively refused it.
2026-07-06 15:38:57,915 - Zovix - INFO - Database initialized successfully
2026-07-06 15:39:18,321 - Zovix - WARNING - google-genai not installed. Using fallback script generation.
2026-07-06 15:39:22,458 - Zovix - WARNING - Redis not available: Error 10061 connecting to localhost:6379. No connection could be made because the target machine actively refused it.
2026-07-06 15:39:22,461 - Zovix - INFO - Load balancer initialized with 4 workers
2026-07-06 15:39:26,558 - Zovix - WARNING - Redis not available: Error 10061 connecting to localhost:6379. No connection could be made because the target machine actively refused it.
2026-07-06 15:39:26,569 - Zovix - INFO - Database initialized successfully
2026-07-06 15:39:53,923 - Zovix - WARNING - google-genai not installed. Using fallback script generation.
2026-07-06 15:39:58,038 - Zovix - WARNING - Redis not available: Error 10061 connecting to localhost:6379. No connection could be made because the target machine actively refused it.
2026-07-06 15:39:58,042 - Zovix - INFO - Load balancer initialized with 4 workers
2026-07-06 15:40:02,106 - Zovix - WARNING - Redis not available: Error 10061 connecting to localhost:6379. No connection could be made because the target machine actively refused it.
2026-07-06 15:40:02,114 - Zovix - INFO - Database initialized successfully
2026-07-06 15:44:26,530 - Zovix - WARNING - google-genai not installed. Using fallback script generation.
2026-07-06 15:44:30,619 - Zovix - WARNING - Redis not available: Error 10061 connecting to localhost:6379. No connection could be made because the target machine actively refused it.
2026-07-06 15:44:30,621 - Zovix - INFO - Load balancer initialized with 4 workers
2026-07-06 15:44:34,761 - Zovix - WARNING - Redis not available: Error 10061 connecting to localhost:6379. No connection could be made because the target machine actively refused it.
2026-07-06 15:44:34,774 - Zovix - INFO - Database initialized successfully
2026-07-06 15:44:36,741 - Zovix - WARNING - google-genai not installed. Using fallback script generation.
2026-07-06 15:44:40,816 - Zovix - WARNING - Redis not available: Error 10061 connecting to localhost:6379. No connection could be made because the target machine actively refused it.
2026-07-06 15:44:40,818 - Zovix - INFO - Load balancer initialized with 4 workers
2026-07-06 15:44:44,908 - Zovix - WARNING - Redis not available: Error 10061 connecting to localhost:6379. No connection could be made because the target machine actively refused it.
2026-07-06 15:44:44,919 - Zovix - INFO - Database initialized successfully
2026-07-06 15:44:50,219 - Zovix - WARNING - google-genai not installed. Using fallback script generation.
2026-07-06 15:44:54,326 - Zovix - WARNING - Redis not available: Error 10061 connecting to localhost:6379. No connection could be made because the target machine actively refused it.
2026-07-06 15:44:54,327 - Zovix - INFO - Load balancer initialized with 4 workers
2026-07-06 15:44:58,409 - Zovix - WARNING - Redis not available: Error 10061 connecting to localhost:6379. No connection could be made because the target machine actively refused it.
2026-07-06 15:44:58,420 - Zovix - INFO - Database initialized successfully
2026-07-06 15:45:16,629 - Zovix - WARNING - google-genai not installed. Using fallback script generation.
2026-07-06 15:45:20,696 - Zovix - WARNING - Redis not available: Error 10061 connecting to localhost:6379. No connection could be made because the target machine actively refused it.
2026-07-06 15:45:20,697 - Zovix - INFO - Load balancer initialized with 4 workers
2026-07-06 15:45:24,772 - Zovix - WARNING - Redis not available: Error 10061 connecting to localhost:6379. No connection could be made because the target machine actively refused it.
2026-07-06 15:45:24,781 - Zovix - INFO - Database initialized successfully
2026-07-06 15:45:29,079 - Zovix - WARNING - google-genai not installed. Using fallback script generation.
2026-07-06 15:45:33,159 - Zovix - WARNING - Redis not available: Error 10061 connecting to localhost:6379. No connection could be made because the target machine actively refused it.
2026-07-06 15:45:33,161 - Zovix - INFO - Load balancer initialized with 4 workers
2026-07-06 15:45:37,234 - Zovix - WARNING - Redis not available: Error 10061 connecting to localhost:6379. No connection could be made because the target machine actively refused it.
2026-07-06 15:45:37,243 - Zovix - INFO - Database initialized successfully
2026-07-06 15:47:18,123 - Zovix - WARNING - google-genai not installed. Using fallback script generation.
2026-07-06 15:47:19,314 - Zovix - WARNING - google-genai not installed. Using fallback script generation.
2026-07-06 15:47:22,180 - Zovix - WARNING - Redis not available: Error 10061 connecting to localhost:6379. No connection could be made because the target machine actively refused it.
2026-07-06 15:47:22,182 - Zovix - INFO - Load balancer initialized with 4 workers
2026-07-06 15:47:23,421 - Zovix - WARNING - Redis not available: Error 10061 connecting to localhost:6379. No connection could be made because the target machine actively refused it.
2026-07-06 15:47:23,424 - Zovix - INFO - Load balancer initialized with 4 workers
2026-07-06 15:47:25,834 - Zovix - WARNING - google-genai not installed. Using fallback script generation.
2026-07-06 15:47:26,264 - Zovix - WARNING - Redis not available: Error 10061 connecting to localhost:6379. No connection could be made because the target machine actively refused it.
2026-07-06 15:47:27,500 - Zovix - WARNING - Redis not available: Error 10061 connecting to localhost:6379. No connection could be made because the target machine actively refused it.
2026-07-06 15:47:29,920 - Zovix - WARNING - Redis not available: Error 10061 connecting to localhost:6379. No connection could be made because the target machine actively refused it.
2026-07-06 15:47:29,923 - Zovix - INFO - Load balancer initialized with 4 workers
2026-07-06 15:47:34,010 - Zovix - WARNING - Redis not available: Error 10061 connecting to localhost:6379. No connection could be made because the target machine actively refused it.
2026-07-06 15:47:34,021 - Zovix - INFO - Database initialized successfully
2026-07-06 15:47:36,434 - Zovix - WARNING - google-genai not installed. Using fallback script generation.
2026-07-06 15:47:40,500 - Zovix - WARNING - Redis not available: Error 10061 connecting to localhost:6379. No connection could be made because the target machine actively refused it.
2026-07-06 15:47:40,503 - Zovix - INFO - Load balancer initialized with 4 workers
2026-07-06 15:47:44,592 - Zovix - WARNING - Redis not available: Error 10061 connecting to localhost:6379. No connection could be made because the target machine actively refused it.
2026-07-06 15:47:44,604 - Zovix - INFO - Database initialized successfully
2026-07-06 15:47:48,896 - Zovix - WARNING - google-genai not installed. Using fallback script generation.
2026-07-06 15:47:52,990 - Zovix - WARNING - Redis not available: Error 10061 connecting to localhost:6379. No connection could be made because the target machine actively refused it.
2026-07-06 15:47:52,991 - Zovix - INFO - Load balancer initialized with 4 workers
2026-07-06 15:47:57,042 - Zovix - WARNING - Redis not available: Error 10061 connecting to localhost:6379. No connection could be made because the target machine actively refused it.
2026-07-06 15:47:57,053 - Zovix - INFO - Database initialized successfully
2026-07-06 15:48:12,166 - Zovix - WARNING - google-genai not installed. Using fallback script generation.
2026-07-06 15:48:16,242 - Zovix - WARNING - Redis not available: Error 10061 connecting to localhost:6379. No connection could be made because the target machine actively refused it.
2026-07-06 15:48:16,245 - Zovix - INFO - Load balancer initialized with 4 workers
2026-07-06 15:48:20,335 - Zovix - WARNING - Redis not available: Error 10061 connecting to localhost:6379. No connection could be made because the target machine actively refused it.
2026-07-06 15:48:20,343 - Zovix - INFO - Database initialized successfully
2026-07-06 15:48:24,641 - Zovix - WARNING - google-genai not installed. Using fallback script generation.
2026-07-06 15:48:28,771 - Zovix - WARNING - Redis not available: Error 10061 connecting to localhost:6379. No connection could be made because the target machine actively refused it.
2026-07-06 15:48:28,772 - Zovix - INFO - Load balancer initialized with 4 workers
2026-07-06 15:48:32,866 - Zovix - WARNING - Redis not available: Error 10061 connecting to localhost:6379. No connection could be made because the target machine actively refused it.
2026-07-06 15:48:32,877 - Zovix - INFO - Database initialized successfully
2026-07-06 15:48:33,731 - Zovix - WARNING - google-genai not installed. Using fallback script generation.
2026-07-06 15:48:37,822 - Zovix - WARNING - Redis not available: Error 10061 connecting to localhost:6379. No connection could be made because the target machine actively refused it.
2026-07-06 15:48:37,824 - Zovix - INFO - Load balancer initialized with 4 workers
2026-07-06 15:48:41,872 - Zovix - WARNING - Redis not available: Error 10061 connecting to localhost:6379. No connection could be made because the target machine actively refused it.
2026-07-06 15:48:41,884 - Zovix - INFO - Database initialized successfully
2026-07-06 16:27:46,200 - asyncio - ERROR - Exception in callback _ProactorBasePipeTransport._call_connection_lost(None)
handle: <Handle _ProactorBasePipeTransport._call_connection_lost(None)>
Traceback (most recent call last):
  File "C:\Users\rajme\AppData\Local\Programs\Python\Python310\lib\asyncio\events.py", line 80, in _run
    self._context.run(self._callback, *self._args)
  File "C:\Users\rajme\AppData\Local\Programs\Python\Python310\lib\asyncio\proactor_events.py", line 162, in _call_connection_lost
    self._sock.shutdown(socket.SHUT_RDWR)
ConnectionResetError: [WinError 10054] An existing connection was forcibly closed by the remote host
2026-07-06 16:27:51,858 - asyncio - ERROR - Exception in callback _ProactorBasePipeTransport._call_connection_lost(None)
handle: <Handle _ProactorBasePipeTransport._call_connection_lost(None)>
Traceback (most recent call last):
  File "C:\Users\rajme\AppData\Local\Programs\Python\Python310\lib\asyncio\events.py", line 80, in _run
    self._context.run(self._callback, *self._args)
  File "C:\Users\rajme\AppData\Local\Programs\Python\Python310\lib\asyncio\proactor_events.py", line 162, in _call_connection_lost
    self._sock.shutdown(socket.SHUT_RDWR)
ConnectionResetError: [WinError 10054] An existing connection was forcibly closed by the remote host
2026-07-06 17:37:09,690 - Zovix - WARNING - google-genai not installed. Using fallback script generation.
2026-07-06 17:37:13,751 - Zovix - WARNING - Redis not available: Error 10061 connecting to localhost:6379. No connection could be made because the target machine actively refused it.
2026-07-06 17:37:13,752 - Zovix - INFO - Load balancer initialized with 4 workers
2026-07-06 17:37:17,828 - Zovix - WARNING - Redis not available: Error 10061 connecting to localhost:6379. No connection could be made because the target machine actively refused it.
2026-07-06 17:37:17,841 - Zovix - INFO - Database initialized successfully
2026-07-06 17:37:20,640 - Zovix - WARNING - google-genai not installed. Using fallback script generation.
2026-07-06 17:37:24,735 - Zovix - WARNING - Redis not available: Error 10061 connecting to localhost:6379. No connection could be made because the target machine actively refused it.
2026-07-06 17:37:24,737 - Zovix - INFO - Load balancer initialized with 4 workers
2026-07-06 17:37:28,819 - Zovix - WARNING - Redis not available: Error 10061 connecting to localhost:6379. No connection could be made because the target machine actively refused it.
2026-07-06 17:37:28,829 - Zovix - INFO - Database initialized successfully
2026-07-06 17:37:32,412 - Zovix - WARNING - google-genai not installed. Using fallback script generation.
2026-07-06 17:37:36,540 - Zovix - WARNING - Redis not available: Error 10061 connecting to localhost:6379. No connection could be made because the target machine actively refused it.
2026-07-06 17:37:36,542 - Zovix - INFO - Load balancer initialized with 4 workers
2026-07-06 17:37:40,670 - Zovix - WARNING - Redis not available: Error 10061 connecting to localhost:6379. No connection could be made because the target machine actively refused it.
2026-07-06 17:37:40,680 - Zovix - INFO - Database initialized successfully
2026-07-06 17:42:33,867 - Zovix - WARNING - google-genai not installed. Using fallback script generation.
2026-07-06 17:42:37,979 - Zovix - WARNING - Redis not available: Error 10061 connecting to localhost:6379. No connection could be made because the target machine actively refused it.
2026-07-06 17:42:37,980 - Zovix - INFO - Load balancer initialized with 4 workers
2026-07-06 17:42:42,121 - Zovix - WARNING - Redis not available: Error 10061 connecting to localhost:6379. No connection could be made because the target machine actively refused it.
2026-07-06 17:42:42,130 - Zovix - INFO - Database initialized successfully
2026-07-06 17:43:05,673 - Zovix - WARNING - google-genai not installed. Using fallback script generation.
2026-07-06 17:43:09,777 - Zovix - WARNING - Redis not available: Error 10061 connecting to localhost:6379. No connection could be made because the target machine actively refused it.
2026-07-06 17:43:09,778 - Zovix - INFO - Load balancer initialized with 4 workers
2026-07-06 17:43:13,897 - Zovix - WARNING - Redis not available: Error 10061 connecting to localhost:6379. No connection could be made because the target machine actively refused it.
2026-07-06 17:43:13,904 - Zovix - INFO - Database initialized successfully
2026-07-06 17:43:18,140 - Zovix - WARNING - google-genai not installed. Using fallback script generation.
2026-07-06 17:43:22,241 - Zovix - WARNING - Redis not available: Error 10061 connecting to localhost:6379. No connection could be made because the target machine actively refused it.
2026-07-06 17:43:22,242 - Zovix - INFO - Load balancer initialized with 4 workers
2026-07-06 17:43:26,347 - Zovix - WARNING - Redis not available: Error 10061 connecting to localhost:6379. No connection could be made because the target machine actively refused it.
2026-07-06 17:43:26,356 - Zovix - INFO - Database initialized successfully
2026-07-06 18:39:25,113 - Zovix - WARNING - google-genai not installed. Using fallback script generation.
2026-07-06 18:39:29,163 - Zovix - WARNING - Redis not available: Error 10061 connecting to localhost:6379. No connection could be made because the target machine actively refused it.
2026-07-06 18:39:29,165 - Zovix - INFO - Load balancer initialized with 4 workers
2026-07-06 18:39:33,219 - Zovix - WARNING - Redis not available: Error 10061 connecting to localhost:6379. No connection could be made because the target machine actively refused it.
2026-07-06 18:39:33,239 - Zovix - INFO - Database initialized successfully
2026-07-06 18:39:47,094 - Zovix - WARNING - google-genai not installed. Using fallback script generation.
2026-07-06 18:39:51,178 - Zovix - WARNING - Redis not available: Error 10061 connecting to localhost:6379. No connection could be made because the target machine actively refused it.
2026-07-06 18:39:51,181 - Zovix - INFO - Load balancer initialized with 4 workers
2026-07-06 18:39:55,281 - Zovix - WARNING - Redis not available: Error 10061 connecting to localhost:6379. No connection could be made because the target machine actively refused it.
2026-07-06 18:39:55,292 - Zovix - INFO - Database initialized successfully
2026-07-06 18:39:59,860 - Zovix - WARNING - google-genai not installed. Using fallback script generation.
2026-07-06 18:40:03,923 - Zovix - WARNING - Redis not available: Error 10061 connecting to localhost:6379. No connection could be made because the target machine actively refused it.
2026-07-06 18:40:03,925 - Zovix - INFO - Load balancer initialized with 4 workers
2026-07-06 18:40:08,024 - Zovix - WARNING - Redis not available: Error 10061 connecting to localhost:6379. No connection could be made because the target machine actively refused it.
2026-07-06 18:40:08,034 - Zovix - INFO - Database initialized successfully
2026-07-06 18:47:01,849 - Zovix - WARNING - google-genai not installed. Using fallback script generation.
2026-07-06 18:47:05,955 - Zovix - WARNING - Redis not available: Error 10061 connecting to localhost:6379. No connection could be made because the target machine actively refused it.
2026-07-06 18:47:05,957 - Zovix - INFO - Load balancer initialized with 4 workers
2026-07-06 18:47:10,046 - Zovix - WARNING - Redis not available: Error 10061 connecting to localhost:6379. No connection could be made because the target machine actively refused it.
2026-07-06 18:47:10,056 - Zovix - INFO - Database initialized successfully
2026-07-06 18:47:35,667 - Zovix - WARNING - google-genai not installed. Using fallback script generation.
2026-07-06 18:47:39,753 - Zovix - WARNING - Redis not available: Error 10061 connecting to localhost:6379. No connection could be made because the target machine actively refused it.
2026-07-06 18:47:39,755 - Zovix - INFO - Load balancer initialized with 4 workers
2026-07-06 18:47:43,859 - Zovix - WARNING - Redis not available: Error 10061 connecting to localhost:6379. No connection could be made because the target machine actively refused it.
2026-07-06 18:47:43,868 - Zovix - INFO - Database initialized successfully
2026-07-06 18:47:48,104 - Zovix - WARNING - google-genai not installed. Using fallback script generation.
2026-07-06 18:47:52,219 - Zovix - WARNING - Redis not available: Error 10061 connecting to localhost:6379. No connection could be made because the target machine actively refused it.
2026-07-06 18:47:52,222 - Zovix - INFO - Load balancer initialized with 4 workers
2026-07-06 18:47:56,294 - Zovix - WARNING - Redis not available: Error 10061 connecting to localhost:6379. No connection could be made because the target machine actively refused it.
2026-07-06 18:47:56,305 - Zovix - INFO - Database initialized successfully
2026-07-06 18:51:59,480 - Zovix - WARNING - google-genai not installed. Using fallback script generation.
2026-07-06 18:52:03,567 - Zovix - WARNING - Redis not available: Error 10061 connecting to localhost:6379. No connection could be made because the target machine actively refused it.
2026-07-06 18:52:03,570 - Zovix - INFO - Load balancer initialized with 4 workers
2026-07-06 18:52:07,672 - Zovix - WARNING - Redis not available: Error 10061 connecting to localhost:6379. No connection could be made because the target machine actively refused it.
2026-07-06 18:52:07,681 - Zovix - INFO - Database initialized successfully
2026-07-06 18:52:10,368 - Zovix - WARNING - google-genai not installed. Using fallback script generation.
2026-07-06 18:52:14,480 - Zovix - WARNING - Redis not available: Error 10061 connecting to localhost:6379. No connection could be made because the target machine actively refused it.
2026-07-06 18:52:14,481 - Zovix - INFO - Load balancer initialized with 4 workers
2026-07-06 18:52:18,556 - Zovix - WARNING - Redis not available: Error 10061 connecting to localhost:6379. No connection could be made because the target machine actively refused it.
2026-07-06 18:52:18,566 - Zovix - INFO - Database initialized successfully
2026-07-06 18:52:33,280 - Zovix - WARNING - google-genai not installed. Using fallback script generation.
2026-07-06 18:52:37,377 - Zovix - WARNING - Redis not available: Error 10061 connecting to localhost:6379. No connection could be made because the target machine actively refused it.
2026-07-06 18:52:37,380 - Zovix - INFO - Load balancer initialized with 4 workers
2026-07-06 18:52:41,484 - Zovix - WARNING - Redis not available: Error 10061 connecting to localhost:6379. No connection could be made because the target machine actively refused it.
2026-07-06 18:52:41,497 - Zovix - INFO - Database initialized successfully
2026-07-06 18:52:54,944 - Zovix - WARNING - google-genai not installed. Using fallback script generation.
2026-07-06 18:52:59,054 - Zovix - WARNING - Redis not available: Error 10061 connecting to localhost:6379. No connection could be made because the target machine actively refused it.
2026-07-06 18:52:59,057 - Zovix - INFO - Load balancer initialized with 4 workers
2026-07-06 18:53:03,130 - Zovix - WARNING - Redis not available: Error 10061 connecting to localhost:6379. No connection could be made because the target machine actively refused it.
2026-07-06 18:53:03,141 - Zovix - INFO - Database initialized successfully
2026-07-06 18:53:07,402 - Zovix - WARNING - google-genai not installed. Using fallback script generation.
2026-07-06 18:53:11,523 - Zovix - WARNING - Redis not available: Error 10061 connecting to localhost:6379. No connection could be made because the target machine actively refused it.
2026-07-06 18:53:11,526 - Zovix - INFO - Load balancer initialized with 4 workers
2026-07-06 18:53:15,583 - Zovix - WARNING - Redis not available: Error 10061 connecting to localhost:6379. No connection could be made because the target machine actively refused it.
2026-07-06 18:53:15,595 - Zovix - INFO - Database initialized successfully
2026-07-06 19:42:37,794 - Zovix - WARNING - google-genai not installed. Using fallback script generation.
2026-07-06 19:42:44,884 - Zovix - WARNING - Redis not available: Error 10061 connecting to localhost:6379. No connection could be made because the target machine actively refused it.
2026-07-06 19:42:44,885 - Zovix - INFO - Load balancer initialized with 4 workers
2026-07-06 19:42:51,943 - Zovix - WARNING - Redis not available: Error 10061 connecting to localhost:6379. No connection could be made because the target machine actively refused it.
2026-07-06 19:42:51,952 - Zovix - INFO - Database initialized successfully
2026-07-06 21:00:10,049 - Zovix - WARNING - google-genai not installed. Using fallback script generation.
2026-07-06 21:00:14,133 - Zovix - WARNING - Redis not available: Error 10061 connecting to localhost:6379. No connection could be made because the target machine actively refused it.
2026-07-06 21:00:14,134 - Zovix - INFO - Load balancer initialized with 4 workers
2026-07-06 21:00:18,199 - Zovix - WARNING - Redis not available: Error 10061 connecting to localhost:6379. No connection could be made because the target machine actively refused it.
2026-07-06 21:00:18,215 - Zovix - INFO - Database initialized successfully
2026-07-06 21:00:20,842 - Zovix - WARNING - google-genai not installed. Using fallback script generation.
2026-07-06 21:00:24,917 - Zovix - WARNING - Redis not available: Error 10061 connecting to localhost:6379. No connection could be made because the target machine actively refused it.
2026-07-06 21:00:24,919 - Zovix - INFO - Load balancer initialized with 4 workers
2026-07-06 21:00:29,026 - Zovix - WARNING - Redis not available: Error 10061 connecting to localhost:6379. No connection could be made because the target machine actively refused it.
2026-07-06 21:00:29,037 - Zovix - INFO - Database initialized successfully
2026-07-06 21:00:31,563 - Zovix - WARNING - google-genai not installed. Using fallback script generation.
2026-07-06 21:00:35,632 - Zovix - WARNING - Redis not available: Error 10061 connecting to localhost:6379. No connection could be made because the target machine actively refused it.
2026-07-06 21:00:35,633 - Zovix - INFO - Load balancer initialized with 4 workers
2026-07-06 21:00:39,719 - Zovix - WARNING - Redis not available: Error 10061 connecting to localhost:6379. No connection could be made because the target machine actively refused it.
2026-07-06 21:00:39,729 - Zovix - INFO - Database initialized successfully
2026-07-06 21:00:46,412 - Zovix - WARNING - google-genai not installed. Using fallback script generation.
2026-07-06 21:00:50,503 - Zovix - WARNING - Redis not available: Error 10061 connecting to localhost:6379. No connection could be made because the target machine actively refused it.
2026-07-06 21:00:50,506 - Zovix - INFO - Load balancer initialized with 4 workers
2026-07-06 21:00:54,576 - Zovix - WARNING - Redis not available: Error 10061 connecting to localhost:6379. No connection could be made because the target machine actively refused it.
2026-07-06 21:00:54,587 - Zovix - INFO - Database initialized successfully
2026-07-06 21:00:58,896 - Zovix - WARNING - google-genai not installed. Using fallback script generation.
2026-07-06 21:01:02,956 - Zovix - WARNING - Redis not available: Error 10061 connecting to localhost:6379. No connection could be made because the target machine actively refused it.
2026-07-06 21:01:02,959 - Zovix - INFO - Load balancer initialized with 4 workers
2026-07-06 21:01:07,038 - Zovix - WARNING - Redis not available: Error 10061 connecting to localhost:6379. No connection could be made because the target machine actively refused it.
2026-07-06 21:01:07,048 - Zovix - INFO - Database initialized successfully
2026-07-06 21:13:40,764 - Zovix - WARNING - google-genai not installed. Using fallback script generation.
2026-07-06 21:13:44,842 - Zovix - WARNING - Redis not available: Error 10061 connecting to localhost:6379. No connection could be made because the target machine actively refused it.
2026-07-06 21:13:44,844 - Zovix - INFO - Load balancer initialized with 4 workers
2026-07-06 21:13:48,931 - Zovix - WARNING - Redis not available: Error 10061 connecting to localhost:6379. No connection could be made because the target machine actively refused it.
2026-07-06 21:13:48,941 - Zovix - INFO - Database initialized successfully
2026-07-06 21:13:53,242 - Zovix - WARNING - google-genai not installed. Using fallback script generation.
2026-07-06 21:13:57,328 - Zovix - WARNING - Redis not available: Error 10061 connecting to localhost:6379. No connection could be made because the target machine actively refused it.
2026-07-06 21:13:57,333 - Zovix - INFO - Load balancer initialized with 4 workers
2026-07-06 21:14:01,427 - Zovix - WARNING - Redis not available: Error 10061 connecting to localhost:6379. No connection could be made because the target machine actively refused it.
2026-07-06 21:14:01,438 - Zovix - INFO - Database initialized successfully
2026-07-06 21:14:33,250 - Zovix - WARNING - google-genai not installed. Using fallback script generation.
2026-07-06 21:14:37,327 - Zovix - WARNING - Redis not available: Error 10061 connecting to localhost:6379. No connection could be made because the target machine actively refused it.
2026-07-06 21:14:37,328 - Zovix - INFO - Load balancer initialized with 4 workers
2026-07-06 21:14:41,419 - Zovix - WARNING - Redis not available: Error 10061 connecting to localhost:6379. No connection could be made because the target machine actively refused it.
2026-07-06 21:14:41,427 - Zovix - INFO - Database initialized successfully
2026-07-06 21:14:45,721 - Zovix - WARNING - google-genai not installed. Using fallback script generation.
2026-07-06 21:14:49,771 - Zovix - WARNING - Redis not available: Error 10061 connecting to localhost:6379. No connection could be made because the target machine actively refused it.
2026-07-06 21:14:49,773 - Zovix - INFO - Load balancer initialized with 4 workers
2026-07-06 21:14:53,831 - Zovix - WARNING - Redis not available: Error 10061 connecting to localhost:6379. No connection could be made because the target machine actively refused it.
2026-07-06 21:14:53,838 - Zovix - INFO - Database initialized successfully
2026-07-06 21:40:50,519 - Zovix - WARNING - google-genai not installed. Using fallback script generation.
2026-07-06 21:40:54,592 - Zovix - WARNING - Redis not available: Error 10061 connecting to localhost:6379. No connection could be made because the target machine actively refused it.
2026-07-06 21:40:54,595 - Zovix - INFO - Load balancer initialized with 4 workers
2026-07-06 21:40:58,649 - Zovix - WARNING - Redis not available: Error 10061 connecting to localhost:6379. No connection could be made because the target machine actively refused it.
2026-07-06 21:40:58,655 - Zovix - INFO - Database initialized successfully
2026-07-06 21:41:02,801 - Zovix - WARNING - google-genai not installed. Using fallback script generation.
2026-07-06 21:41:06,874 - Zovix - WARNING - Redis not available: Error 10061 connecting to localhost:6379. No connection could be made because the target machine actively refused it.
2026-07-06 21:41:06,874 - Zovix - INFO - Load balancer initialized with 4 workers
2026-07-06 21:41:10,936 - Zovix - WARNING - Redis not available: Error 10061 connecting to localhost:6379. No connection could be made because the target machine actively refused it.
2026-07-06 21:41:10,943 - Zovix - INFO - Database initialized successfully
2026-07-06 21:48:41,549 - Zovix - WARNING - google-genai not installed. Using fallback script generation.
2026-07-06 21:48:45,643 - Zovix - WARNING - Redis not available: Error 10061 connecting to localhost:6379. No connection could be made because the target machine actively refused it.
2026-07-06 21:48:45,646 - Zovix - INFO - Load balancer initialized with 4 workers
2026-07-06 21:48:49,765 - Zovix - WARNING - Redis not available: Error 10061 connecting to localhost:6379. No connection could be made because the target machine actively refused it.
2026-07-06 21:48:49,776 - Zovix - INFO - Database initialized successfully
2026-07-06 21:48:52,886 - Zovix - WARNING - google-genai not installed. Using fallback script generation.
2026-07-06 21:48:56,991 - Zovix - WARNING - Redis not available: Error 10061 connecting to localhost:6379. No connection could be made because the target machine actively refused it.
2026-07-06 21:48:56,992 - Zovix - INFO - Load balancer initialized with 4 workers
2026-07-06 21:49:01,066 - Zovix - WARNING - Redis not available: Error 10061 connecting to localhost:6379. No connection could be made because the target machine actively refused it.
2026-07-06 21:49:01,077 - Zovix - INFO - Database initialized successfully
2026-07-06 21:49:08,460 - Zovix - WARNING - google-genai not installed. Using fallback script generation.
2026-07-06 21:49:12,606 - Zovix - WARNING - Redis not available: Error 10061 connecting to localhost:6379. No connection could be made because the target machine actively refused it.
2026-07-06 21:49:12,609 - Zovix - INFO - Load balancer initialized with 4 workers
2026-07-06 21:49:16,699 - Zovix - WARNING - Redis not available: Error 10061 connecting to localhost:6379. No connection could be made because the target machine actively refused it.
2026-07-06 21:49:16,713 - Zovix - INFO - Database initialized successfully
2026-07-06 21:49:32,687 - Zovix - WARNING - google-genai not installed. Using fallback script generation.
2026-07-06 21:49:36,775 - Zovix - WARNING - Redis not available: Error 10061 connecting to localhost:6379. No connection could be made because the target machine actively refused it.
2026-07-06 21:49:36,777 - Zovix - INFO - Load balancer initialized with 4 workers
2026-07-06 21:49:40,907 - Zovix - WARNING - Redis not available: Error 10061 connecting to localhost:6379. No connection could be made because the target machine actively refused it.
2026-07-06 21:49:40,919 - Zovix - INFO - Database initialized successfully
2026-07-06 21:49:45,200 - Zovix - WARNING - google-genai not installed. Using fallback script generation.
2026-07-06 21:49:49,298 - Zovix - WARNING - Redis not available: Error 10061 connecting to localhost:6379. No connection could be made because the target machine actively refused it.
2026-07-06 21:49:49,302 - Zovix - INFO - Load balancer initialized with 4 workers
2026-07-06 21:49:53,411 - Zovix - WARNING - Redis not available: Error 10061 connecting to localhost:6379. No connection could be made because the target machine actively refused it.
2026-07-06 21:49:53,420 - Zovix - INFO - Database initialized successfully
2026-07-06 21:51:07,618 - Zovix - WARNING - google-genai not installed. Using fallback script generation.
2026-07-06 21:51:11,736 - Zovix - WARNING - Redis not available: Error 10061 connecting to localhost:6379. No connection could be made because the target machine actively refused it.
2026-07-06 21:51:11,740 - Zovix - INFO - Load balancer initialized with 4 workers
2026-07-06 21:51:15,837 - Zovix - WARNING - Redis not available: Error 10061 connecting to localhost:6379. No connection could be made because the target machine actively refused it.
2026-07-06 21:51:15,848 - Zovix - INFO - Database initialized successfully
2026-07-06 21:55:05,672 - Zovix - WARNING - google-genai not installed. Using fallback script generation.
2026-07-06 21:55:09,752 - Zovix - WARNING - Redis not available: Error 10061 connecting to localhost:6379. No connection could be made because the target machine actively refused it.
2026-07-06 21:55:09,756 - Zovix - INFO - Load balancer initialized with 4 workers
2026-07-06 21:55:13,811 - Zovix - WARNING - Redis not available: Error 10061 connecting to localhost:6379. No connection could be made because the target machine actively refused it.
2026-07-06 21:55:13,818 - Zovix - INFO - Database initialized successfully
2026-07-06 21:55:18,133 - Zovix - WARNING - google-genai not installed. Using fallback script generation.
2026-07-06 21:55:22,257 - Zovix - WARNING - Redis not available: Error 10061 connecting to localhost:6379. No connection could be made because the target machine actively refused it.
2026-07-06 21:55:22,261 - Zovix - INFO - Load balancer initialized with 4 workers
2026-07-06 21:55:26,349 - Zovix - WARNING - Redis not available: Error 10061 connecting to localhost:6379. No connection could be made because the target machine actively refused it.
2026-07-06 21:55:26,361 - Zovix - INFO - Database initialized successfully
2026-07-06 21:56:45,156 - Zovix - WARNING - google-genai not installed. Using fallback script generation.
2026-07-06 21:56:49,235 - Zovix - WARNING - Redis not available: Error 10061 connecting to localhost:6379. No connection could be made because the target machine actively refused it.
2026-07-06 21:56:49,238 - Zovix - INFO - Load balancer initialized with 4 workers
2026-07-06 21:56:53,343 - Zovix - WARNING - Redis not available: Error 10061 connecting to localhost:6379. No connection could be made because the target machine actively refused it.
2026-07-06 21:56:53,355 - Zovix - INFO - Database initialized successfully
2026-07-06 21:57:01,046 - Zovix - WARNING - google-genai not installed. Using fallback script generation.
2026-07-06 21:57:05,150 - Zovix - WARNING - Redis not available: Error 10061 connecting to localhost:6379. No connection could be made because the target machine actively refused it.
2026-07-06 21:57:05,152 - Zovix - INFO - Load balancer initialized with 4 workers
2026-07-06 21:57:06,887 - Zovix - WARNING - google-genai not installed. Using fallback script generation.
2026-07-06 21:57:09,198 - Zovix - WARNING - Redis not available: Error 10061 connecting to localhost:6379. No connection could be made because the target machine actively refused it.
2026-07-06 21:57:10,963 - Zovix - WARNING - Redis not available: Error 10061 connecting to localhost:6379. No connection could be made because the target machine actively refused it.
2026-07-06 21:57:10,967 - Zovix - INFO - Load balancer initialized with 4 workers
2026-07-06 21:57:15,045 - Zovix - WARNING - Redis not available: Error 10061 connecting to localhost:6379. No connection could be made because the target machine actively refused it.
2026-07-06 21:57:15,059 - Zovix - INFO - Database initialized successfully
2026-07-06 22:00:22,225 - Zovix - WARNING - google-genai not installed. Using fallback script generation.
2026-07-06 22:00:26,306 - Zovix - WARNING - Redis not available: Error 10061 connecting to localhost:6379. No connection could be made because the target machine actively refused it.
2026-07-06 22:00:26,308 - Zovix - INFO - Load balancer initialized with 4 workers
2026-07-06 22:00:30,381 - Zovix - WARNING - Redis not available: Error 10061 connecting to localhost:6379. No connection could be made because the target machine actively refused it.
2026-07-06 22:00:30,390 - Zovix - INFO - Database initialized successfully
2026-07-07 14:14:20,968 - Zovix - WARNING - google-genai not installed. Using fallback script generation.
2026-07-07 14:14:26,972 - Zovix - WARNING - Redis not available: Error 10061 connecting to localhost:6379. No connection could be made because the target machine actively refused it.
2026-07-07 14:14:27,013 - Zovix - INFO - Load balancer initialized with 4 workers
2026-07-07 14:14:31,085 - Zovix - WARNING - Redis not available: Error 10061 connecting to localhost:6379. No connection could be made because the target machine actively refused it.
2026-07-07 14:14:32,047 - Zovix - INFO - Database initialized successfully
2026-07-07 14:53:32,129 - Zovix - WARNING - google-genai not installed. Using fallback script generation.
2026-07-07 14:53:38,335 - Zovix - WARNING - Redis not available: Error 10061 connecting to localhost:6379. No connection could be made because the target machine actively refused it.
2026-07-07 14:53:38,347 - Zovix - INFO - Load balancer initialized with 4 workers
2026-07-07 14:53:42,389 - Zovix - WARNING - Redis not available: Error 10061 connecting to localhost:6379. No connection could be made because the target machine actively refused it.
2026-07-07 14:53:43,315 - Zovix - INFO - Database initialized successfully
2026-07-07 14:55:04,572 - Zovix - WARNING - google-genai not installed. Using fallback script generation.
2026-07-07 14:55:08,662 - Zovix - WARNING - Redis not available: Error 10061 connecting to localhost:6379. No connection could be made because the target machine actively refused it.
2026-07-07 14:55:08,665 - Zovix - INFO - Load balancer initialized with 4 workers
2026-07-07 14:55:12,765 - Zovix - WARNING - Redis not available: Error 10061 connecting to localhost:6379. No connection could be made because the target machine actively refused it.
2026-07-07 14:55:12,778 - Zovix - INFO - Database initialized successfully
2026-07-07 14:55:15,718 - Zovix - WARNING - google-genai not installed. Using fallback script generation.
2026-07-07 14:55:19,810 - Zovix - WARNING - Redis not available: Error 10061 connecting to localhost:6379. No connection could be made because the target machine actively refused it.
2026-07-07 14:55:19,813 - Zovix - INFO - Load balancer initialized with 4 workers
2026-07-07 14:55:23,886 - Zovix - WARNING - Redis not available: Error 10061 connecting to localhost:6379. No connection could be made because the target machine actively refused it.
2026-07-07 14:55:23,897 - Zovix - INFO - Database initialized successfully
2026-07-07 14:55:41,587 - Zovix - WARNING - google-genai not installed. Using fallback script generation.
2026-07-07 14:55:45,675 - Zovix - WARNING - Redis not available: Error 10061 connecting to localhost:6379. No connection could be made because the target machine actively refused it.
2026-07-07 14:55:45,681 - Zovix - INFO - Load balancer initialized with 4 workers
2026-07-07 14:55:49,760 - Zovix - WARNING - Redis not available: Error 10061 connecting to localhost:6379. No connection could be made because the target machine actively refused it.
2026-07-07 14:55:49,771 - Zovix - INFO - Database initialized successfully
2026-07-07 14:55:54,091 - Zovix - WARNING - google-genai not installed. Using fallback script generation.
2026-07-07 14:55:58,190 - Zovix - WARNING - Redis not available: Error 10061 connecting to localhost:6379. No connection could be made because the target machine actively refused it.
2026-07-07 14:55:58,191 - Zovix - INFO - Load balancer initialized with 4 workers
2026-07-07 14:56:02,282 - Zovix - WARNING - Redis not available: Error 10061 connecting to localhost:6379. No connection could be made because the target machine actively refused it.
2026-07-07 14:56:02,291 - Zovix - INFO - Database initialized successfully
2026-07-07 14:56:16,655 - Zovix - WARNING - google-genai not installed. Using fallback script generation.
2026-07-07 14:56:19,138 - Zovix - WARNING - google-genai not installed. Using fallback script generation.
2026-07-07 14:56:20,730 - Zovix - WARNING - Redis not available: Error 10061 connecting to localhost:6379. No connection could be made because the target machine actively refused it.
2026-07-07 14:56:20,733 - Zovix - INFO - Load balancer initialized with 4 workers
2026-07-07 14:56:23,215 - Zovix - WARNING - Redis not available: Error 10061 connecting to localhost:6379. No connection could be made because the target machine actively refused it.
2026-07-07 14:56:23,217 - Zovix - INFO - Load balancer initialized with 4 workers
2026-07-07 14:56:24,782 - Zovix - WARNING - Redis not available: Error 10061 connecting to localhost:6379. No connection could be made because the target machine actively refused it.
2026-07-07 14:56:27,315 - Zovix - WARNING - Redis not available: Error 10061 connecting to localhost:6379. No connection could be made because the target machine actively refused it.
2026-07-07 14:56:27,324 - Zovix - INFO - Database initialized successfully
2026-07-07 15:02:28,293 - Zovix - WARNING - google-genai not installed. Using fallback script generation.
2026-07-07 15:02:29,412 - Zovix - WARNING - google-genai not installed. Using fallback script generation.
2026-07-07 15:02:32,384 - Zovix - WARNING - Redis not available: Error 10061 connecting to localhost:6379. No connection could be made because the target machine actively refused it.
2026-07-07 15:02:32,387 - Zovix - INFO - Load balancer initialized with 4 workers
2026-07-07 15:02:33,507 - Zovix - WARNING - Redis not available: Error 10061 connecting to localhost:6379. No connection could be made because the target machine actively refused it.
2026-07-07 15:02:33,509 - Zovix - INFO - Load balancer initialized with 4 workers
2026-07-07 15:02:36,468 - Zovix - WARNING - Redis not available: Error 10061 connecting to localhost:6379. No connection could be made because the target machine actively refused it.
2026-07-07 15:02:37,590 - Zovix - WARNING - Redis not available: Error 10061 connecting to localhost:6379. No connection could be made because the target machine actively refused it.
2026-07-07 15:02:37,601 - Zovix - INFO - Database initialized successfully
2026-07-07 15:02:50,459 - Zovix - WARNING - google-genai not installed. Using fallback script generation.
2026-07-07 15:02:54,564 - Zovix - WARNING - Redis not available: Error 10061 connecting to localhost:6379. No connection could be made because the target machine actively refused it.
2026-07-07 15:02:54,567 - Zovix - INFO - Load balancer initialized with 4 workers
2026-07-07 15:02:57,990 - Zovix - WARNING - google-genai not installed. Using fallback script generation.
2026-07-07 15:02:58,672 - Zovix - WARNING - Redis not available: Error 10061 connecting to localhost:6379. No connection could be made because the target machine actively refused it.
2026-07-07 15:03:02,057 - Zovix - WARNING - Redis not available: Error 10061 connecting to localhost:6379. No connection could be made because the target machine actively refused it.
2026-07-07 15:03:02,061 - Zovix - INFO - Load balancer initialized with 4 workers
2026-07-07 15:03:06,175 - Zovix - WARNING - Redis not available: Error 10061 connecting to localhost:6379. No connection could be made because the target machine actively refused it.
2026-07-07 15:03:06,192 - Zovix - INFO - Database initialized successfully
2026-07-07 15:03:15,671 - Zovix - WARNING - google-genai not installed. Using fallback script generation.
2026-07-07 15:03:19,757 - Zovix - WARNING - Redis not available: Error 10061 connecting to localhost:6379. No connection could be made because the target machine actively refused it.
2026-07-07 15:03:19,761 - Zovix - INFO - Load balancer initialized with 4 workers
2026-07-07 15:03:23,286 - Zovix - WARNING - google-genai not installed. Using fallback script generation.
2026-07-07 15:03:23,840 - Zovix - WARNING - Redis not available: Error 10061 connecting to localhost:6379. No connection could be made because the target machine actively refused it.
2026-07-07 15:03:27,364 - Zovix - WARNING - Redis not available: Error 10061 connecting to localhost:6379. No connection could be made because the target machine actively refused it.
2026-07-07 15:03:27,368 - Zovix - INFO - Load balancer initialized with 4 workers
2026-07-07 15:03:31,447 - Zovix - WARNING - Redis not available: Error 10061 connecting to localhost:6379. No connection could be made because the target machine actively refused it.
2026-07-07 15:03:31,458 - Zovix - INFO - Database initialized successfully
2026-07-07 15:04:01,881 - Zovix - WARNING - google-genai not installed. Using fallback script generation.
2026-07-07 15:04:05,966 - Zovix - WARNING - Redis not available: Error 10061 connecting to localhost:6379. No connection could be made because the target machine actively refused it.
2026-07-07 15:04:05,970 - Zovix - INFO - Load balancer initialized with 4 workers
2026-07-07 15:04:10,081 - Zovix - WARNING - Redis not available: Error 10061 connecting to localhost:6379. No connection could be made because the target machine actively refused it.
2026-07-07 15:04:10,092 - Zovix - INFO - Database initialized successfully
2026-07-07 15:04:17,719 - Zovix - WARNING - google-genai not installed. Using fallback script generation.
2026-07-07 15:04:21,774 - Zovix - WARNING - Redis not available: Error 10061 connecting to localhost:6379. No connection could be made because the target machine actively refused it.
2026-07-07 15:04:21,776 - Zovix - INFO - Load balancer initialized with 4 workers
2026-07-07 15:04:25,876 - Zovix - WARNING - Redis not available: Error 10061 connecting to localhost:6379. No connection could be made because the target machine actively refused it.
2026-07-07 15:04:25,889 - Zovix - INFO - Database initialized successfully
2026-07-07 15:05:03,809 - Zovix - WARNING - google-genai not installed. Using fallback script generation.
2026-07-07 15:05:07,912 - Zovix - WARNING - Redis not available: Error 10061 connecting to localhost:6379. No connection could be made because the target machine actively refused it.
2026-07-07 15:05:07,916 - Zovix - INFO - Load balancer initialized with 4 workers
2026-07-07 15:05:11,999 - Zovix - WARNING - Redis not available: Error 10061 connecting to localhost:6379. No connection could be made because the target machine actively refused it.
2026-07-07 15:05:12,008 - Zovix - INFO - Database initialized successfully
2026-07-07 15:05:16,319 - Zovix - WARNING - google-genai not installed. Using fallback script generation.
2026-07-07 15:05:20,396 - Zovix - WARNING - Redis not available: Error 10061 connecting to localhost:6379. No connection could be made because the target machine actively refused it.
2026-07-07 15:05:20,400 - Zovix - INFO - Load balancer initialized with 4 workers
2026-07-07 15:05:24,484 - Zovix - WARNING - Redis not available: Error 10061 connecting to localhost:6379. No connection could be made because the target machine actively refused it.
2026-07-07 15:05:24,493 - Zovix - INFO - Database initialized successfully
2026-07-07 15:24:44,570 - Zovix - WARNING - google-genai not installed. Using fallback script generation.
2026-07-07 15:24:48,087 - Zovix - WARNING - google-genai not installed. Using fallback script generation.
2026-07-07 15:24:48,692 - Zovix - WARNING - Redis not available: Error 10061 connecting to localhost:6379. No connection could be made because the target machine actively refused it.
2026-07-07 15:24:48,699 - Zovix - INFO - Load balancer initialized with 4 workers
2026-07-07 15:24:52,182 - Zovix - WARNING - Redis not available: Error 10061 connecting to localhost:6379. No connection could be made because the target machine actively refused it.
2026-07-07 15:24:52,184 - Zovix - INFO - Load balancer initialized with 4 workers
2026-07-07 15:24:52,789 - Zovix - WARNING - Redis not available: Error 10061 connecting to localhost:6379. No connection could be made because the target machine actively refused it.
2026-07-07 15:24:56,299 - Zovix - WARNING - Redis not available: Error 10061 connecting to localhost:6379. No connection could be made because the target machine actively refused it.
2026-07-07 15:24:56,318 - Zovix - INFO - Database initialized successfully
2026-07-07 15:24:59,716 - Zovix - WARNING - google-genai not installed. Using fallback script generation.
2026-07-07 15:25:03,798 - Zovix - WARNING - Redis not available: Error 10061 connecting to localhost:6379. No connection could be made because the target machine actively refused it.
2026-07-07 15:25:03,800 - Zovix - INFO - Load balancer initialized with 4 workers
2026-07-07 15:25:07,870 - Zovix - WARNING - Redis not available: Error 10061 connecting to localhost:6379. No connection could be made because the target machine actively refused it.
2026-07-07 15:25:07,881 - Zovix - INFO - Database initialized successfully
2026-07-07 15:25:11,049 - Zovix - WARNING - google-genai not installed. Using fallback script generation.
2026-07-07 15:25:15,145 - Zovix - WARNING - Redis not available: Error 10061 connecting to localhost:6379. No connection could be made because the target machine actively refused it.
2026-07-07 15:25:15,150 - Zovix - INFO - Load balancer initialized with 4 workers
2026-07-07 15:25:19,223 - Zovix - WARNING - Redis not available: Error 10061 connecting to localhost:6379. No connection could be made because the target machine actively refused it.
2026-07-07 15:25:19,236 - Zovix - INFO - Database initialized successfully
2026-07-07 15:25:27,663 - Zovix - WARNING - google-genai not installed. Using fallback script generation.
2026-07-07 15:25:31,778 - Zovix - WARNING - Redis not available: Error 10061 connecting to localhost:6379. No connection could be made because the target machine actively refused it.
2026-07-07 15:25:31,782 - Zovix - INFO - Load balancer initialized with 4 workers
2026-07-07 15:25:35,884 - Zovix - WARNING - Redis not available: Error 10061 connecting to localhost:6379. No connection could be made because the target machine actively refused it.
2026-07-07 15:25:35,896 - Zovix - INFO - Database initialized successfully
2026-07-07 15:25:40,151 - Zovix - WARNING - google-genai not installed. Using fallback script generation.
2026-07-07 15:25:44,247 - Zovix - WARNING - Redis not available: Error 10061 connecting to localhost:6379. No connection could be made because the target machine actively refused it.
2026-07-07 15:25:44,249 - Zovix - INFO - Load balancer initialized with 4 workers
2026-07-07 15:25:48,313 - Zovix - WARNING - Redis not available: Error 10061 connecting to localhost:6379. No connection could be made because the target machine actively refused it.
2026-07-07 15:25:48,323 - Zovix - INFO - Database initialized successfully
2026-07-07 15:26:00,894 - Zovix - WARNING - google-genai not installed. Using fallback script generation.
2026-07-07 15:26:01,878 - Zovix - WARNING - google-genai not installed. Using fallback script generation.
2026-07-07 15:26:04,937 - Zovix - WARNING - Redis not available: Error 10061 connecting to localhost:6379. No connection could be made because the target machine actively refused it.
2026-07-07 15:26:04,940 - Zovix - INFO - Load balancer initialized with 4 workers
2026-07-07 15:26:05,959 - Zovix - WARNING - Redis not available: Error 10061 connecting to localhost:6379. No connection could be made because the target machine actively refused it.
2026-07-07 15:26:05,961 - Zovix - INFO - Load balancer initialized with 4 workers
2026-07-07 15:26:09,003 - Zovix - WARNING - Redis not available: Error 10061 connecting to localhost:6379. No connection could be made because the target machine actively refused it.
2026-07-07 15:26:10,017 - Zovix - WARNING - Redis not available: Error 10061 connecting to localhost:6379. No connection could be made because the target machine actively refused it.
2026-07-07 15:26:10,030 - Zovix - INFO - Database initialized successfully
2026-07-07 15:26:21,514 - Zovix - WARNING - google-genai not installed. Using fallback script generation.
2026-07-07 15:26:25,616 - Zovix - WARNING - Redis not available: Error 10061 connecting to localhost:6379. No connection could be made because the target machine actively refused it.
2026-07-07 15:26:25,619 - Zovix - INFO - Load balancer initialized with 4 workers
2026-07-07 15:26:29,734 - Zovix - WARNING - Redis not available: Error 10061 connecting to localhost:6379. No connection could be made because the target machine actively refused it.
2026-07-07 15:26:29,747 - Zovix - INFO - Database initialized successfully
2026-07-07 15:26:50,585 - Zovix - WARNING - google-genai not installed. Using fallback script generation.
2026-07-07 15:26:54,669 - Zovix - WARNING - Redis not available: Error 10061 connecting to localhost:6379. No connection could be made because the target machine actively refused it.
2026-07-07 15:26:54,672 - Zovix - INFO - Load balancer initialized with 4 workers
2026-07-07 15:26:58,724 - Zovix - WARNING - Redis not available: Error 10061 connecting to localhost:6379. No connection could be made because the target machine actively refused it.
2026-07-07 15:26:58,732 - Zovix - INFO - Database initialized successfully
2026-07-07 15:55:40,482 - Zovix - WARNING - google-genai not installed. Using fallback script generation.
2026-07-07 15:55:46,804 - Zovix - WARNING - Redis not available: Error 10061 connecting to localhost:6379. No connection could be made because the target machine actively refused it.
2026-07-07 15:55:46,841 - Zovix - INFO - Load balancer initialized with 4 workers
2026-07-07 15:55:50,944 - Zovix - WARNING - Redis not available: Error 10061 connecting to localhost:6379. No connection could be made because the target machine actively refused it.
2026-07-07 15:55:51,729 - Zovix - INFO - Database initialized successfully
2026-07-07 15:55:55,747 - Zovix - WARNING - google-genai not installed. Using fallback script generation.
2026-07-07 15:55:59,819 - Zovix - WARNING - Redis not available: Error 10061 connecting to localhost:6379. No connection could be made because the target machine actively refused it.
2026-07-07 15:55:59,820 - Zovix - INFO - Load balancer initialized with 4 workers
2026-07-07 15:56:03,919 - Zovix - WARNING - Redis not available: Error 10061 connecting to localhost:6379. No connection could be made because the target machine actively refused it.
2026-07-07 15:56:03,930 - Zovix - INFO - Database initialized successfully
2026-07-07 15:56:06,596 - Zovix - WARNING - google-genai not installed. Using fallback script generation.
2026-07-07 15:56:10,686 - Zovix - WARNING - Redis not available: Error 10061 connecting to localhost:6379. No connection could be made because the target machine actively refused it.
2026-07-07 15:56:10,688 - Zovix - INFO - Load balancer initialized with 4 workers
2026-07-07 15:56:14,792 - Zovix - WARNING - Redis not available: Error 10061 connecting to localhost:6379. No connection could be made because the target machine actively refused it.
2026-07-07 15:56:14,803 - Zovix - INFO - Database initialized successfully
2026-07-07 15:56:23,598 - Zovix - WARNING - google-genai not installed. Using fallback script generation.
2026-07-07 15:56:27,676 - Zovix - WARNING - Redis not available: Error 10061 connecting to localhost:6379. No connection could be made because the target machine actively refused it.
2026-07-07 15:56:27,679 - Zovix - INFO - Load balancer initialized with 4 workers
2026-07-07 15:56:31,778 - Zovix - WARNING - Redis not available: Error 10061 connecting to localhost:6379. No connection could be made because the target machine actively refused it.
2026-07-07 15:56:31,786 - Zovix - INFO - Database initialized successfully
2026-07-07 15:56:36,058 - Zovix - WARNING - google-genai not installed. Using fallback script generation.
2026-07-07 15:56:40,170 - Zovix - WARNING - Redis not available: Error 10061 connecting to localhost:6379. No connection could be made because the target machine actively refused it.
2026-07-07 15:56:40,172 - Zovix - INFO - Load balancer initialized with 4 workers
2026-07-07 15:56:44,254 - Zovix - WARNING - Redis not available: Error 10061 connecting to localhost:6379. No connection could be made because the target machine actively refused it.
2026-07-07 15:56:44,266 - Zovix - INFO - Database initialized successfully
2026-07-07 15:58:53,014 - Zovix - WARNING - google-genai not installed. Using fallback script generation.
2026-07-07 15:58:53,112 - Zovix - WARNING - google-genai not installed. Using fallback script generation.
2026-07-07 15:58:57,081 - Zovix - WARNING - Redis not available: Error 10061 connecting to localhost:6379. No connection could be made because the target machine actively refused it.
2026-07-07 15:58:57,082 - Zovix - INFO - Load balancer initialized with 4 workers
2026-07-07 15:58:57,190 - Zovix - WARNING - Redis not available: Error 10061 connecting to localhost:6379. No connection could be made because the target machine actively refused it.
2026-07-07 15:58:57,191 - Zovix - INFO - Load balancer initialized with 4 workers
2026-07-07 15:59:01,174 - Zovix - WARNING - Redis not available: Error 10061 connecting to localhost:6379. No connection could be made because the target machine actively refused it.
2026-07-07 15:59:01,284 - Zovix - WARNING - Redis not available: Error 10061 connecting to localhost:6379. No connection could be made because the target machine actively refused it.
2026-07-07 15:59:01,287 - Zovix - INFO - Database initialized successfully
2026-07-07 16:07:55,857 - Zovix - WARNING - google-genai not installed. Using fallback script generation.
2026-07-07 16:08:00,192 - Zovix - WARNING - Redis not available: Error 10061 connecting to localhost:6379. No connection could be made because the target machine actively refused it.
2026-07-07 16:08:00,209 - Zovix - INFO - Load balancer initialized with 4 workers
2026-07-07 16:08:04,564 - Zovix - WARNING - Redis not available: Error 10061 connecting to localhost:6379. No connection could be made because the target machine actively refused it.
2026-07-07 16:08:04,657 - Zovix - INFO - Database initialized successfully
2026-07-07 16:09:11,640 - Zovix - WARNING - google-genai not installed. Using fallback script generation.
2026-07-07 16:09:11,670 - Zovix - WARNING - google-genai not installed. Using fallback script generation.
2026-07-07 16:09:15,840 - Zovix - WARNING - Redis not available: Error 10061 connecting to localhost:6379. No connection could be made because the target machine actively refused it.
2026-07-07 16:09:15,841 - Zovix - WARNING - Redis not available: Error 10061 connecting to localhost:6379. No connection could be made because the target machine actively refused it.
2026-07-07 16:09:15,935 - Zovix - INFO - Load balancer initialized with 4 workers
2026-07-07 16:09:15,966 - Zovix - INFO - Load balancer initialized with 4 workers
2026-07-07 16:09:20,245 - Zovix - WARNING - Redis not available: Error 10061 connecting to localhost:6379. No connection could be made because the target machine actively refused it.
2026-07-07 16:09:20,264 - Zovix - WARNING - Redis not available: Error 10061 connecting to localhost:6379. No connection could be made because the target machine actively refused it.
2026-07-07 16:09:20,641 - Zovix - INFO - Database initialized successfully
2026-07-07 16:09:25,618 - Zovix - WARNING - google-genai not installed. Using fallback script generation.
2026-07-07 16:09:29,716 - Zovix - WARNING - Redis not available: Error 10061 connecting to localhost:6379. No connection could be made because the target machine actively refused it.
2026-07-07 16:09:29,749 - Zovix - INFO - Load balancer initialized with 4 workers
2026-07-07 16:09:34,099 - Zovix - WARNING - Redis not available: Error 10061 connecting to localhost:6379. No connection could be made because the target machine actively refused it.
2026-07-07 16:09:34,371 - Zovix - INFO - Database initialized successfully
2026-07-07 16:11:04,396 - Zovix - WARNING - google-genai not installed. Using fallback script generation.
2026-07-07 16:11:08,721 - Zovix - WARNING - Redis not available: Error 10061 connecting to localhost:6379. No connection could be made because the target machine actively refused it.
2026-07-07 16:11:08,736 - Zovix - INFO - Load balancer initialized with 4 workers
2026-07-07 16:11:12,982 - Zovix - WARNING - Redis not available: Error 10061 connecting to localhost:6379. No connection could be made because the target machine actively refused it.
2026-07-07 16:11:13,220 - Zovix - INFO - Database initialized successfully
2026-07-07 16:11:18,451 - Zovix - WARNING - google-genai not installed. Using fallback script generation.
2026-07-07 16:11:22,617 - Zovix - WARNING - Redis not available: Error 10061 connecting to localhost:6379. No connection could be made because the target machine actively refused it.
2026-07-07 16:11:22,633 - Zovix - INFO - Load balancer initialized with 4 workers
2026-07-07 16:11:26,833 - Zovix - WARNING - Redis not available: Error 10061 connecting to localhost:6379. No connection could be made because the target machine actively refused it.
2026-07-07 16:11:27,262 - Zovix - INFO - Database initialized successfully
2026-07-07 16:11:48,186 - Zovix - WARNING - google-genai not installed. Using fallback script generation.
2026-07-07 16:11:52,377 - Zovix - WARNING - Redis not available: Error 10061 connecting to localhost:6379. No connection could be made because the target machine actively refused it.
2026-07-07 16:11:52,393 - Zovix - INFO - Load balancer initialized with 4 workers
2026-07-07 16:11:56,677 - Zovix - WARNING - Redis not available: Error 10061 connecting to localhost:6379. No connection could be made because the target machine actively refused it.
2026-07-07 16:11:56,852 - Zovix - INFO - Database initialized successfully
2026-07-07 16:16:43,383 - Zovix - WARNING - google-genai not installed. Using fallback script generation.
2026-07-07 16:16:47,860 - Zovix - WARNING - Redis not available: Error 10061 connecting to localhost:6379. No connection could be made because the target machine actively refused it.
2026-07-07 16:16:47,877 - Zovix - INFO - Load balancer initialized with 4 workers
2026-07-07 16:16:52,180 - Zovix - WARNING - Redis not available: Error 10061 connecting to localhost:6379. No connection could be made because the target machine actively refused it.
2026-07-07 16:16:52,403 - Zovix - INFO - Database initialized successfully
2026-07-07 16:16:57,502 - Zovix - WARNING - google-genai not installed. Using fallback script generation.
2026-07-07 16:17:01,799 - Zovix - WARNING - Redis not available: Error 10061 connecting to localhost:6379. No connection could be made because the target machine actively refused it.
2026-07-07 16:17:01,831 - Zovix - INFO - Load balancer initialized with 4 workers
2026-07-07 16:17:06,254 - Zovix - WARNING - Redis not available: Error 10061 connecting to localhost:6379. No connection could be made because the target machine actively refused it.
2026-07-07 16:17:06,336 - Zovix - INFO - Database initialized successfully
2026-07-07 16:17:18,518 - Zovix - WARNING - google-genai not installed. Using fallback script generation.
2026-07-07 16:17:22,666 - Zovix - WARNING - Redis not available: Error 10061 connecting to localhost:6379. No connection could be made because the target machine actively refused it.
2026-07-07 16:17:22,682 - Zovix - INFO - Load balancer initialized with 4 workers
2026-07-07 16:17:26,885 - Zovix - WARNING - Redis not available: Error 10061 connecting to localhost:6379. No connection could be made because the target machine actively refused it.
2026-07-07 16:17:27,139 - Zovix - INFO - Database initialized successfully
2026-07-07 16:17:32,707 - Zovix - WARNING - google-genai not installed. Using fallback script generation.
2026-07-07 16:17:36,816 - Zovix - WARNING - Redis not available: Error 10061 connecting to localhost:6379. No connection could be made because the target machine actively refused it.
2026-07-07 16:17:36,832 - Zovix - INFO - Load balancer initialized with 4 workers
2026-07-07 16:17:41,241 - Zovix - WARNING - Redis not available: Error 10061 connecting to localhost:6379. No connection could be made because the target machine actively refused it.
2026-07-07 16:17:41,510 - Zovix - INFO - Database initialized successfully
2026-07-07 16:18:43,232 - Zovix - WARNING - google-genai not installed. Using fallback script generation.
2026-07-07 16:18:47,592 - Zovix - WARNING - Redis not available: Error 10061 connecting to localhost:6379. No connection could be made because the target machine actively refused it.
2026-07-07 16:18:47,624 - Zovix - INFO - Load balancer initialized with 4 workers
2026-07-07 16:18:52,092 - Zovix - WARNING - Redis not available: Error 10061 connecting to localhost:6379. No connection could be made because the target machine actively refused it.
2026-07-07 16:18:53,067 - Zovix - INFO - Database initialized successfully
2026-07-07 16:31:09,373 - Zovix - WARNING - google-genai not installed. Using fallback script generation.
2026-07-07 16:31:13,434 - Zovix - WARNING - Redis not available: Error 10061 connecting to localhost:6379. No connection could be made because the target machine actively refused it.
2026-07-07 16:31:13,435 - Zovix - INFO - Load balancer initialized with 4 workers
2026-07-07 16:31:17,510 - Zovix - WARNING - Redis not available: Error 10061 connecting to localhost:6379. No connection could be made because the target machine actively refused it.
2026-07-07 16:31:17,518 - Zovix - INFO - Database initialized successfully
2026-07-07 16:31:21,797 - Zovix - WARNING - google-genai not installed. Using fallback script generation.
2026-07-07 16:31:25,868 - Zovix - WARNING - Redis not available: Error 10061 connecting to localhost:6379. No connection could be made because the target machine actively refused it.
2026-07-07 16:31:25,869 - Zovix - INFO - Load balancer initialized with 4 workers
2026-07-07 16:31:29,943 - Zovix - WARNING - Redis not available: Error 10061 connecting to localhost:6379. No connection could be made because the target machine actively refused it.
2026-07-07 16:31:29,949 - Zovix - INFO - Database initialized successfully
2026-07-07 16:31:49,812 - Zovix - WARNING - google-genai not installed. Using fallback script generation.
2026-07-07 16:31:53,860 - Zovix - WARNING - Redis not available: Error 10061 connecting to localhost:6379. No connection could be made because the target machine actively refused it.
2026-07-07 16:31:53,862 - Zovix - INFO - Load balancer initialized with 4 workers
2026-07-07 16:31:57,904 - Zovix - WARNING - Redis not available: Error 10061 connecting to localhost:6379. No connection could be made because the target machine actively refused it.
2026-07-07 16:31:57,911 - Zovix - INFO - Database initialized successfully
2026-07-07 16:41:41,681 - Zovix - WARNING - google-genai not installed. Using fallback script generation.
2026-07-07 16:41:45,757 - Zovix - WARNING - Redis not available: Error 10061 connecting to localhost:6379. No connection could be made because the target machine actively refused it.
2026-07-07 16:41:45,758 - Zovix - INFO - Load balancer initialized with 4 workers
2026-07-07 16:41:49,815 - Zovix - WARNING - Redis not available: Error 10061 connecting to localhost:6379. No connection could be made because the target machine actively refused it.
2026-07-07 16:41:49,817 - Zovix - INFO - Database initialized successfully
2026-07-07 17:19:16,668 - Zovix - WARNING - google-genai not installed. Using fallback script generation.
2026-07-07 17:19:21,381 - Zovix - WARNING - Redis not available: Error 10061 connecting to localhost:6379. No connection could be made because the target machine actively refused it.
2026-07-07 17:19:21,414 - Zovix - INFO - Load balancer initialized with 4 workers
2026-07-07 17:19:25,503 - Zovix - WARNING - Redis not available: Error 10061 connecting to localhost:6379. No connection could be made because the target machine actively refused it.
2026-07-07 17:19:26,238 - Zovix - INFO - Database initialized successfully
2026-07-07 17:19:27,911 - Zovix - WARNING - google-genai not installed. Using fallback script generation.
2026-07-07 17:19:32,003 - Zovix - WARNING - Redis not available: Error 10061 connecting to localhost:6379. No connection could be made because the target machine actively refused it.
2026-07-07 17:19:32,003 - Zovix - INFO - Load balancer initialized with 4 workers
2026-07-07 17:19:36,051 - Zovix - WARNING - Redis not available: Error 10061 connecting to localhost:6379. No connection could be made because the target machine actively refused it.
2026-07-07 17:19:36,053 - Zovix - INFO - Database initialized successfully
2026-07-07 17:20:09,208 - Zovix - WARNING - google-genai not installed. Using fallback script generation.
2026-07-07 17:20:13,295 - Zovix - WARNING - Redis not available: Error 10061 connecting to localhost:6379. No connection could be made because the target machine actively refused it.
2026-07-07 17:20:13,296 - Zovix - INFO - Load balancer initialized with 4 workers
2026-07-07 17:20:17,350 - Zovix - WARNING - Redis not available: Error 10061 connecting to localhost:6379. No connection could be made because the target machine actively refused it.
2026-07-07 17:20:17,357 - Zovix - INFO - Database initialized successfully
2026-07-07 17:20:53,658 - Zovix - WARNING - google-genai not installed. Using fallback script generation.
2026-07-07 17:20:57,688 - Zovix - WARNING - Redis not available: Error 10061 connecting to localhost:6379. No connection could be made because the target machine actively refused it.
2026-07-07 17:20:57,691 - Zovix - INFO - Load balancer initialized with 4 workers
2026-07-07 17:21:01,754 - Zovix - WARNING - Redis not available: Error 10061 connecting to localhost:6379. No connection could be made because the target machine actively refused it.
2026-07-07 17:21:01,764 - Zovix - INFO - Database initialized successfully
2026-07-07 17:21:34,782 - Zovix - WARNING - google-genai not installed. Using fallback script generation.
2026-07-07 17:21:38,841 - Zovix - WARNING - Redis not available: Error 10061 connecting to localhost:6379. No connection could be made because the target machine actively refused it.
2026-07-07 17:21:38,844 - Zovix - INFO - Load balancer initialized with 4 workers
2026-07-07 17:21:42,955 - Zovix - WARNING - Redis not available: Error 10061 connecting to localhost:6379. No connection could be made because the target machine actively refused it.
2026-07-07 17:21:42,964 - Zovix - INFO - Database initialized successfully
2026-07-07 17:21:51,362 - Zovix - WARNING - google-genai not installed. Using fallback script generation.
2026-07-07 17:21:55,437 - Zovix - WARNING - Redis not available: Error 10061 connecting to localhost:6379. No connection could be made because the target machine actively refused it.
2026-07-07 17:21:55,440 - Zovix - INFO - Load balancer initialized with 4 workers
2026-07-07 17:21:59,523 - Zovix - WARNING - Redis not available: Error 10061 connecting to localhost:6379. No connection could be made because the target machine actively refused it.
2026-07-07 17:21:59,533 - Zovix - INFO - Database initialized successfully
2026-07-07 18:27:28,083 - Zovix - WARNING - google-genai not installed. Using fallback script generation.
2026-07-07 18:27:32,802 - Zovix - WARNING - Redis not available: Error 10061 connecting to localhost:6379. No connection could be made because the target machine actively refused it.
2026-07-07 18:27:32,828 - Zovix - INFO - Load balancer initialized with 4 workers
2026-07-07 18:27:36,931 - Zovix - WARNING - Redis not available: Error 10061 connecting to localhost:6379. No connection could be made because the target machine actively refused it.
2026-07-07 18:27:37,624 - Zovix - INFO - Database initialized successfully
2026-07-07 18:27:39,218 - Zovix - WARNING - google-genai not installed. Using fallback script generation.
2026-07-07 18:27:43,317 - Zovix - WARNING - Redis not available: Error 10061 connecting to localhost:6379. No connection could be made because the target machine actively refused it.
2026-07-07 18:27:43,320 - Zovix - INFO - Load balancer initialized with 4 workers
2026-07-07 18:27:47,409 - Zovix - WARNING - Redis not available: Error 10061 connecting to localhost:6379. No connection could be made because the target machine actively refused it.
2026-07-07 18:27:47,420 - Zovix - INFO - Database initialized successfully
2026-07-07 18:27:49,940 - Zovix - WARNING - google-genai not installed. Using fallback script generation.
2026-07-07 18:27:54,023 - Zovix - WARNING - Redis not available: Error 10061 connecting to localhost:6379. No connection could be made because the target machine actively refused it.
2026-07-07 18:27:54,026 - Zovix - INFO - Load balancer initialized with 4 workers
2026-07-07 18:27:58,122 - Zovix - WARNING - Redis not available: Error 10061 connecting to localhost:6379. No connection could be made because the target machine actively refused it.
2026-07-07 18:27:58,131 - Zovix - INFO - Database initialized successfully
2026-07-07 18:32:29,790 - Zovix - WARNING - google-genai not installed. Using fallback script generation.
2026-07-07 18:32:33,847 - Zovix - WARNING - Redis not available: Error 10061 connecting to localhost:6379. No connection could be made because the target machine actively refused it.
2026-07-07 18:32:33,848 - Zovix - INFO - Load balancer initialized with 4 workers
2026-07-07 18:32:37,921 - Zovix - WARNING - Redis not available: Error 10061 connecting to localhost:6379. No connection could be made because the target machine actively refused it.
2026-07-07 18:32:37,928 - Zovix - INFO - Database initialized successfully
2026-07-07 18:32:46,526 - Zovix - WARNING - google-genai not installed. Using fallback script generation.
2026-07-07 18:32:50,588 - Zovix - WARNING - Redis not available: Error 10061 connecting to localhost:6379. No connection could be made because the target machine actively refused it.
2026-07-07 18:32:50,588 - Zovix - INFO - Load balancer initialized with 4 workers
2026-07-07 18:32:54,661 - Zovix - WARNING - Redis not available: Error 10061 connecting to localhost:6379. No connection could be made because the target machine actively refused it.
2026-07-07 18:32:54,663 - Zovix - INFO - Database initialized successfully
2026-07-07 18:33:06,590 - Zovix - WARNING - google-genai not installed. Using fallback script generation.
2026-07-07 18:33:10,652 - Zovix - WARNING - Redis not available: Error 10061 connecting to localhost:6379. No connection could be made because the target machine actively refused it.
2026-07-07 18:33:10,653 - Zovix - INFO - Load balancer initialized with 4 workers
2026-07-07 18:33:14,727 - Zovix - WARNING - Redis not available: Error 10061 connecting to localhost:6379. No connection could be made because the target machine actively refused it.
2026-07-07 18:33:14,734 - Zovix - INFO - Database initialized successfully
2026-07-07 18:56:27,053 - Zovix - WARNING - google-genai not installed. Using fallback script generation.
2026-07-07 18:56:31,139 - Zovix - WARNING - Redis not available: Error 10061 connecting to localhost:6379. No connection could be made because the target machine actively refused it.
2026-07-07 18:56:31,141 - Zovix - INFO - Load balancer initialized with 4 workers
2026-07-07 18:56:35,222 - Zovix - WARNING - Redis not available: Error 10061 connecting to localhost:6379. No connection could be made because the target machine actively refused it.
2026-07-07 18:56:35,239 - Zovix - INFO - Database initialized successfully
2026-07-07 18:56:37,048 - Zovix - WARNING - google-genai not installed. Using fallback script generation.
2026-07-07 18:56:41,136 - Zovix - WARNING - Redis not available: Error 10061 connecting to localhost:6379. No connection could be made because the target machine actively refused it.
2026-07-07 18:56:41,137 - Zovix - INFO - Load balancer initialized with 4 workers
2026-07-07 18:56:45,198 - Zovix - WARNING - Redis not available: Error 10061 connecting to localhost:6379. No connection could be made because the target machine actively refused it.
2026-07-07 18:56:45,208 - Zovix - INFO - Database initialized successfully
2026-07-07 18:56:47,756 - Zovix - WARNING - google-genai not installed. Using fallback script generation.
2026-07-07 18:56:51,819 - Zovix - WARNING - Redis not available: Error 10061 connecting to localhost:6379. No connection could be made because the target machine actively refused it.
2026-07-07 18:56:51,822 - Zovix - INFO - Load balancer initialized with 4 workers
2026-07-07 18:56:55,906 - Zovix - WARNING - Redis not available: Error 10061 connecting to localhost:6379. No connection could be made because the target machine actively refused it.
2026-07-07 18:56:55,917 - Zovix - INFO - Database initialized successfully
2026-07-07 18:57:22,368 - Zovix - WARNING - google-genai not installed. Using fallback script generation.
2026-07-07 18:57:26,474 - Zovix - WARNING - Redis not available: Error 10061 connecting to localhost:6379. No connection could be made because the target machine actively refused it.
2026-07-07 18:57:26,477 - Zovix - INFO - Load balancer initialized with 4 workers
2026-07-07 18:57:30,564 - Zovix - WARNING - Redis not available: Error 10061 connecting to localhost:6379. No connection could be made because the target machine actively refused it.
2026-07-07 18:57:30,574 - Zovix - INFO - Database initialized successfully
2026-07-07 19:25:56,349 - Zovix - WARNING - google-genai not installed. Using fallback script generation.
2026-07-07 19:26:00,445 - Zovix - WARNING - Redis not available: Error 10061 connecting to localhost:6379. No connection could be made because the target machine actively refused it.
2026-07-07 19:26:00,448 - Zovix - INFO - Load balancer initialized with 4 workers
2026-07-07 19:26:04,525 - Zovix - WARNING - Redis not available: Error 10061 connecting to localhost:6379. No connection could be made because the target machine actively refused it.
2026-07-07 19:26:04,542 - Zovix - INFO - Database initialized successfully
2026-07-07 19:26:06,328 - Zovix - WARNING - google-genai not installed. Using fallback script generation.
2026-07-07 19:26:10,433 - Zovix - WARNING - Redis not available: Error 10061 connecting to localhost:6379. No connection could be made because the target machine actively refused it.
2026-07-07 19:26:10,437 - Zovix - INFO - Load balancer initialized with 4 workers
2026-07-07 19:26:14,543 - Zovix - WARNING - Redis not available: Error 10061 connecting to localhost:6379. No connection could be made because the target machine actively refused it.
2026-07-07 19:26:14,553 - Zovix - INFO - Database initialized successfully
2026-07-07 19:26:18,245 - Zovix - WARNING - google-genai not installed. Using fallback script generation.
2026-07-07 19:26:22,343 - Zovix - WARNING - Redis not available: Error 10061 connecting to localhost:6379. No connection could be made because the target machine actively refused it.
2026-07-07 19:26:22,345 - Zovix - INFO - Load balancer initialized with 4 workers
2026-07-07 19:26:26,385 - Zovix - WARNING - Redis not available: Error 10061 connecting to localhost:6379. No connection could be made because the target machine actively refused it.
2026-07-07 19:26:26,397 - Zovix - INFO - Database initialized successfully
2026-07-07 20:23:05,306 - Zovix - WARNING - google-genai not installed. Using fallback script generation.
2026-07-07 20:23:10,359 - Zovix - WARNING - Redis not available: Error 10061 connecting to localhost:6379. No connection could be made because the target machine actively refused it.
2026-07-07 20:23:10,396 - Zovix - INFO - Load balancer initialized with 4 workers
2026-07-07 20:23:14,491 - Zovix - WARNING - Redis not available: Error 10061 connecting to localhost:6379. No connection could be made because the target machine actively refused it.
2026-07-07 20:23:15,120 - Zovix - INFO - Database initialized successfully
2026-07-07 20:23:17,794 - Zovix - WARNING - google-genai not installed. Using fallback script generation.
2026-07-07 20:23:21,890 - Zovix - WARNING - Redis not available: Error 10061 connecting to localhost:6379. No connection could be made because the target machine actively refused it.
2026-07-07 20:23:21,893 - Zovix - INFO - Load balancer initialized with 4 workers
2026-07-07 20:23:26,009 - Zovix - WARNING - Redis not available: Error 10061 connecting to localhost:6379. No connection could be made because the target machine actively refused it.
2026-07-07 20:23:26,017 - Zovix - INFO - Database initialized successfully
2026-07-07 20:23:29,347 - Zovix - WARNING - google-genai not installed. Using fallback script generation.
2026-07-07 20:23:33,439 - Zovix - WARNING - Redis not available: Error 10061 connecting to localhost:6379. No connection could be made because the target machine actively refused it.
2026-07-07 20:23:33,441 - Zovix - INFO - Load balancer initialized with 4 workers
2026-07-07 20:23:37,524 - Zovix - WARNING - Redis not available: Error 10061 connecting to localhost:6379. No connection could be made because the target machine actively refused it.
2026-07-07 20:23:37,533 - Zovix - INFO - Database initialized successfully
2026-07-07 20:28:55,324 - Zovix - WARNING - google-genai not installed. Using fallback script generation.
2026-07-07 20:28:59,380 - Zovix - WARNING - Redis not available: Error 10061 connecting to localhost:6379. No connection could be made because the target machine actively refused it.
2026-07-07 20:28:59,382 - Zovix - INFO - Load balancer initialized with 4 workers
2026-07-07 20:29:03,487 - Zovix - WARNING - Redis not available: Error 10061 connecting to localhost:6379. No connection could be made because the target machine actively refused it.
2026-07-07 20:29:03,497 - Zovix - INFO - Database initialized successfully
2026-07-07 20:29:07,790 - Zovix - WARNING - google-genai not installed. Using fallback script generation.
2026-07-07 20:29:11,874 - Zovix - WARNING - Redis not available: Error 10061 connecting to localhost:6379. No connection could be made because the target machine actively refused it.
2026-07-07 20:29:11,876 - Zovix - INFO - Load balancer initialized with 4 workers
2026-07-07 20:29:15,937 - Zovix - WARNING - Redis not available: Error 10061 connecting to localhost:6379. No connection could be made because the target machine actively refused it.
2026-07-07 20:29:15,944 - Zovix - INFO - Database initialized successfully
2026-07-07 20:29:35,305 - Zovix - WARNING - google-genai not installed. Using fallback script generation.
2026-07-07 20:29:39,360 - Zovix - WARNING - Redis not available: Error 10061 connecting to localhost:6379. No connection could be made because the target machine actively refused it.
2026-07-07 20:29:39,363 - Zovix - INFO - Load balancer initialized with 4 workers
2026-07-07 20:29:43,470 - Zovix - WARNING - Redis not available: Error 10061 connecting to localhost:6379. No connection could be made because the target machine actively refused it.
2026-07-07 20:29:43,481 - Zovix - INFO - Database initialized successfully
2026-07-07 20:29:51,763 - Zovix - WARNING - google-genai not installed. Using fallback script generation.
2026-07-07 20:29:55,853 - Zovix - WARNING - Redis not available: Error 10061 connecting to localhost:6379. No connection could be made because the target machine actively refused it.
2026-07-07 20:29:55,854 - Zovix - INFO - Load balancer initialized with 4 workers
2026-07-07 20:29:59,948 - Zovix - WARNING - Redis not available: Error 10061 connecting to localhost:6379. No connection could be made because the target machine actively refused it.
2026-07-07 20:29:59,956 - Zovix - INFO - Database initialized successfully
2026-07-07 20:30:04,196 - Zovix - WARNING - google-genai not installed. Using fallback script generation.
2026-07-07 20:30:08,275 - Zovix - WARNING - Redis not available: Error 10061 connecting to localhost:6379. No connection could be made because the target machine actively refused it.
2026-07-07 20:30:08,278 - Zovix - INFO - Load balancer initialized with 4 workers
2026-07-07 20:30:12,352 - Zovix - WARNING - Redis not available: Error 10061 connecting to localhost:6379. No connection could be made because the target machine actively refused it.
2026-07-07 20:30:12,364 - Zovix - INFO - Database initialized successfully
2026-07-07 20:30:29,099 - Zovix - WARNING - google-genai not installed. Using fallback script generation.
2026-07-07 20:30:33,158 - Zovix - WARNING - Redis not available: Error 10061 connecting to localhost:6379. No connection could be made because the target machine actively refused it.
2026-07-07 20:30:33,161 - Zovix - INFO - Load balancer initialized with 4 workers
2026-07-07 20:30:37,231 - Zovix - WARNING - Redis not available: Error 10061 connecting to localhost:6379. No connection could be made because the target machine actively refused it.
2026-07-07 20:30:37,242 - Zovix - INFO - Database initialized successfully
2026-07-07 20:30:41,508 - Zovix - WARNING - google-genai not installed. Using fallback script generation.
2026-07-07 20:30:45,605 - Zovix - WARNING - Redis not available: Error 10061 connecting to localhost:6379. No connection could be made because the target machine actively refused it.
2026-07-07 20:30:45,609 - Zovix - INFO - Load balancer initialized with 4 workers
2026-07-07 20:30:49,679 - Zovix - WARNING - Redis not available: Error 10061 connecting to localhost:6379. No connection could be made because the target machine actively refused it.
2026-07-07 20:30:49,690 - Zovix - INFO - Database initialized successfully
2026-07-07 20:30:59,924 - Zovix - WARNING - google-genai not installed. Using fallback script generation.
2026-07-07 20:31:04,029 - Zovix - WARNING - Redis not available: Error 10061 connecting to localhost:6379. No connection could be made because the target machine actively refused it.
2026-07-07 20:31:04,031 - Zovix - INFO - Load balancer initialized with 4 workers
2026-07-07 20:31:08,099 - Zovix - WARNING - Redis not available: Error 10061 connecting to localhost:6379. No connection could be made because the target machine actively refused it.
2026-07-07 20:31:08,111 - Zovix - INFO - Database initialized successfully
2026-07-07 20:31:12,379 - Zovix - WARNING - google-genai not installed. Using fallback script generation.
2026-07-07 20:31:16,487 - Zovix - WARNING - Redis not available: Error 10061 connecting to localhost:6379. No connection could be made because the target machine actively refused it.
2026-07-07 20:31:16,488 - Zovix - INFO - Load balancer initialized with 4 workers
2026-07-07 20:31:20,576 - Zovix - WARNING - Redis not available: Error 10061 connecting to localhost:6379. No connection could be made because the target machine actively refused it.
2026-07-07 20:31:20,587 - Zovix - INFO - Database initialized successfully
2026-07-07 20:31:37,907 - Zovix - WARNING - google-genai not installed. Using fallback script generation.
2026-07-07 20:31:41,991 - Zovix - WARNING - Redis not available: Error 10061 connecting to localhost:6379. No connection could be made because the target machine actively refused it.
2026-07-07 20:31:41,993 - Zovix - INFO - Load balancer initialized with 4 workers
2026-07-07 20:31:46,077 - Zovix - WARNING - Redis not available: Error 10061 connecting to localhost:6379. No connection could be made because the target machine actively refused it.
2026-07-07 20:31:46,087 - Zovix - INFO - Database initialized successfully
2026-07-07 20:31:50,338 - Zovix - WARNING - google-genai not installed. Using fallback script generation.
2026-07-07 20:31:54,441 - Zovix - WARNING - Redis not available: Error 10061 connecting to localhost:6379. No connection could be made because the target machine actively refused it.
2026-07-07 20:31:54,444 - Zovix - INFO - Load balancer initialized with 4 workers
2026-07-07 20:31:58,520 - Zovix - WARNING - Redis not available: Error 10061 connecting to localhost:6379. No connection could be made because the target machine actively refused it.
2026-07-07 20:31:58,530 - Zovix - INFO - Database initialized successfully
2026-07-07 20:32:11,108 - Zovix - WARNING - google-genai not installed. Using fallback script generation.
2026-07-07 20:32:15,225 - Zovix - WARNING - Redis not available: Error 10061 connecting to localhost:6379. No connection could be made because the target machine actively refused it.
2026-07-07 20:32:15,228 - Zovix - INFO - Load balancer initialized with 4 workers
2026-07-07 20:32:15,880 - Zovix - WARNING - google-genai not installed. Using fallback script generation.
2026-07-07 20:32:19,337 - Zovix - WARNING - Redis not available: Error 10061 connecting to localhost:6379. No connection could be made because the target machine actively refused it.
2026-07-07 20:32:19,948 - Zovix - WARNING - Redis not available: Error 10061 connecting to localhost:6379. No connection could be made because the target machine actively refused it.
2026-07-07 20:32:19,951 - Zovix - INFO - Load balancer initialized with 4 workers
2026-07-07 20:32:24,042 - Zovix - WARNING - Redis not available: Error 10061 connecting to localhost:6379. No connection could be made because the target machine actively refused it.
2026-07-07 20:32:24,051 - Zovix - INFO - Database initialized successfully
2026-07-07 20:32:40,923 - Zovix - WARNING - google-genai not installed. Using fallback script generation.
2026-07-07 20:32:45,023 - Zovix - WARNING - Redis not available: Error 10061 connecting to localhost:6379. No connection could be made because the target machine actively refused it.
2026-07-07 20:32:45,025 - Zovix - INFO - Load balancer initialized with 4 workers
2026-07-07 20:32:49,131 - Zovix - WARNING - Redis not available: Error 10061 connecting to localhost:6379. No connection could be made because the target machine actively refused it.
2026-07-07 20:32:49,139 - Zovix - INFO - Database initialized successfully
2026-07-07 20:34:54,677 - Zovix - WARNING - google-genai not installed. Using fallback script generation.
2026-07-07 20:34:58,771 - Zovix - WARNING - Redis not available: Error 10061 connecting to localhost:6379. No connection could be made because the target machine actively refused it.
2026-07-07 20:34:58,773 - Zovix - INFO - Load balancer initialized with 4 workers
2026-07-07 20:35:02,845 - Zovix - WARNING - Redis not available: Error 10061 connecting to localhost:6379. No connection could be made because the target machine actively refused it.
2026-07-07 20:35:02,855 - Zovix - INFO - Database initialized successfully
2026-07-07 20:35:07,107 - Zovix - WARNING - google-genai not installed. Using fallback script generation.
2026-07-07 20:35:11,220 - Zovix - WARNING - Redis not available: Error 10061 connecting to localhost:6379. No connection could be made because the target machine actively refused it.
2026-07-07 20:35:11,224 - Zovix - INFO - Load balancer initialized with 4 workers
2026-07-07 20:35:15,267 - Zovix - WARNING - Redis not available: Error 10061 connecting to localhost:6379. No connection could be made because the target machine actively refused it.
2026-07-07 20:35:15,278 - Zovix - INFO - Database initialized successfully
2026-07-07 20:35:22,860 - Zovix - WARNING - google-genai not installed. Using fallback script generation.
2026-07-07 20:35:26,937 - Zovix - WARNING - Redis not available: Error 10061 connecting to localhost:6379. No connection could be made because the target machine actively refused it.
2026-07-07 20:35:26,940 - Zovix - INFO - Load balancer initialized with 4 workers
2026-07-07 20:35:31,046 - Zovix - WARNING - Redis not available: Error 10061 connecting to localhost:6379. No connection could be made because the target machine actively refused it.
2026-07-07 20:35:31,056 - Zovix - INFO - Database initialized successfully
2026-07-07 20:37:45,056 - Zovix - WARNING - google-genai not installed. Using fallback script generation.
2026-07-07 20:37:49,150 - Zovix - WARNING - Redis not available: Error 10061 connecting to localhost:6379. No connection could be made because the target machine actively refused it.
2026-07-07 20:37:49,153 - Zovix - INFO - Load balancer initialized with 4 workers
2026-07-07 20:37:53,211 - Zovix - WARNING - Redis not available: Error 10061 connecting to localhost:6379. No connection could be made because the target machine actively refused it.
2026-07-07 20:37:53,218 - Zovix - INFO - Database initialized successfully
2026-07-07 20:37:57,432 - Zovix - WARNING - google-genai not installed. Using fallback script generation.
2026-07-07 20:38:01,492 - Zovix - WARNING - Redis not available: Error 10061 connecting to localhost:6379. No connection could be made because the target machine actively refused it.
2026-07-07 20:38:01,493 - Zovix - INFO - Load balancer initialized with 4 workers
2026-07-07 20:38:05,584 - Zovix - WARNING - Redis not available: Error 10061 connecting to localhost:6379. No connection could be made because the target machine actively refused it.
2026-07-07 20:38:05,594 - Zovix - INFO - Database initialized successfully
2026-07-07 20:45:29,381 - Zovix - WARNING - google-genai not installed. Using fallback script generation.
2026-07-07 20:45:33,468 - Zovix - WARNING - Redis not available: Error 10061 connecting to localhost:6379. No connection could be made because the target machine actively refused it.
2026-07-07 20:45:33,471 - Zovix - INFO - Load balancer initialized with 4 workers
2026-07-07 20:45:37,578 - Zovix - WARNING - Redis not available: Error 10061 connecting to localhost:6379. No connection could be made because the target machine actively refused it.
2026-07-07 20:45:37,587 - Zovix - INFO - Database initialized successfully
2026-07-07 20:45:40,087 - Zovix - WARNING - google-genai not installed. Using fallback script generation.
2026-07-07 20:45:44,200 - Zovix - WARNING - Redis not available: Error 10061 connecting to localhost:6379. No connection could be made because the target machine actively refused it.
2026-07-07 20:45:44,202 - Zovix - INFO - Load balancer initialized with 4 workers
2026-07-07 20:45:48,302 - Zovix - WARNING - Redis not available: Error 10061 connecting to localhost:6379. No connection could be made because the target machine actively refused it.
2026-07-07 20:45:48,314 - Zovix - INFO - Database initialized successfully
2026-07-07 20:46:01,351 - Zovix - WARNING - google-genai not installed. Using fallback script generation.
2026-07-07 20:46:05,422 - Zovix - WARNING - Redis not available: Error 10061 connecting to localhost:6379. No connection could be made because the target machine actively refused it.
2026-07-07 20:46:05,426 - Zovix - INFO - Load balancer initialized with 4 workers
2026-07-07 20:46:09,515 - Zovix - WARNING - Redis not available: Error 10061 connecting to localhost:6379. No connection could be made because the target machine actively refused it.
2026-07-07 20:46:09,526 - Zovix - INFO - Database initialized successfully
2026-07-07 20:46:13,789 - Zovix - WARNING - google-genai not installed. Using fallback script generation.
2026-07-07 20:46:17,871 - Zovix - WARNING - Redis not available: Error 10061 connecting to localhost:6379. No connection could be made because the target machine actively refused it.
2026-07-07 20:46:17,873 - Zovix - INFO - Load balancer initialized with 4 workers
2026-07-07 20:46:21,945 - Zovix - WARNING - Redis not available: Error 10061 connecting to localhost:6379. No connection could be made because the target machine actively refused it.
2026-07-07 20:46:21,953 - Zovix - INFO - Database initialized successfully
2026-07-07 20:52:23,568 - Zovix - WARNING - Redis not available: Error 10061 connecting to localhost:6379. No connection could be made because the target machine actively refused it.
2026-07-07 20:52:23,581 - Zovix - INFO - Load balancer initialized with 4 workers
2026-07-07 20:52:27,718 - Zovix - WARNING - Redis not available: Error 10061 connecting to localhost:6379. No connection could be made because the target machine actively refused it.
2026-07-07 20:52:27,917 - Zovix - INFO - Database initialized successfully
2026-07-07 20:57:50,960 - Zovix - WARNING - Redis not available: Error 10061 connecting to localhost:6379. No connection could be made because the target machine actively refused it.
2026-07-07 20:57:50,995 - Zovix - INFO - Load balancer initialized with 4 workers
2026-07-07 20:57:55,077 - Zovix - WARNING - Redis not available: Error 10061 connecting to localhost:6379. No connection could be made because the target machine actively refused it.
2026-07-07 20:57:56,045 - Zovix - INFO - Database initialized successfully
2026-07-07 21:09:58,759 - Zovix - WARNING - Redis not available: unknown command `HELLO`, with args beginning with: `3`, 
2026-07-07 21:09:58,768 - Zovix - INFO - Load balancer initialized with 4 workers
2026-07-07 21:10:00,830 - Zovix - WARNING - Redis not available: unknown command `HELLO`, with args beginning with: `3`, 
2026-07-07 21:10:01,068 - Zovix - INFO - Database initialized successfully
2026-07-07 21:10:21,121 - Zovix - WARNING - Redis not available: unknown command `HELLO`, with args beginning with: `3`, 
2026-07-07 21:10:21,124 - Zovix - INFO - Load balancer initialized with 4 workers
2026-07-07 21:10:23,156 - Zovix - WARNING - Redis not available: unknown command `HELLO`, with args beginning with: `3`, 
2026-07-07 21:10:23,160 - Zovix - INFO - Database initialized successfully
2026-07-07 21:13:10,234 - Zovix - INFO - Redis connected for rate limiting
2026-07-07 21:13:10,251 - Zovix - INFO - Load balancer initialized with 4 workers
2026-07-07 21:13:12,283 - Zovix - INFO - Redis cache connected
2026-07-07 21:13:12,462 - Zovix - INFO - Database initialized successfully
2026-07-07 21:13:27,459 - Zovix - INFO - Redis connected for rate limiting
2026-07-07 21:13:27,461 - Zovix - INFO - Load balancer initialized with 4 workers
2026-07-07 21:13:29,502 - Zovix - INFO - Redis cache connected
2026-07-07 21:13:29,511 - Zovix - INFO - Database initialized successfully
2026-07-07 21:13:34,815 - Zovix - INFO - Redis connected for rate limiting
2026-07-07 21:13:34,815 - Zovix - INFO - Load balancer initialized with 4 workers
2026-07-07 21:13:36,836 - Zovix - INFO - Redis cache connected
2026-07-07 21:13:36,842 - Zovix - INFO - Database initialized successfully
2026-07-07 21:13:57,670 - Zovix - INFO - Redis connected for rate limiting
2026-07-07 21:13:57,671 - Zovix - INFO - Load balancer initialized with 4 workers
2026-07-07 21:13:59,689 - Zovix - INFO - Redis cache connected
2026-07-07 21:13:59,691 - Zovix - INFO - Database initialized successfully
2026-07-07 21:14:03,844 - Zovix - INFO - Redis connected for rate limiting
2026-07-07 21:14:03,845 - Zovix - INFO - Load balancer initialized with 4 workers
2026-07-07 21:14:05,868 - Zovix - INFO - Redis cache connected
2026-07-07 21:14:05,873 - Zovix - INFO - Database initialized successfully
2026-07-07 21:15:13,097 - Zovix - INFO - Redis connected for rate limiting
2026-07-07 21:15:13,099 - Zovix - INFO - Load balancer initialized with 4 workers
2026-07-07 21:15:15,148 - Zovix - INFO - Redis cache connected
2026-07-07 21:15:15,160 - Zovix - INFO - Database initialized successfully
2026-07-07 21:15:21,166 - Zovix - INFO - Redis connected for rate limiting
2026-07-07 21:15:21,167 - Zovix - INFO - Load balancer initialized with 4 workers
2026-07-07 21:15:23,218 - Zovix - INFO - Redis cache connected
2026-07-07 21:15:23,226 - Zovix - INFO - Database initialized successfully
2026-07-07 21:15:27,407 - Zovix - INFO - Redis connected for rate limiting
2026-07-07 21:15:27,408 - Zovix - INFO - Load balancer initialized with 4 workers
2026-07-07 21:15:29,458 - Zovix - INFO - Redis cache connected
2026-07-07 21:15:29,463 - Zovix - INFO - Database initialized successfully
2026-07-07 21:15:37,441 - Zovix - INFO - Redis connected for rate limiting
2026-07-07 21:15:37,443 - Zovix - INFO - Load balancer initialized with 4 workers
2026-07-07 21:15:39,488 - Zovix - INFO - Redis cache connected
2026-07-07 21:15:39,493 - Zovix - INFO - Database initialized successfully
2026-07-07 21:15:43,828 - Zovix - INFO - Redis connected for rate limiting
2026-07-07 21:15:43,831 - Zovix - INFO - Load balancer initialized with 4 workers
2026-07-07 21:15:45,875 - Zovix - INFO - Redis cache connected
2026-07-07 21:15:45,878 - Zovix - INFO - Database initialized successfully
2026-07-07 21:15:53,112 - Zovix - INFO - Redis connected for rate limiting
2026-07-07 21:15:53,114 - Zovix - INFO - Load balancer initialized with 4 workers
2026-07-07 21:15:55,156 - Zovix - INFO - Redis cache connected
2026-07-07 21:15:55,168 - Zovix - INFO - Database initialized successfully
2026-07-08 11:15:28,235 - Zovix - INFO - Redis connected for rate limiting
2026-07-08 11:15:28,243 - Zovix - INFO - Load balancer initialized with 4 workers
2026-07-08 11:15:30,284 - Zovix - INFO - Redis cache connected
2026-07-08 11:15:30,468 - Zovix - INFO - Database initialized successfully
2026-07-08 11:15:40,694 - Zovix - INFO - Redis connected for rate limiting
2026-07-08 11:15:40,695 - Zovix - INFO - Load balancer initialized with 4 workers
2026-07-08 11:15:42,725 - Zovix - INFO - Redis cache connected
2026-07-08 11:15:42,731 - Zovix - INFO - Database initialized successfully
2026-07-08 11:15:47,770 - Zovix - INFO - Redis connected for rate limiting
2026-07-08 11:15:47,771 - Zovix - INFO - Load balancer initialized with 4 workers
2026-07-08 11:15:49,813 - Zovix - INFO - Redis cache connected
2026-07-08 11:15:49,820 - Zovix - INFO - Database initialized successfully
2026-07-08 11:18:46,342 - Zovix - INFO - Redis connected for rate limiting
2026-07-08 11:18:46,343 - Zovix - INFO - Load balancer initialized with 4 workers
2026-07-08 11:18:48,382 - Zovix - INFO - Redis cache connected
2026-07-08 11:18:48,388 - Zovix - INFO - Database initialized successfully
2026-07-08 11:21:18,830 - Zovix - INFO - Redis connected for rate limiting
2026-07-08 11:21:18,831 - Zovix - INFO - Load balancer initialized with 4 workers
2026-07-08 11:21:20,863 - Zovix - INFO - Redis cache connected
2026-07-08 11:21:20,869 - Zovix - INFO - Database initialized successfully
2026-07-08 11:21:25,181 - Zovix - INFO - Redis connected for rate limiting
2026-07-08 11:21:25,183 - Zovix - INFO - Load balancer initialized with 4 workers
2026-07-08 11:21:27,225 - Zovix - INFO - Redis cache connected
2026-07-08 11:21:27,231 - Zovix - INFO - Database initialized successfully
2026-07-08 11:23:26,862 - Zovix - INFO - Redis connected for rate limiting
2026-07-08 11:23:26,863 - Zovix - INFO - Load balancer initialized with 4 workers
2026-07-08 11:23:28,892 - Zovix - INFO - Redis cache connected
2026-07-08 11:23:28,899 - Zovix - INFO - Database initialized successfully
2026-07-08 11:23:33,195 - Zovix - INFO - Redis connected for rate limiting
2026-07-08 11:23:33,196 - Zovix - INFO - Load balancer initialized with 4 workers
2026-07-08 11:23:35,231 - Zovix - INFO - Redis cache connected
2026-07-08 11:23:35,237 - Zovix - INFO - Database initialized successfully
2026-07-08 11:45:11,961 - Zovix - INFO - Redis connected for rate limiting
2026-07-08 11:45:11,962 - Zovix - INFO - Load balancer initialized with 4 workers
2026-07-08 11:45:14,017 - Zovix - INFO - Redis cache connected
2026-07-08 11:45:14,027 - Zovix - INFO - Database initialized successfully
2026-07-08 11:45:18,299 - Zovix - INFO - Redis connected for rate limiting
2026-07-08 11:45:18,300 - Zovix - INFO - Load balancer initialized with 4 workers
2026-07-08 11:45:20,343 - Zovix - INFO - Redis cache connected
2026-07-08 11:45:20,349 - Zovix - INFO - Database initialized successfully
2026-07-08 12:12:39,996 - Zovix - INFO - Redis connected for rate limiting
2026-07-08 12:12:39,998 - Zovix - INFO - Load balancer initialized with 4 workers
2026-07-08 12:12:42,025 - Zovix - INFO - Redis cache connected
2026-07-08 12:12:42,035 - Zovix - INFO - Database initialized successfully
2026-07-08 12:12:53,970 - Zovix - INFO - Redis connected for rate limiting
2026-07-08 12:12:53,972 - Zovix - INFO - Load balancer initialized with 4 workers
2026-07-08 12:12:56,003 - Zovix - INFO - Redis cache connected
2026-07-08 12:12:56,009 - Zovix - INFO - Database initialized successfully
2026-07-08 12:13:00,715 - Zovix - INFO - Redis connected for rate limiting
2026-07-08 12:13:00,715 - Zovix - INFO - Load balancer initialized with 4 workers
2026-07-08 12:13:02,738 - Zovix - INFO - Redis cache connected
2026-07-08 12:13:02,743 - Zovix - INFO - Database initialized successfully
2026-07-08 12:13:27,435 - Zovix - INFO - Redis connected for rate limiting
2026-07-08 12:13:27,437 - Zovix - INFO - Load balancer initialized with 4 workers
2026-07-08 12:13:29,468 - Zovix - INFO - Redis cache connected
2026-07-08 12:13:29,478 - Zovix - INFO - Database initialized successfully
2026-07-08 12:14:14,326 - Zovix - INFO - Redis connected for rate limiting
2026-07-08 12:14:14,327 - Zovix - INFO - Load balancer initialized with 4 workers
2026-07-08 12:14:16,371 - Zovix - INFO - Redis cache connected
2026-07-08 12:14:16,378 - Zovix - INFO - Database initialized successfully
2026-07-08 12:15:53,251 - Zovix - INFO - Redis connected for rate limiting
2026-07-08 12:15:53,253 - Zovix - INFO - Load balancer initialized with 4 workers
2026-07-08 12:15:55,308 - Zovix - INFO - Redis cache connected
2026-07-08 12:15:55,315 - Zovix - INFO - Database initialized successfully
2026-07-08 12:15:59,517 - Zovix - INFO - Redis connected for rate limiting
2026-07-08 12:15:59,517 - Zovix - INFO - Load balancer initialized with 4 workers
2026-07-08 12:16:01,550 - Zovix - INFO - Redis cache connected
2026-07-08 12:16:01,555 - Zovix - INFO - Database initialized successfully
2026-07-08 12:21:11,756 - Zovix - INFO - Redis connected for rate limiting
2026-07-08 12:21:11,757 - Zovix - INFO - Load balancer initialized with 4 workers
2026-07-08 12:21:13,786 - Zovix - INFO - Redis cache connected
2026-07-08 12:21:13,792 - Zovix - INFO - Database initialized successfully
2026-07-08 12:21:18,062 - Zovix - INFO - Redis connected for rate limiting
2026-07-08 12:21:18,062 - Zovix - INFO - Load balancer initialized with 4 workers
2026-07-08 12:21:20,104 - Zovix - INFO - Redis cache connected
2026-07-08 12:21:20,110 - Zovix - INFO - Database initialized successfully
2026-07-08 12:23:16,401 - Zovix - INFO - Redis connected for rate limiting
2026-07-08 12:23:16,402 - Zovix - INFO - Load balancer initialized with 4 workers
2026-07-08 12:23:18,444 - Zovix - INFO - Redis cache connected
2026-07-08 12:23:18,451 - Zovix - INFO - Database initialized successfully
2026-07-08 12:23:29,456 - Zovix - INFO - Redis connected for rate limiting
2026-07-08 12:23:29,457 - Zovix - INFO - Load balancer initialized with 4 workers
2026-07-08 12:23:31,497 - Zovix - INFO - Redis cache connected
2026-07-08 12:23:31,502 - Zovix - INFO - Database initialized successfully
2026-07-08 12:23:52,238 - Zovix - INFO - Redis connected for rate limiting
2026-07-08 12:23:52,239 - Zovix - INFO - Load balancer initialized with 4 workers
2026-07-08 12:23:54,291 - Zovix - INFO - Redis cache connected
2026-07-08 12:23:54,297 - Zovix - INFO - Database initialized successfully
2026-07-08 12:24:02,006 - Zovix - INFO - Redis connected for rate limiting
2026-07-08 12:24:02,007 - Zovix - INFO - Load balancer initialized with 4 workers
2026-07-08 12:24:04,052 - Zovix - INFO - Redis cache connected
2026-07-08 12:24:04,059 - Zovix - INFO - Database initialized successfully
2026-07-08 13:00:44,861 - Zovix - INFO - Redis connected for rate limiting
2026-07-08 13:00:44,894 - Zovix - INFO - Load balancer initialized with 4 workers
2026-07-08 13:00:46,926 - Zovix - INFO - Redis cache connected
2026-07-08 13:00:46,948 - Zovix - INFO - Database initialized successfully
2026-07-08 13:00:52,080 - Zovix - INFO - Redis connected for rate limiting
2026-07-08 13:00:52,083 - Zovix - INFO - Load balancer initialized with 4 workers
2026-07-08 13:00:54,134 - Zovix - INFO - Redis cache connected
2026-07-08 13:00:54,141 - Zovix - INFO - Database initialized successfully
2026-07-08 13:00:58,817 - Zovix - INFO - Redis connected for rate limiting
2026-07-08 13:00:58,818 - Zovix - INFO - Load balancer initialized with 4 workers
2026-07-08 13:01:00,855 - Zovix - INFO - Redis cache connected
2026-07-08 13:01:00,859 - Zovix - INFO - Database initialized successfully
2026-07-08 13:01:43,996 - Zovix - INFO - Redis connected for rate limiting
2026-07-08 13:01:43,997 - Zovix - INFO - Load balancer initialized with 4 workers
2026-07-08 13:01:46,037 - Zovix - INFO - Redis cache connected
2026-07-08 13:02:23,699 - Zovix - INFO - Redis connected for rate limiting
2026-07-08 13:02:23,716 - Zovix - INFO - Load balancer initialized with 4 workers
2026-07-08 13:02:25,773 - Zovix - INFO - Redis cache connected
2026-07-08 13:02:25,788 - Zovix - INFO - Database initialized successfully
2026-07-08 13:02:30,246 - Zovix - INFO - Redis connected for rate limiting
2026-07-08 13:02:30,247 - Zovix - INFO - Load balancer initialized with 4 workers
2026-07-08 13:02:32,305 - Zovix - INFO - Redis cache connected
2026-07-08 13:02:32,310 - Zovix - INFO - Database initialized successfully
2026-07-08 13:02:37,187 - Zovix - INFO - Redis connected for rate limiting
2026-07-08 13:02:37,189 - Zovix - INFO - Load balancer initialized with 4 workers
2026-07-08 13:02:39,228 - Zovix - INFO - Redis cache connected
2026-07-08 13:02:39,233 - Zovix - INFO - Database initialized successfully
2026-07-08 13:03:17,901 - Zovix - INFO - Redis connected for rate limiting
2026-07-08 13:03:17,902 - Zovix - INFO - Load balancer initialized with 4 workers
2026-07-08 13:03:19,958 - Zovix - INFO - Redis cache connected
2026-07-08 13:03:19,964 - Zovix - INFO - Database initialized successfully
2026-07-08 13:03:24,226 - Zovix - INFO - Redis connected for rate limiting
2026-07-08 13:03:24,227 - Zovix - INFO - Load balancer initialized with 4 workers
2026-07-08 13:03:26,287 - Zovix - INFO - Redis cache connected
2026-07-08 13:03:26,293 - Zovix - INFO - Database initialized successfully
2026-07-08 13:33:08,604 - Zovix - INFO - Redis connected for rate limiting
2026-07-08 13:33:08,611 - Zovix - INFO - Load balancer initialized with 4 workers
2026-07-08 13:33:10,659 - Zovix - INFO - Redis cache connected
2026-07-08 13:33:10,679 - Zovix - INFO - Database initialized successfully
2026-07-08 13:33:14,770 - Zovix - INFO - Redis connected for rate limiting
2026-07-08 13:33:14,773 - Zovix - INFO - Load balancer initialized with 4 workers
2026-07-08 13:33:16,830 - Zovix - INFO - Redis cache connected
2026-07-08 13:33:16,834 - Zovix - INFO - Database initialized successfully
2026-07-08 13:33:23,985 - Zovix - INFO - Redis connected for rate limiting
2026-07-08 13:33:23,988 - Zovix - INFO - Load balancer initialized with 4 workers
2026-07-08 13:33:26,017 - Zovix - INFO - Redis cache connected
2026-07-08 13:33:26,022 - Zovix - INFO - Database initialized successfully
2026-07-08 13:33:53,831 - Zovix - INFO - Redis connected for rate limiting
2026-07-08 13:33:53,833 - Zovix - INFO - Load balancer initialized with 4 workers
2026-07-08 13:33:55,874 - Zovix - INFO - Redis cache connected
2026-07-08 13:33:55,881 - Zovix - INFO - Database initialized successfully
2026-07-08 13:34:00,154 - Zovix - INFO - Redis connected for rate limiting
2026-07-08 13:34:00,157 - Zovix - INFO - Load balancer initialized with 4 workers
2026-07-08 13:34:02,183 - Zovix - INFO - Redis cache connected
2026-07-08 13:34:02,189 - Zovix - INFO - Database initialized successfully
2026-07-08 13:36:18,652 - Zovix - INFO - Redis connected for rate limiting
2026-07-08 13:36:18,654 - Zovix - INFO - Load balancer initialized with 4 workers
2026-07-08 13:36:20,698 - Zovix - INFO - Redis cache connected
2026-07-08 13:36:20,704 - Zovix - INFO - Database initialized successfully
2026-07-08 13:36:27,199 - Zovix - INFO - Redis connected for rate limiting
2026-07-08 13:36:27,202 - Zovix - INFO - Load balancer initialized with 4 workers
2026-07-08 13:36:29,237 - Zovix - INFO - Redis cache connected
2026-07-08 13:36:29,241 - Zovix - INFO - Database initialized successfully
2026-07-08 13:36:33,440 - Zovix - INFO - Redis connected for rate limiting
2026-07-08 13:36:33,442 - Zovix - INFO - Load balancer initialized with 4 workers
2026-07-08 13:36:35,455 - Zovix - INFO - Redis cache connected
2026-07-08 13:36:35,458 - Zovix - INFO - Database initialized successfully
2026-07-08 13:37:35,850 - Zovix - INFO - Redis connected for rate limiting
2026-07-08 13:37:35,852 - Zovix - INFO - Load balancer initialized with 4 workers
2026-07-08 13:37:37,890 - Zovix - INFO - Redis cache connected
2026-07-08 13:37:37,898 - Zovix - INFO - Database initialized successfully
2026-07-08 13:37:42,203 - Zovix - INFO - Redis connected for rate limiting
2026-07-08 13:37:42,206 - Zovix - INFO - Load balancer initialized with 4 workers
2026-07-08 13:37:44,247 - Zovix - INFO - Redis cache connected
2026-07-08 13:37:44,254 - Zovix - INFO - Database initialized successfully
2026-07-08 13:42:22,542 - Zovix - INFO - Redis connected for rate limiting
2026-07-08 13:42:22,545 - Zovix - INFO - Load balancer initialized with 4 workers
2026-07-08 13:42:24,577 - Zovix - INFO - Redis cache connected
2026-07-08 13:42:24,584 - Zovix - INFO - Database initialized successfully
2026-07-08 13:42:28,917 - Zovix - INFO - Redis connected for rate limiting
2026-07-08 13:42:28,920 - Zovix - INFO - Load balancer initialized with 4 workers
2026-07-08 13:42:30,949 - Zovix - INFO - Redis cache connected
2026-07-08 13:42:30,959 - Zovix - INFO - Database initialized successfully
2026-07-08 14:01:58,639 - Zovix - INFO - Redis connected for rate limiting
2026-07-08 14:01:58,642 - Zovix - INFO - Load balancer initialized with 4 workers
2026-07-08 14:02:00,678 - Zovix - INFO - Redis cache connected
2026-07-08 14:02:00,687 - Zovix - INFO - Database initialized successfully
2026-07-08 14:02:19,577 - Zovix - INFO - Redis connected for rate limiting
2026-07-08 14:02:19,579 - Zovix - INFO - Load balancer initialized with 4 workers
2026-07-08 14:02:21,624 - Zovix - INFO - Redis cache connected
2026-07-08 14:02:21,631 - Zovix - INFO - Database initialized successfully
2026-07-08 14:02:25,976 - Zovix - INFO - Redis connected for rate limiting
2026-07-08 14:02:25,977 - Zovix - INFO - Load balancer initialized with 4 workers
2026-07-08 14:02:28,007 - Zovix - INFO - Redis cache connected
2026-07-08 14:02:28,014 - Zovix - INFO - Database initialized successfully
2026-07-08 14:02:31,188 - Zovix - INFO - Redis connected for rate limiting
2026-07-08 14:02:31,190 - Zovix - INFO - Load balancer initialized with 4 workers
2026-07-08 14:02:33,236 - Zovix - INFO - Redis cache connected
2026-07-08 14:02:33,244 - Zovix - INFO - Database initialized successfully
2026-07-08 14:02:38,318 - Zovix - INFO - Redis connected for rate limiting
2026-07-08 14:02:38,320 - Zovix - INFO - Load balancer initialized with 4 workers
2026-07-08 14:02:40,352 - Zovix - INFO - Redis cache connected
2026-07-08 14:02:40,359 - Zovix - INFO - Database initialized successfully
2026-07-08 14:02:55,629 - Zovix - INFO - Redis connected for rate limiting
2026-07-08 14:02:55,631 - Zovix - INFO - Load balancer initialized with 4 workers
2026-07-08 14:02:57,663 - Zovix - INFO - Redis cache connected
2026-07-08 14:02:57,675 - Zovix - INFO - Database initialized successfully
2026-07-08 14:03:01,732 - Zovix - INFO - Redis connected for rate limiting
2026-07-08 14:03:01,732 - Zovix - INFO - Load balancer initialized with 4 workers
2026-07-08 14:03:03,760 - Zovix - INFO - Redis cache connected
2026-07-08 14:03:03,770 - Zovix - INFO - Database initialized successfully
2026-07-08 14:03:09,208 - Zovix - INFO - Redis connected for rate limiting
2026-07-08 14:03:09,211 - Zovix - INFO - Load balancer initialized with 4 workers
2026-07-08 14:03:11,249 - Zovix - INFO - Redis cache connected
2026-07-08 14:03:11,253 - Zovix - INFO - Database initialized successfully
2026-07-08 14:04:24,654 - Zovix - INFO - Redis connected for rate limiting
2026-07-08 14:04:24,657 - Zovix - INFO - Load balancer initialized with 4 workers
2026-07-08 14:04:26,693 - Zovix - INFO - Redis cache connected
2026-07-08 14:04:26,699 - Zovix - INFO - Database initialized successfully
2026-07-08 14:04:34,112 - Zovix - INFO - Redis connected for rate limiting
2026-07-08 14:04:34,114 - Zovix - INFO - Load balancer initialized with 4 workers
2026-07-08 14:04:36,173 - Zovix - INFO - Redis cache connected
2026-07-08 14:04:36,178 - Zovix - INFO - Database initialized successfully
2026-07-08 14:04:40,526 - Zovix - INFO - Redis connected for rate limiting
2026-07-08 14:04:40,527 - Zovix - INFO - Load balancer initialized with 4 workers
2026-07-08 14:04:42,544 - Zovix - INFO - Redis cache connected
2026-07-08 14:04:42,550 - Zovix - INFO - Database initialized successfully
2026-07-08 16:13:00,566 - Zovix - INFO - Redis connected for rate limiting
2026-07-08 16:13:00,605 - Zovix - INFO - Load balancer initialized with 4 workers
2026-07-08 16:13:02,638 - Zovix - INFO - Redis cache connected
2026-07-08 16:13:02,660 - Zovix - INFO - Database initialized successfully
2026-07-08 16:13:08,933 - Zovix - INFO - Redis connected for rate limiting
2026-07-08 16:13:08,936 - Zovix - INFO - Load balancer initialized with 4 workers
2026-07-08 16:13:10,972 - Zovix - INFO - Redis cache connected
2026-07-08 16:13:10,979 - Zovix - INFO - Database initialized successfully
2026-07-08 16:13:16,397 - Zovix - INFO - Redis connected for rate limiting
2026-07-08 16:13:16,399 - Zovix - INFO - Load balancer initialized with 4 workers
2026-07-08 16:13:18,426 - Zovix - INFO - Redis cache connected
2026-07-08 16:13:18,432 - Zovix - INFO - Database initialized successfully
2026-07-08 16:54:29,039 - Zovix - INFO - Redis connected for rate limiting
2026-07-08 16:54:29,041 - Zovix - INFO - Load balancer initialized with 4 workers
2026-07-08 16:54:31,075 - Zovix - INFO - Redis cache connected
2026-07-08 16:54:31,089 - Zovix - INFO - Database initialized successfully
2026-07-08 16:54:35,306 - Zovix - INFO - Redis connected for rate limiting
2026-07-08 16:54:35,306 - Zovix - INFO - Load balancer initialized with 4 workers
2026-07-08 16:54:37,326 - Zovix - INFO - Redis cache connected
2026-07-08 16:54:37,333 - Zovix - INFO - Database initialized successfully
2026-07-08 16:54:45,848 - Zovix - INFO - Redis connected for rate limiting
2026-07-08 16:54:45,849 - Zovix - INFO - Load balancer initialized with 4 workers
2026-07-08 16:54:47,864 - Zovix - INFO - Redis cache connected
2026-07-08 16:54:47,870 - Zovix - INFO - Database initialized successfully
2026-07-08 16:54:55,998 - Zovix - INFO - Redis connected for rate limiting
2026-07-08 16:54:56,000 - Zovix - INFO - Load balancer initialized with 4 workers
2026-07-08 16:54:58,043 - Zovix - INFO - Redis cache connected
2026-07-08 16:54:58,049 - Zovix - INFO - Database initialized successfully
2026-07-08 17:02:53,564 - Zovix - INFO - Redis connected for rate limiting
2026-07-08 17:02:53,567 - Zovix - INFO - Load balancer initialized with 4 workers
2026-07-08 17:02:55,606 - Zovix - INFO - Redis cache connected
2026-07-08 17:02:55,612 - Zovix - INFO - Database initialized successfully
2026-07-08 17:03:20,150 - Zovix - INFO - Redis connected for rate limiting
2026-07-08 17:03:20,153 - Zovix - INFO - Load balancer initialized with 4 workers
2026-07-08 17:03:22,198 - Zovix - INFO - Redis cache connected
2026-07-08 17:03:22,206 - Zovix - INFO - Database initialized successfully
2026-07-08 17:04:06,660 - Zovix - INFO - Redis connected for rate limiting
2026-07-08 17:04:06,661 - Zovix - INFO - Load balancer initialized with 4 workers
2026-07-08 17:04:08,716 - Zovix - INFO - Redis cache connected
2026-07-08 17:04:08,722 - Zovix - INFO - Database initialized successfully
2026-07-08 17:04:40,056 - Zovix - INFO - Redis connected for rate limiting
2026-07-08 17:04:40,057 - Zovix - INFO - Load balancer initialized with 4 workers
2026-07-08 17:04:42,110 - Zovix - INFO - Redis cache connected
2026-07-08 17:04:42,113 - Zovix - INFO - Database initialized successfully
2026-07-08 17:04:46,416 - Zovix - INFO - Redis connected for rate limiting
2026-07-08 17:04:46,418 - Zovix - INFO - Load balancer initialized with 4 workers
2026-07-08 17:04:48,455 - Zovix - INFO - Redis cache connected
2026-07-08 17:04:48,463 - Zovix - INFO - Database initialized successfully
2026-07-08 17:05:39,108 - Zovix - INFO - Redis connected for rate limiting
2026-07-08 17:05:39,111 - Zovix - INFO - Load balancer initialized with 4 workers
2026-07-08 17:05:41,162 - Zovix - INFO - Redis cache connected
2026-07-08 17:05:41,171 - Zovix - INFO - Database initialized successfully
2026-07-08 17:05:45,474 - Zovix - INFO - Redis connected for rate limiting
2026-07-08 17:05:45,476 - Zovix - INFO - Load balancer initialized with 4 workers
2026-07-08 17:05:47,515 - Zovix - INFO - Redis cache connected
2026-07-08 17:05:47,522 - Zovix - INFO - Database initialized successfully
2026-07-08 17:13:24,090 - Zovix - INFO - Redis connected for rate limiting
2026-07-08 17:13:24,104 - Zovix - INFO - Load balancer initialized with 4 workers
2026-07-08 17:13:26,161 - Zovix - INFO - Redis cache connected
2026-07-08 17:13:26,180 - Zovix - INFO - Database initialized successfully
2026-07-08 17:13:30,861 - Zovix - INFO - Redis connected for rate limiting
2026-07-08 17:13:30,863 - Zovix - INFO - Load balancer initialized with 4 workers
2026-07-08 17:13:32,890 - Zovix - INFO - Redis cache connected
2026-07-08 17:13:32,897 - Zovix - INFO - Database initialized successfully
2026-07-08 17:13:38,689 - Zovix - INFO - Redis connected for rate limiting
2026-07-08 17:13:38,691 - Zovix - INFO - Load balancer initialized with 4 workers
2026-07-08 17:13:40,744 - Zovix - INFO - Redis cache connected
2026-07-08 17:13:40,752 - Zovix - INFO - Database initialized successfully
2026-07-08 17:28:51,714 - Zovix - INFO - Redis connected for rate limiting
2026-07-08 17:28:51,716 - Zovix - INFO - Load balancer initialized with 4 workers
2026-07-08 17:28:53,747 - Zovix - INFO - Redis cache connected
2026-07-08 17:28:53,763 - Zovix - INFO - Database initialized successfully
2026-07-08 17:29:03,420 - Zovix - INFO - Redis connected for rate limiting
2026-07-08 17:29:03,423 - Zovix - INFO - Load balancer initialized with 4 workers
2026-07-08 17:29:05,469 - Zovix - INFO - Redis cache connected
2026-07-08 17:29:05,477 - Zovix - INFO - Database initialized successfully
2026-07-08 17:29:10,027 - Zovix - INFO - Redis connected for rate limiting
2026-07-08 17:29:10,028 - Zovix - INFO - Load balancer initialized with 4 workers
2026-07-08 17:29:12,071 - Zovix - INFO - Redis cache connected
2026-07-08 17:29:12,076 - Zovix - INFO - Database initialized successfully
2026-07-08 17:39:53,809 - Zovix - INFO - Redis connected for rate limiting
2026-07-08 17:39:53,811 - Zovix - INFO - Load balancer initialized with 4 workers
2026-07-08 17:39:55,837 - Zovix - INFO - Redis cache connected
2026-07-08 17:39:55,850 - Zovix - INFO - Database initialized successfully
2026-07-08 17:40:02,618 - Zovix - INFO - Redis connected for rate limiting
2026-07-08 17:40:02,618 - Zovix - INFO - Load balancer initialized with 4 workers
2026-07-08 17:40:04,652 - Zovix - INFO - Redis cache connected
2026-07-08 17:40:04,655 - Zovix - INFO - Database initialized successfully
2026-07-08 17:40:10,284 - Zovix - INFO - Redis connected for rate limiting
2026-07-08 17:40:10,286 - Zovix - INFO - Load balancer initialized with 4 workers
2026-07-08 17:40:12,324 - Zovix - INFO - Redis cache connected
2026-07-08 17:40:12,328 - Zovix - INFO - Database initialized successfully
2026-07-08 17:40:44,882 - Zovix - INFO - Redis connected for rate limiting
2026-07-08 17:40:44,883 - Zovix - INFO - Load balancer initialized with 4 workers
2026-07-08 17:40:46,913 - Zovix - INFO - Redis cache connected
2026-07-08 17:40:46,917 - Zovix - INFO - Database initialized successfully
2026-07-08 17:40:52,765 - Zovix - INFO - Redis connected for rate limiting
2026-07-08 17:40:52,767 - Zovix - INFO - Load balancer initialized with 4 workers
2026-07-08 17:40:54,783 - Zovix - INFO - Redis cache connected
2026-07-08 17:40:54,790 - Zovix - INFO - Database initialized successfully
2026-07-08 17:40:59,098 - Zovix - INFO - Redis connected for rate limiting
2026-07-08 17:40:59,100 - Zovix - INFO - Load balancer initialized with 4 workers
2026-07-08 17:41:01,124 - Zovix - INFO - Redis cache connected
2026-07-08 17:41:01,133 - Zovix - INFO - Database initialized successfully
2026-07-08 17:42:43,442 - Zovix - INFO - Redis connected for rate limiting
2026-07-08 17:42:43,450 - Zovix - INFO - Load balancer initialized with 4 workers
2026-07-08 17:42:45,481 - Zovix - INFO - Redis cache connected
2026-07-08 17:42:45,485 - Zovix - INFO - Database initialized successfully
2026-07-08 17:42:52,649 - Zovix - INFO - Redis connected for rate limiting
2026-07-08 17:42:52,652 - Zovix - INFO - Load balancer initialized with 4 workers
2026-07-08 17:42:54,683 - Zovix - INFO - Redis cache connected
2026-07-08 17:42:54,689 - Zovix - INFO - Database initialized successfully
2026-07-08 17:42:59,457 - Zovix - INFO - Redis connected for rate limiting
2026-07-08 17:42:59,458 - Zovix - INFO - Load balancer initialized with 4 workers
2026-07-08 17:43:01,479 - Zovix - INFO - Redis cache connected
2026-07-08 17:43:01,481 - Zovix - INFO - Database initialized successfully
2026-07-08 18:11:55,958 - Zovix - INFO - Redis connected for rate limiting
2026-07-08 18:11:55,979 - Zovix - INFO - Load balancer initialized with 4 workers
2026-07-08 18:11:58,019 - Zovix - INFO - Redis cache connected
2026-07-08 18:11:58,040 - Zovix - INFO - Database initialized successfully
2026-07-08 18:12:02,983 - Zovix - INFO - Redis connected for rate limiting
2026-07-08 18:12:02,984 - Zovix - INFO - Load balancer initialized with 4 workers
2026-07-08 18:12:05,008 - Zovix - INFO - Redis cache connected
2026-07-08 18:12:05,016 - Zovix - INFO - Database initialized successfully
2026-07-08 18:12:09,944 - Zovix - INFO - Redis connected for rate limiting
2026-07-08 18:12:09,946 - Zovix - INFO - Load balancer initialized with 4 workers
2026-07-08 18:12:11,986 - Zovix - INFO - Redis cache connected
2026-07-08 18:12:11,990 - Zovix - INFO - Database initialized successfully
2026-07-08 18:12:18,490 - Zovix - INFO - Redis connected for rate limiting
2026-07-08 18:12:18,491 - Zovix - INFO - Load balancer initialized with 4 workers
2026-07-08 18:12:20,534 - Zovix - INFO - Redis cache connected
2026-07-08 18:12:20,541 - Zovix - INFO - Database initialized successfully
2026-07-08 18:12:26,285 - Zovix - INFO - Redis connected for rate limiting
2026-07-08 18:12:26,289 - Zovix - INFO - Load balancer initialized with 4 workers
2026-07-08 18:12:28,328 - Zovix - INFO - Redis cache connected
2026-07-08 18:12:28,333 - Zovix - INFO - Database initialized successfully
2026-07-08 18:12:32,586 - Zovix - INFO - Redis connected for rate limiting
2026-07-08 18:12:32,588 - Zovix - INFO - Load balancer initialized with 4 workers
2026-07-08 18:12:34,623 - Zovix - INFO - Redis cache connected
2026-07-08 18:12:34,631 - Zovix - INFO - Database initialized successfully
2026-07-08 18:12:43,407 - Zovix - INFO - Redis connected for rate limiting
2026-07-08 18:12:43,409 - Zovix - INFO - Load balancer initialized with 4 workers
2026-07-08 18:12:45,450 - Zovix - INFO - Redis cache connected
2026-07-08 18:12:45,457 - Zovix - INFO - Database initialized successfully
2026-07-08 18:12:49,811 - Zovix - INFO - Redis connected for rate limiting
2026-07-08 18:12:49,814 - Zovix - INFO - Load balancer initialized with 4 workers
2026-07-08 18:12:51,840 - Zovix - INFO - Redis cache connected
2026-07-08 18:12:51,848 - Zovix - INFO - Database initialized successfully
2026-07-08 18:15:23,860 - Zovix - INFO - Redis connected for rate limiting
2026-07-08 18:15:23,862 - Zovix - INFO - Load balancer initialized with 4 workers
2026-07-08 18:15:25,902 - Zovix - INFO - Redis cache connected
2026-07-08 18:15:25,914 - Zovix - INFO - Database initialized successfully
2026-07-08 18:15:30,203 - Zovix - INFO - Redis connected for rate limiting
2026-07-08 18:15:30,204 - Zovix - INFO - Load balancer initialized with 4 workers
2026-07-08 18:15:32,240 - Zovix - INFO - Redis cache connected
2026-07-08 18:15:32,246 - Zovix - INFO - Database initialized successfully
2026-07-08 18:15:37,422 - Zovix - INFO - Redis connected for rate limiting
2026-07-08 18:15:37,423 - Zovix - INFO - Load balancer initialized with 4 workers
2026-07-08 18:15:39,461 - Zovix - INFO - Redis cache connected
2026-07-08 18:15:39,467 - Zovix - INFO - Database initialized successfully
2026-07-08 18:15:46,213 - Zovix - INFO - Redis connected for rate limiting
2026-07-08 18:15:46,214 - Zovix - INFO - Load balancer initialized with 4 workers
2026-07-08 18:15:48,253 - Zovix - INFO - Redis cache connected
2026-07-08 18:15:48,259 - Zovix - INFO - Database initialized successfully
2026-07-08 18:15:54,512 - Zovix - INFO - Redis connected for rate limiting
2026-07-08 18:15:54,513 - Zovix - INFO - Load balancer initialized with 4 workers
2026-07-08 18:15:56,551 - Zovix - INFO - Redis cache connected
2026-07-08 18:15:56,557 - Zovix - INFO - Database initialized successfully
2026-07-08 18:16:00,887 - Zovix - INFO - Redis connected for rate limiting
2026-07-08 18:16:00,888 - Zovix - INFO - Load balancer initialized with 4 workers
2026-07-08 18:16:02,924 - Zovix - INFO - Redis cache connected
2026-07-08 18:16:02,929 - Zovix - INFO - Database initialized successfully
2026-07-08 18:16:21,554 - Zovix - INFO - Redis connected for rate limiting
2026-07-08 18:16:21,555 - Zovix - INFO - Load balancer initialized with 4 workers
2026-07-08 18:16:23,590 - Zovix - INFO - Redis cache connected
2026-07-08 18:16:23,595 - Zovix - INFO - Database initialized successfully
2026-07-08 18:16:27,887 - Zovix - INFO - Redis connected for rate limiting
2026-07-08 18:16:27,889 - Zovix - INFO - Load balancer initialized with 4 workers
2026-07-08 18:16:29,915 - Zovix - INFO - Redis cache connected
2026-07-08 18:16:29,921 - Zovix - INFO - Database initialized successfully
2026-07-08 18:16:34,002 - Zovix - INFO - Redis connected for rate limiting
2026-07-08 18:16:34,002 - Zovix - INFO - Load balancer initialized with 4 workers
2026-07-08 18:16:36,041 - Zovix - INFO - Redis cache connected
2026-07-08 18:16:36,046 - Zovix - INFO - Database initialized successfully
2026-07-08 18:16:40,826 - Zovix - INFO - Redis connected for rate limiting
2026-07-08 18:16:40,828 - Zovix - INFO - Load balancer initialized with 4 workers
2026-07-08 18:16:42,863 - Zovix - INFO - Redis cache connected
2026-07-08 18:16:42,867 - Zovix - INFO - Database initialized successfully
2026-07-08 18:17:50,681 - Zovix - INFO - Redis connected for rate limiting
2026-07-08 18:17:50,687 - Zovix - INFO - Load balancer initialized with 4 workers
2026-07-08 18:17:52,724 - Zovix - INFO - Redis cache connected
2026-07-08 18:17:52,745 - Zovix - INFO - Database initialized successfully
2026-07-08 18:19:27,241 - Zovix - INFO - Redis connected for rate limiting
2026-07-08 18:19:27,243 - Zovix - INFO - Load balancer initialized with 4 workers
2026-07-08 18:19:29,271 - Zovix - INFO - Redis cache connected
2026-07-08 18:19:29,277 - Zovix - INFO - Database initialized successfully
2026-07-08 18:19:34,046 - Zovix - INFO - Redis connected for rate limiting
2026-07-08 18:19:34,048 - Zovix - INFO - Load balancer initialized with 4 workers
2026-07-08 18:19:36,079 - Zovix - INFO - Redis cache connected
2026-07-08 18:19:36,083 - Zovix - INFO - Database initialized successfully
2026-07-08 18:31:47,316 - Zovix - INFO - Redis connected for rate limiting
2026-07-08 18:31:47,317 - Zovix - INFO - Load balancer initialized with 4 workers
2026-07-08 18:31:49,362 - Zovix - INFO - Redis cache connected
2026-07-08 18:31:49,369 - Zovix - INFO - Database initialized successfully
2026-07-08 18:40:08,080 - Zovix - INFO - Redis connected for rate limiting
2026-07-08 18:40:08,082 - Zovix - INFO - Load balancer initialized with 4 workers
2026-07-08 18:40:10,140 - Zovix - INFO - Redis cache connected
2026-07-08 18:40:10,149 - Zovix - INFO - Database initialized successfully
2026-07-08 18:40:14,405 - Zovix - INFO - Redis connected for rate limiting
2026-07-08 18:40:14,407 - Zovix - INFO - Load balancer initialized with 4 workers
2026-07-08 18:40:16,443 - Zovix - INFO - Redis cache connected
2026-07-08 18:40:16,450 - Zovix - INFO - Database initialized successfully
2026-07-08 18:44:19,459 - Zovix - INFO - Redis connected for rate limiting
2026-07-08 18:44:19,460 - Zovix - INFO - Load balancer initialized with 4 workers
2026-07-08 18:44:21,492 - Zovix - INFO - Redis cache connected
2026-07-08 18:44:21,499 - Zovix - INFO - Database initialized successfully
2026-07-08 18:44:25,853 - Zovix - INFO - Redis connected for rate limiting
2026-07-08 18:44:25,855 - Zovix - INFO - Load balancer initialized with 4 workers
2026-07-08 18:44:27,901 - Zovix - INFO - Redis cache connected
2026-07-08 18:44:27,907 - Zovix - INFO - Database initialized successfully
2026-07-08 18:45:42,263 - Zovix - INFO - Redis connected for rate limiting
2026-07-08 18:45:42,265 - Zovix - INFO - Load balancer initialized with 4 workers
2026-07-08 18:45:44,307 - Zovix - INFO - Redis cache connected
2026-07-08 18:45:44,314 - Zovix - INFO - Database initialized successfully
2026-07-08 18:45:48,695 - Zovix - INFO - Redis connected for rate limiting
2026-07-08 18:45:48,698 - Zovix - INFO - Load balancer initialized with 4 workers
2026-07-08 18:45:50,740 - Zovix - INFO - Redis cache connected
2026-07-08 18:45:50,745 - Zovix - INFO - Database initialized successfully
2026-07-08 19:15:20,256 - Zovix - INFO - Redis connected for rate limiting
2026-07-08 19:15:20,257 - Zovix - INFO - Load balancer initialized with 4 workers
2026-07-08 19:15:22,290 - Zovix - INFO - Redis cache connected
2026-07-08 19:15:22,299 - Zovix - INFO - Database initialized successfully
2026-07-08 19:15:26,439 - Zovix - INFO - Redis connected for rate limiting
2026-07-08 19:15:26,441 - Zovix - INFO - Load balancer initialized with 4 workers
2026-07-08 19:15:28,496 - Zovix - INFO - Redis cache connected
2026-07-08 19:15:28,503 - Zovix - INFO - Database initialized successfully
2026-07-08 19:15:33,712 - Zovix - INFO - Redis connected for rate limiting
2026-07-08 19:15:33,714 - Zovix - INFO - Load balancer initialized with 4 workers
2026-07-08 19:15:35,741 - Zovix - INFO - Redis cache connected
2026-07-08 19:15:35,748 - Zovix - INFO - Database initialized successfully
2026-07-08 19:15:48,007 - Zovix - INFO - Redis connected for rate limiting
2026-07-08 19:15:48,011 - Zovix - INFO - Load balancer initialized with 4 workers
2026-07-08 19:15:50,051 - Zovix - INFO - Redis cache connected
2026-07-08 19:15:50,058 - Zovix - INFO - Database initialized successfully
2026-07-08 19:15:56,701 - Zovix - INFO - Redis connected for rate limiting
2026-07-08 19:15:56,702 - Zovix - INFO - Load balancer initialized with 4 workers
2026-07-08 19:15:58,732 - Zovix - INFO - Redis cache connected
2026-07-08 19:15:58,740 - Zovix - INFO - Database initialized successfully
2026-07-08 19:16:02,996 - Zovix - INFO - Redis connected for rate limiting
2026-07-08 19:16:02,998 - Zovix - INFO - Load balancer initialized with 4 workers
2026-07-08 19:16:05,054 - Zovix - INFO - Redis cache connected
2026-07-08 19:16:05,061 - Zovix - INFO - Database initialized successfully
2026-07-08 19:16:43,949 - Zovix - INFO - Redis connected for rate limiting
2026-07-08 19:16:43,985 - Zovix - INFO - Load balancer initialized with 4 workers
2026-07-08 19:16:46,014 - Zovix - INFO - Redis cache connected
2026-07-08 19:16:46,023 - Zovix - INFO - Database initialized successfully
2026-07-08 19:16:51,695 - Zovix - INFO - Redis connected for rate limiting
2026-07-08 19:16:51,696 - Zovix - INFO - Load balancer initialized with 4 workers
2026-07-08 19:16:53,723 - Zovix - INFO - Redis cache connected
2026-07-08 19:16:53,727 - Zovix - INFO - Database initialized successfully
2026-07-08 19:17:01,768 - Zovix - INFO - Redis connected for rate limiting
2026-07-08 19:17:01,771 - Zovix - INFO - Load balancer initialized with 4 workers
2026-07-08 19:17:03,813 - Zovix - INFO - Redis cache connected
2026-07-08 19:17:03,821 - Zovix - INFO - Database initialized successfully
2026-07-08 19:32:33,051 - Zovix - INFO - Redis connected for rate limiting
2026-07-08 19:32:33,051 - Zovix - INFO - Load balancer initialized with 4 workers
2026-07-08 19:32:35,091 - Zovix - INFO - Redis cache connected
2026-07-08 19:32:35,115 - Zovix - INFO - Database initialized successfully
2026-07-08 19:32:39,575 - Zovix - INFO - Redis connected for rate limiting
2026-07-08 19:32:39,576 - Zovix - INFO - Load balancer initialized with 4 workers
2026-07-08 19:32:41,618 - Zovix - INFO - Redis cache connected
2026-07-08 19:32:41,625 - Zovix - INFO - Database initialized successfully
2026-07-08 19:32:55,518 - Zovix - INFO - Redis connected for rate limiting
2026-07-08 19:32:55,520 - Zovix - INFO - Load balancer initialized with 4 workers
2026-07-08 19:32:57,559 - Zovix - INFO - Redis cache connected
2026-07-08 19:32:57,563 - Zovix - INFO - Database initialized successfully
2026-07-08 19:33:04,090 - Zovix - INFO - Redis connected for rate limiting
2026-07-08 19:33:04,091 - Zovix - INFO - Load balancer initialized with 4 workers
2026-07-08 19:33:06,137 - Zovix - INFO - Redis cache connected
2026-07-08 19:33:06,142 - Zovix - INFO - Database initialized successfully
2026-07-08 19:33:12,815 - Zovix - INFO - Redis connected for rate limiting
2026-07-08 19:33:12,816 - Zovix - INFO - Load balancer initialized with 4 workers
2026-07-08 19:33:14,845 - Zovix - INFO - Redis cache connected
2026-07-08 19:33:14,850 - Zovix - INFO - Database initialized successfully
2026-07-08 19:33:19,141 - Zovix - INFO - Redis connected for rate limiting
2026-07-08 19:33:19,142 - Zovix - INFO - Load balancer initialized with 4 workers
2026-07-08 19:33:21,181 - Zovix - INFO - Redis cache connected
2026-07-08 19:33:21,186 - Zovix - INFO - Database initialized successfully
2026-07-08 19:33:34,762 - Zovix - INFO - Redis connected for rate limiting
2026-07-08 19:33:34,763 - Zovix - INFO - Load balancer initialized with 4 workers
2026-07-08 19:33:36,792 - Zovix - INFO - Redis cache connected
2026-07-08 19:33:36,796 - Zovix - INFO - Database initialized successfully
2026-07-08 19:33:41,129 - Zovix - INFO - Redis connected for rate limiting
2026-07-08 19:33:41,130 - Zovix - INFO - Load balancer initialized with 4 workers
2026-07-08 19:33:43,170 - Zovix - INFO - Redis cache connected
2026-07-08 19:33:43,175 - Zovix - INFO - Database initialized successfully
2026-07-08 19:33:52,853 - Zovix - INFO - Redis connected for rate limiting
2026-07-08 19:33:52,853 - Zovix - INFO - Load balancer initialized with 4 workers
2026-07-08 19:33:54,895 - Zovix - INFO - Redis cache connected
2026-07-08 19:33:54,899 - Zovix - INFO - Database initialized successfully
2026-07-08 19:33:59,219 - Zovix - INFO - Redis connected for rate limiting
2026-07-08 19:33:59,220 - Zovix - INFO - Load balancer initialized with 4 workers
2026-07-08 19:34:01,260 - Zovix - INFO - Redis cache connected
2026-07-08 19:34:01,264 - Zovix - INFO - Database initialized successfully
2026-07-08 19:37:56,183 - Zovix - INFO - Redis connected for rate limiting
2026-07-08 19:37:56,184 - Zovix - INFO - Load balancer initialized with 4 workers
2026-07-08 19:37:58,217 - Zovix - INFO - Redis cache connected
2026-07-08 19:37:58,230 - Zovix - INFO - Database initialized successfully
2026-07-08 19:38:02,633 - Zovix - INFO - Redis connected for rate limiting
2026-07-08 19:38:02,634 - Zovix - INFO - Load balancer initialized with 4 workers
2026-07-08 19:38:04,668 - Zovix - INFO - Redis cache connected
2026-07-08 19:38:04,675 - Zovix - INFO - Database initialized successfully
2026-07-08 19:38:13,676 - Zovix - INFO - Redis connected for rate limiting
2026-07-08 19:38:13,678 - Zovix - INFO - Load balancer initialized with 4 workers
2026-07-08 19:38:15,714 - Zovix - INFO - Redis cache connected
2026-07-08 19:38:15,721 - Zovix - INFO - Database initialized successfully
2026-07-08 19:38:21,822 - Zovix - INFO - Redis connected for rate limiting
2026-07-08 19:38:21,824 - Zovix - INFO - Load balancer initialized with 4 workers
2026-07-08 19:38:23,878 - Zovix - INFO - Redis cache connected
2026-07-08 19:38:23,884 - Zovix - INFO - Database initialized successfully
2026-07-08 19:38:32,827 - Zovix - INFO - Redis connected for rate limiting
2026-07-08 19:38:32,828 - Zovix - INFO - Load balancer initialized with 4 workers
2026-07-08 19:38:34,855 - Zovix - INFO - Redis cache connected
2026-07-08 19:38:34,868 - Zovix - INFO - Database initialized successfully
2026-07-08 19:38:39,271 - Zovix - INFO - Redis connected for rate limiting
2026-07-08 19:38:39,272 - Zovix - INFO - Load balancer initialized with 4 workers
2026-07-08 19:38:41,317 - Zovix - INFO - Redis cache connected
2026-07-08 19:38:41,322 - Zovix - INFO - Database initialized successfully
2026-07-08 19:41:30,197 - Zovix - INFO - Redis connected for rate limiting
2026-07-08 19:41:30,198 - Zovix - INFO - Load balancer initialized with 4 workers
2026-07-08 19:41:32,240 - Zovix - INFO - Redis cache connected
2026-07-08 19:41:32,250 - Zovix - INFO - Database initialized successfully
2026-07-08 19:41:36,517 - Zovix - INFO - Redis connected for rate limiting
2026-07-08 19:41:36,520 - Zovix - INFO - Load balancer initialized with 4 workers
2026-07-08 19:41:38,557 - Zovix - INFO - Redis cache connected
2026-07-08 19:41:38,567 - Zovix - INFO - Database initialized successfully
2026-07-08 19:41:43,905 - Zovix - INFO - Redis connected for rate limiting
2026-07-08 19:41:43,906 - Zovix - INFO - Load balancer initialized with 4 workers
2026-07-08 19:41:45,946 - Zovix - INFO - Redis cache connected
2026-07-08 19:41:45,950 - Zovix - INFO - Database initialized successfully
2026-07-08 19:41:52,443 - Zovix - INFO - Redis connected for rate limiting
2026-07-08 19:41:52,446 - Zovix - INFO - Load balancer initialized with 4 workers
2026-07-08 19:41:54,475 - Zovix - INFO - Redis cache connected
2026-07-08 19:41:54,486 - Zovix - INFO - Database initialized successfully
2026-07-08 19:42:03,651 - Zovix - INFO - Redis connected for rate limiting
2026-07-08 19:42:03,655 - Zovix - INFO - Load balancer initialized with 4 workers
2026-07-08 19:42:05,696 - Zovix - INFO - Redis cache connected
2026-07-08 19:42:05,702 - Zovix - INFO - Database initialized successfully
2026-07-08 19:42:10,016 - Zovix - INFO - Redis connected for rate limiting
2026-07-08 19:42:10,018 - Zovix - INFO - Load balancer initialized with 4 workers
2026-07-08 19:42:12,053 - Zovix - INFO - Redis cache connected
2026-07-08 19:42:12,058 - Zovix - INFO - Database initialized successfully
2026-07-08 19:43:13,497 - Zovix - INFO - Redis connected for rate limiting
2026-07-08 19:43:13,498 - Zovix - INFO - Load balancer initialized with 4 workers
2026-07-08 19:43:15,537 - Zovix - INFO - Redis cache connected
2026-07-08 19:43:15,548 - Zovix - INFO - Database initialized successfully
2026-07-08 19:43:20,112 - Zovix - INFO - Redis connected for rate limiting
2026-07-08 19:43:20,113 - Zovix - INFO - Load balancer initialized with 4 workers
2026-07-08 19:43:22,155 - Zovix - INFO - Redis cache connected
2026-07-08 19:43:22,159 - Zovix - INFO - Database initialized successfully
2026-07-08 19:43:26,912 - Zovix - INFO - Redis connected for rate limiting
2026-07-08 19:43:26,912 - Zovix - INFO - Load balancer initialized with 4 workers
2026-07-08 19:43:28,950 - Zovix - INFO - Redis cache connected
2026-07-08 19:43:28,955 - Zovix - INFO - Database initialized successfully
2026-07-08 19:43:35,281 - Zovix - INFO - Redis connected for rate limiting
2026-07-08 19:43:35,282 - Zovix - INFO - Load balancer initialized with 4 workers
2026-07-08 19:43:37,336 - Zovix - INFO - Redis cache connected
2026-07-08 19:43:37,342 - Zovix - INFO - Database initialized successfully
2026-07-08 19:43:43,671 - Zovix - INFO - Redis connected for rate limiting
2026-07-08 19:43:43,673 - Zovix - INFO - Load balancer initialized with 4 workers
2026-07-08 19:43:45,710 - Zovix - INFO - Redis cache connected
2026-07-08 19:43:45,715 - Zovix - INFO - Database initialized successfully
2026-07-08 19:43:50,010 - Zovix - INFO - Redis connected for rate limiting
2026-07-08 19:43:50,012 - Zovix - INFO - Load balancer initialized with 4 workers
2026-07-08 19:43:52,063 - Zovix - INFO - Redis cache connected
2026-07-08 19:43:52,068 - Zovix - INFO - Database initialized successfully
2026-07-08 19:44:36,115 - Zovix - INFO - Redis connected for rate limiting
2026-07-08 19:44:36,116 - Zovix - INFO - Load balancer initialized with 4 workers
2026-07-08 19:44:38,151 - Zovix - INFO - Redis cache connected
2026-07-08 19:44:38,154 - Zovix - INFO - Database initialized successfully
2026-07-08 19:44:56,650 - Zovix - INFO - Redis connected for rate limiting
2026-07-08 19:44:56,651 - Zovix - INFO - Load balancer initialized with 4 workers
2026-07-08 19:44:58,694 - Zovix - INFO - Redis cache connected
2026-07-08 19:44:58,699 - Zovix - INFO - Database initialized successfully
2026-07-08 19:45:03,850 - Zovix - INFO - Redis connected for rate limiting
2026-07-08 19:45:03,851 - Zovix - INFO - Load balancer initialized with 4 workers
2026-07-08 19:45:05,894 - Zovix - INFO - Redis cache connected
2026-07-08 19:45:05,898 - Zovix - INFO - Database initialized successfully
2026-07-08 19:45:13,328 - Zovix - INFO - Redis connected for rate limiting
2026-07-08 19:45:13,328 - Zovix - INFO - Load balancer initialized with 4 workers
2026-07-08 19:45:15,357 - Zovix - INFO - Redis cache connected
2026-07-08 19:45:15,362 - Zovix - INFO - Database initialized successfully
2026-07-08 19:45:20,979 - Zovix - INFO - Redis connected for rate limiting
2026-07-08 19:45:20,981 - Zovix - INFO - Load balancer initialized with 4 workers
2026-07-08 19:45:23,020 - Zovix - INFO - Redis cache connected
2026-07-08 19:45:23,032 - Zovix - INFO - Database initialized successfully
2026-07-08 19:45:27,390 - Zovix - INFO - Redis connected for rate limiting
2026-07-08 19:45:27,391 - Zovix - INFO - Load balancer initialized with 4 workers
2026-07-08 19:45:29,434 - Zovix - INFO - Redis cache connected
2026-07-08 19:45:29,441 - Zovix - INFO - Database initialized successfully
2026-07-08 19:46:29,936 - Zovix - INFO - Redis connected for rate limiting
2026-07-08 19:46:29,978 - Zovix - INFO - Load balancer initialized with 4 workers
2026-07-08 19:46:32,026 - Zovix - INFO - Redis cache connected
2026-07-08 19:46:32,041 - Zovix - INFO - Database initialized successfully
2026-07-08 19:48:06,613 - Zovix - INFO - Redis connected for rate limiting
2026-07-08 19:48:06,614 - Zovix - INFO - Load balancer initialized with 4 workers
2026-07-08 19:48:08,653 - Zovix - INFO - Redis cache connected
2026-07-08 19:48:08,659 - Zovix - INFO - Database initialized successfully
2026-07-08 19:48:15,177 - Zovix - INFO - Redis connected for rate limiting
2026-07-08 19:48:15,179 - Zovix - INFO - Load balancer initialized with 4 workers
2026-07-08 19:48:17,216 - Zovix - INFO - Redis cache connected
2026-07-08 19:48:17,220 - Zovix - INFO - Database initialized successfully
2026-07-08 20:06:44,406 - Zovix - INFO - Redis connected for rate limiting
2026-07-08 20:06:44,433 - Zovix - INFO - Load balancer initialized with 4 workers
2026-07-08 20:06:46,480 - Zovix - INFO - Redis cache connected
2026-07-08 20:06:46,492 - Zovix - INFO - Database initialized successfully
2026-07-08 20:06:52,910 - Zovix - INFO - Redis connected for rate limiting
2026-07-08 20:06:52,911 - Zovix - INFO - Load balancer initialized with 4 workers
2026-07-08 20:06:54,948 - Zovix - INFO - Redis cache connected
2026-07-08 20:06:54,954 - Zovix - INFO - Database initialized successfully
2026-07-08 20:06:59,468 - Zovix - INFO - Redis connected for rate limiting
2026-07-08 20:06:59,469 - Zovix - INFO - Load balancer initialized with 4 workers
2026-07-08 20:07:01,507 - Zovix - INFO - Redis cache connected
2026-07-08 20:07:01,511 - Zovix - INFO - Database initialized successfully
2026-07-08 20:07:09,825 - Zovix - INFO - Redis connected for rate limiting
2026-07-08 20:07:09,827 - Zovix - INFO - Load balancer initialized with 4 workers
2026-07-08 20:07:11,858 - Zovix - INFO - Redis cache connected
2026-07-08 20:07:11,863 - Zovix - INFO - Database initialized successfully
2026-07-08 20:07:18,469 - Zovix - INFO - Redis connected for rate limiting
2026-07-08 20:07:18,471 - Zovix - INFO - Load balancer initialized with 4 workers
2026-07-08 20:07:20,495 - Zovix - INFO - Redis cache connected
2026-07-08 20:07:20,501 - Zovix - INFO - Database initialized successfully
2026-07-08 20:07:24,779 - Zovix - INFO - Redis connected for rate limiting
2026-07-08 20:07:24,781 - Zovix - INFO - Load balancer initialized with 4 workers
2026-07-08 20:07:26,810 - Zovix - INFO - Redis cache connected
2026-07-08 20:07:26,814 - Zovix - INFO - Database initialized successfully
2026-07-09 12:56:26,054 - Zovix - INFO - Redis connected for rate limiting
2026-07-09 12:56:26,095 - Zovix - INFO - Load balancer initialized with 4 workers
2026-07-09 12:56:28,138 - Zovix - INFO - Redis cache connected
2026-07-09 12:56:28,177 - Zovix - INFO - Database initialized successfully
2026-07-09 12:56:33,582 - Zovix - INFO - Redis connected for rate limiting
2026-07-09 12:56:33,585 - Zovix - INFO - Load balancer initialized with 4 workers
2026-07-09 12:56:35,636 - Zovix - INFO - Redis cache connected
2026-07-09 12:56:35,643 - Zovix - INFO - Database initialized successfully
2026-07-09 12:56:40,579 - Zovix - INFO - Redis connected for rate limiting
2026-07-09 12:56:40,582 - Zovix - INFO - Load balancer initialized with 4 workers
2026-07-09 12:56:42,625 - Zovix - INFO - Redis cache connected
2026-07-09 12:56:42,631 - Zovix - INFO - Database initialized successfully
2026-07-09 13:28:18,802 - Zovix - INFO - Redis connected for rate limiting
2026-07-09 13:28:18,802 - Zovix - INFO - Load balancer initialized with 4 workers
2026-07-09 13:28:20,830 - Zovix - INFO - Redis cache connected
2026-07-09 13:28:20,840 - Zovix - INFO - Database initialized successfully
2026-07-09 13:28:29,123 - Zovix - INFO - Redis connected for rate limiting
2026-07-09 13:28:29,127 - Zovix - INFO - Load balancer initialized with 4 workers
2026-07-09 13:28:31,155 - Zovix - INFO - Redis cache connected
2026-07-09 13:28:31,159 - Zovix - INFO - Database initialized successfully
2026-07-09 13:28:36,035 - Zovix - INFO - Redis connected for rate limiting
2026-07-09 13:28:36,035 - Zovix - INFO - Load balancer initialized with 4 workers
2026-07-09 13:28:38,067 - Zovix - INFO - Redis cache connected
2026-07-09 13:28:38,071 - Zovix - INFO - Database initialized successfully
2026-07-09 13:29:19,113 - Zovix - INFO - Redis connected for rate limiting
2026-07-09 13:29:19,114 - Zovix - INFO - Load balancer initialized with 4 workers
2026-07-09 13:29:21,142 - Zovix - INFO - Redis cache connected
2026-07-09 13:29:21,155 - Zovix - INFO - Database initialized successfully
2026-07-09 13:29:25,308 - Zovix - INFO - Redis connected for rate limiting
2026-07-09 13:29:25,309 - Zovix - INFO - Load balancer initialized with 4 workers
2026-07-09 13:29:27,341 - Zovix - INFO - Redis cache connected
2026-07-09 13:29:27,346 - Zovix - INFO - Database initialized successfully
2026-07-09 13:29:31,959 - Zovix - INFO - Redis connected for rate limiting
2026-07-09 13:29:31,960 - Zovix - INFO - Load balancer initialized with 4 workers
2026-07-09 13:29:33,987 - Zovix - INFO - Redis cache connected
2026-07-09 13:29:33,994 - Zovix - INFO - Database initialized successfully
2026-07-09 14:25:46,094 - Zovix - INFO - Redis connected for rate limiting
2026-07-09 14:25:46,098 - Zovix - INFO - Load balancer initialized with 4 workers
2026-07-09 14:25:48,133 - Zovix - INFO - Redis cache connected
2026-07-09 14:25:48,157 - Zovix - INFO - Database initialized successfully
2026-07-09 14:25:52,820 - Zovix - INFO - Redis connected for rate limiting
2026-07-09 14:25:52,820 - Zovix - INFO - Load balancer initialized with 4 workers
2026-07-09 14:25:54,858 - Zovix - INFO - Redis cache connected
2026-07-09 14:25:54,863 - Zovix - INFO - Database initialized successfully
2026-07-09 14:41:36,639 - Zovix - INFO - Redis connected for rate limiting
2026-07-09 14:41:36,677 - Zovix - INFO - Load balancer initialized with 4 workers
2026-07-09 14:41:38,710 - Zovix - INFO - Redis cache connected
2026-07-09 14:41:38,724 - Zovix - INFO - Database initialized successfully
2026-07-09 14:41:43,662 - Zovix - INFO - Redis connected for rate limiting
2026-07-09 14:41:43,663 - Zovix - INFO - Load balancer initialized with 4 workers
2026-07-09 14:41:45,694 - Zovix - INFO - Redis cache connected
2026-07-09 14:41:45,700 - Zovix - INFO - Database initialized successfully
2026-07-09 14:43:14,508 - Zovix - INFO - Redis connected for rate limiting
2026-07-09 14:43:14,508 - Zovix - INFO - Load balancer initialized with 4 workers
2026-07-09 14:43:16,539 - Zovix - INFO - Redis cache connected
2026-07-09 14:43:16,544 - Zovix - INFO - Database initialized successfully
2026-07-09 14:55:37,223 - Zovix - INFO - Redis connected for rate limiting
2026-07-09 14:55:37,225 - Zovix - INFO - Load balancer initialized with 4 workers
2026-07-09 14:55:39,264 - Zovix - INFO - Redis cache connected
2026-07-09 14:55:39,275 - Zovix - INFO - Database initialized successfully
2026-07-09 14:55:56,452 - Zovix - INFO - Redis connected for rate limiting
2026-07-09 14:55:56,452 - Zovix - INFO - Load balancer initialized with 4 workers
2026-07-09 14:55:58,489 - Zovix - INFO - Redis cache connected
2026-07-09 14:55:58,501 - Zovix - INFO - Database initialized successfully
2026-07-09 14:56:05,962 - Zovix - INFO - Redis connected for rate limiting
2026-07-09 14:56:05,964 - Zovix - INFO - Load balancer initialized with 4 workers
2026-07-09 14:56:08,001 - Zovix - INFO - Redis cache connected
2026-07-09 14:56:08,007 - Zovix - INFO - Database initialized successfully
2026-07-09 14:58:44,452 - Zovix - INFO - Redis connected for rate limiting
2026-07-09 14:58:44,458 - Zovix - INFO - Load balancer initialized with 4 workers
2026-07-09 14:58:46,488 - Zovix - INFO - Redis cache connected
2026-07-09 14:58:46,499 - Zovix - INFO - Database initialized successfully
2026-07-09 14:58:50,795 - Zovix - INFO - Redis connected for rate limiting
2026-07-09 14:58:50,796 - Zovix - INFO - Load balancer initialized with 4 workers
2026-07-09 14:58:52,827 - Zovix - INFO - Redis cache connected
2026-07-09 14:58:52,832 - Zovix - INFO - Database initialized successfully
2026-07-09 14:59:19,318 - Zovix - INFO - Redis connected for rate limiting
2026-07-09 14:59:19,322 - Zovix - INFO - Load balancer initialized with 4 workers
2026-07-09 14:59:21,374 - Zovix - INFO - Redis cache connected
2026-07-09 14:59:21,382 - Zovix - INFO - Database initialized successfully
2026-07-09 15:03:12,151 - Zovix - INFO - Redis connected for rate limiting
2026-07-09 15:03:12,152 - Zovix - INFO - Load balancer initialized with 4 workers
2026-07-09 15:03:14,196 - Zovix - INFO - Redis cache connected
2026-07-09 15:03:14,207 - Zovix - INFO - Database initialized successfully
2026-07-09 15:03:18,565 - Zovix - INFO - Redis connected for rate limiting
2026-07-09 15:03:18,567 - Zovix - INFO - Load balancer initialized with 4 workers
2026-07-09 15:03:20,599 - Zovix - INFO - Redis cache connected
2026-07-09 15:03:20,605 - Zovix - INFO - Database initialized successfully
2026-07-09 15:23:28,616 - Zovix - INFO - Redis connected for rate limiting
2026-07-09 15:23:28,621 - Zovix - INFO - Load balancer initialized with 4 workers
2026-07-09 15:23:30,670 - Zovix - INFO - Redis cache connected
2026-07-09 15:23:30,682 - Zovix - INFO - Database initialized successfully
2026-07-09 15:23:34,936 - Zovix - INFO - Redis connected for rate limiting
2026-07-09 15:23:34,938 - Zovix - INFO - Load balancer initialized with 4 workers
2026-07-09 15:23:36,968 - Zovix - INFO - Redis cache connected
2026-07-09 15:23:36,973 - Zovix - INFO - Database initialized successfully
2026-07-09 15:26:37,408 - Zovix - INFO - Redis connected for rate limiting
2026-07-09 15:26:37,409 - Zovix - INFO - Load balancer initialized with 4 workers
2026-07-09 15:26:39,434 - Zovix - INFO - Redis cache connected
2026-07-09 15:26:39,448 - Zovix - INFO - Database initialized successfully
2026-07-09 15:26:43,589 - Zovix - INFO - Redis connected for rate limiting
2026-07-09 15:26:43,592 - Zovix - INFO - Load balancer initialized with 4 workers
2026-07-09 15:26:45,625 - Zovix - INFO - Redis cache connected
2026-07-09 15:26:45,630 - Zovix - INFO - Database initialized successfully
2026-07-09 15:26:51,657 - Zovix - INFO - Redis connected for rate limiting
2026-07-09 15:26:51,658 - Zovix - INFO - Load balancer initialized with 4 workers
2026-07-09 15:26:53,686 - Zovix - INFO - Redis cache connected
2026-07-09 15:26:53,692 - Zovix - INFO - Database initialized successfully
2026-07-09 16:18:39,878 - Zovix - INFO - Redis connected for rate limiting
2026-07-09 16:18:39,880 - Zovix - INFO - Load balancer initialized with 4 workers
2026-07-09 16:18:41,923 - Zovix - INFO - Redis cache connected
2026-07-09 16:18:41,935 - Zovix - INFO - Database initialized successfully
2026-07-09 16:18:46,381 - Zovix - INFO - Redis connected for rate limiting
2026-07-09 16:18:46,381 - Zovix - INFO - Load balancer initialized with 4 workers
2026-07-09 16:18:48,418 - Zovix - INFO - Redis cache connected
2026-07-09 16:18:48,424 - Zovix - INFO - Database initialized successfully
2026-07-09 16:18:54,067 - Zovix - INFO - Redis connected for rate limiting
2026-07-09 16:18:54,068 - Zovix - INFO - Load balancer initialized with 4 workers
2026-07-09 16:18:56,107 - Zovix - INFO - Redis cache connected
2026-07-09 16:18:56,115 - Zovix - INFO - Database initialized successfully
2026-07-09 16:19:38,522 - Zovix - INFO - Redis connected for rate limiting
2026-07-09 16:19:38,526 - Zovix - INFO - Load balancer initialized with 4 workers
2026-07-09 16:19:40,571 - Zovix - INFO - Redis cache connected
2026-07-09 16:19:40,581 - Zovix - INFO - Database initialized successfully
2026-07-09 16:19:44,973 - Zovix - INFO - Redis connected for rate limiting
2026-07-09 16:19:44,975 - Zovix - INFO - Load balancer initialized with 4 workers
2026-07-09 16:19:47,011 - Zovix - INFO - Redis cache connected
2026-07-09 16:19:47,021 - Zovix - INFO - Database initialized successfully
2026-07-09 16:20:12,371 - Zovix - INFO - Redis connected for rate limiting
2026-07-09 16:20:12,372 - Zovix - INFO - Load balancer initialized with 4 workers
2026-07-09 16:20:14,399 - Zovix - INFO - Redis cache connected
2026-07-09 16:20:14,409 - Zovix - INFO - Database initialized successfully
2026-07-09 16:20:18,689 - Zovix - INFO - Redis connected for rate limiting
2026-07-09 16:20:18,693 - Zovix - INFO - Load balancer initialized with 4 workers
2026-07-09 16:20:20,722 - Zovix - INFO - Redis cache connected
2026-07-09 16:20:20,727 - Zovix - INFO - Database initialized successfully
2026-07-09 16:20:41,348 - Zovix - INFO - Redis connected for rate limiting
2026-07-09 16:20:41,350 - Zovix - INFO - Load balancer initialized with 4 workers
2026-07-09 16:20:43,380 - Zovix - INFO - Redis cache connected
2026-07-09 16:20:43,389 - Zovix - INFO - Database initialized successfully
2026-07-09 16:20:47,807 - Zovix - INFO - Redis connected for rate limiting
2026-07-09 16:20:47,808 - Zovix - INFO - Load balancer initialized with 4 workers
2026-07-09 16:20:49,837 - Zovix - INFO - Redis cache connected
2026-07-09 16:20:49,841 - Zovix - INFO - Database initialized successfully
2026-07-09 16:20:54,799 - Zovix - INFO - Redis connected for rate limiting
2026-07-09 16:20:54,799 - Zovix - INFO - Load balancer initialized with 4 workers
2026-07-09 16:20:56,830 - Zovix - INFO - Redis cache connected
2026-07-09 16:20:56,834 - Zovix - INFO - Database initialized successfully
2026-07-09 17:22:07,424 - Zovix - INFO - Redis connected for rate limiting
2026-07-09 17:22:07,426 - Zovix - INFO - Load balancer initialized with 4 workers
2026-07-09 17:22:09,456 - Zovix - INFO - Redis cache connected
2026-07-09 17:22:09,472 - Zovix - INFO - Database initialized successfully
2026-07-09 17:22:16,556 - Zovix - INFO - Redis connected for rate limiting
2026-07-09 17:22:16,557 - Zovix - INFO - Load balancer initialized with 4 workers
2026-07-09 17:22:18,592 - Zovix - INFO - Redis cache connected
2026-07-09 17:22:18,597 - Zovix - INFO - Database initialized successfully
2026-07-09 17:22:23,579 - Zovix - INFO - Redis connected for rate limiting
2026-07-09 17:22:23,580 - Zovix - INFO - Load balancer initialized with 4 workers
2026-07-09 17:22:25,615 - Zovix - INFO - Redis cache connected
2026-07-09 17:22:25,620 - Zovix - INFO - Database initialized successfully
2026-07-09 17:22:54,483 - Zovix - INFO - Redis connected for rate limiting
2026-07-09 17:22:54,484 - Zovix - INFO - Load balancer initialized with 4 workers
2026-07-09 17:22:56,527 - Zovix - INFO - Redis cache connected
2026-07-09 17:22:56,533 - Zovix - INFO - Database initialized successfully
2026-07-09 17:23:03,085 - Zovix - INFO - Redis connected for rate limiting
2026-07-09 17:23:03,086 - Zovix - INFO - Load balancer initialized with 4 workers
2026-07-09 17:23:05,141 - Zovix - INFO - Redis cache connected
2026-07-09 17:23:05,148 - Zovix - INFO - Database initialized successfully
2026-07-09 17:23:09,501 - Zovix - INFO - Redis connected for rate limiting
2026-07-09 17:23:09,502 - Zovix - INFO - Load balancer initialized with 4 workers
2026-07-09 17:23:11,530 - Zovix - INFO - Redis cache connected
2026-07-09 17:23:11,536 - Zovix - INFO - Database initialized successfully
2026-07-09 18:31:01,952 - Zovix - INFO - Redis connected for rate limiting
2026-07-09 18:31:01,957 - Zovix - INFO - Load balancer initialized with 4 workers
2026-07-09 18:31:03,987 - Zovix - INFO - Redis cache connected
2026-07-09 18:31:04,010 - Zovix - INFO - Database initialized successfully
2026-07-09 18:31:09,816 - Zovix - INFO - Redis connected for rate limiting
2026-07-09 18:31:09,817 - Zovix - INFO - Load balancer initialized with 4 workers
2026-07-09 18:31:11,847 - Zovix - INFO - Redis cache connected
2026-07-09 18:31:11,852 - Zovix - INFO - Database initialized successfully
2026-07-09 18:31:19,454 - Zovix - INFO - Redis connected for rate limiting
2026-07-09 18:31:19,455 - Zovix - INFO - Load balancer initialized with 4 workers
2026-07-09 18:31:21,497 - Zovix - INFO - Redis cache connected
2026-07-09 18:31:21,501 - Zovix - INFO - Database initialized successfully
2026-07-09 18:31:30,389 - Zovix - INFO - Redis connected for rate limiting
2026-07-09 18:31:30,390 - Zovix - INFO - Load balancer initialized with 4 workers
2026-07-09 18:31:32,414 - Zovix - INFO - Redis cache connected
2026-07-09 18:31:32,419 - Zovix - INFO - Database initialized successfully
2026-07-09 18:31:40,176 - Zovix - INFO - Redis connected for rate limiting
2026-07-09 18:31:40,177 - Zovix - INFO - Load balancer initialized with 4 workers
2026-07-09 18:31:42,210 - Zovix - INFO - Redis cache connected
2026-07-09 18:31:42,217 - Zovix - INFO - Database initialized successfully
2026-07-09 18:31:46,523 - Zovix - INFO - Redis connected for rate limiting
2026-07-09 18:31:46,524 - Zovix - INFO - Load balancer initialized with 4 workers
2026-07-09 18:31:48,557 - Zovix - INFO - Redis cache connected
2026-07-09 18:31:48,562 - Zovix - INFO - Database initialized successfully
2026-07-09 18:37:29,438 - Zovix - INFO - Redis connected for rate limiting
2026-07-09 18:37:29,439 - Zovix - INFO - Load balancer initialized with 4 workers
2026-07-09 18:37:31,479 - Zovix - INFO - Redis cache connected
2026-07-09 18:37:31,484 - Zovix - INFO - Database initialized successfully
2026-07-09 18:42:22,713 - Zovix - INFO - Redis connected for rate limiting
2026-07-09 18:42:22,714 - Zovix - INFO - Load balancer initialized with 4 workers
2026-07-09 18:42:24,754 - Zovix - INFO - Redis cache connected
2026-07-09 18:42:24,760 - Zovix - INFO - Database initialized successfully
2026-07-09 18:42:29,130 - Zovix - INFO - Redis connected for rate limiting
2026-07-09 18:42:29,132 - Zovix - INFO - Load balancer initialized with 4 workers
2026-07-09 18:42:31,168 - Zovix - INFO - Redis cache connected
2026-07-09 18:42:31,174 - Zovix - INFO - Database initialized successfully
2026-07-09 19:12:34,106 - Zovix - INFO - Redis connected for rate limiting
2026-07-09 19:12:34,109 - Zovix - INFO - Load balancer initialized with 4 workers
2026-07-09 19:12:36,144 - Zovix - INFO - Redis cache connected
2026-07-09 19:12:36,153 - Zovix - INFO - Database initialized successfully
2026-07-09 19:13:46,962 - Zovix - INFO - Redis connected for rate limiting
2026-07-09 19:13:46,963 - Zovix - INFO - Load balancer initialized with 4 workers
2026-07-09 19:13:49,003 - Zovix - INFO - Redis cache connected
2026-07-09 19:13:49,012 - Zovix - INFO - Database initialized successfully
2026-07-09 19:14:07,571 - Zovix - INFO - Redis connected for rate limiting
2026-07-09 19:14:07,572 - Zovix - INFO - Load balancer initialized with 4 workers
2026-07-09 19:14:09,614 - Zovix - INFO - Redis cache connected
2026-07-09 19:14:09,624 - Zovix - INFO - Database initialized successfully
2026-07-09 19:14:13,722 - Zovix - INFO - Redis connected for rate limiting
2026-07-09 19:14:13,723 - Zovix - INFO - Load balancer initialized with 4 workers
2026-07-09 19:14:15,758 - Zovix - INFO - Redis cache connected
2026-07-09 19:14:15,761 - Zovix - INFO - Database initialized successfully
2026-07-09 19:14:23,524 - Zovix - INFO - Redis connected for rate limiting
2026-07-09 19:14:23,525 - Zovix - INFO - Load balancer initialized with 4 workers
2026-07-09 19:14:25,568 - Zovix - INFO - Redis cache connected
2026-07-09 19:14:25,572 - Zovix - INFO - Database initialized successfully
2026-07-09 19:14:41,470 - Zovix - INFO - Redis connected for rate limiting
2026-07-09 19:14:41,470 - Zovix - INFO - Load balancer initialized with 4 workers
2026-07-09 19:14:43,505 - Zovix - INFO - Redis cache connected
2026-07-09 19:14:43,510 - Zovix - INFO - Database initialized successfully
2026-07-09 19:14:49,837 - Zovix - INFO - Redis connected for rate limiting
2026-07-09 19:14:49,837 - Zovix - INFO - Load balancer initialized with 4 workers
2026-07-09 19:14:51,883 - Zovix - INFO - Redis cache connected
2026-07-09 19:14:51,889 - Zovix - INFO - Database initialized successfully
2026-07-09 19:14:56,195 - Zovix - INFO - Redis connected for rate limiting
2026-07-09 19:14:56,195 - Zovix - INFO - Load balancer initialized with 4 workers
2026-07-09 19:14:58,220 - Zovix - INFO - Redis cache connected
2026-07-09 19:14:58,227 - Zovix - INFO - Database initialized successfully
2026-07-09 19:15:20,389 - Zovix - INFO - Redis connected for rate limiting
2026-07-09 19:15:20,391 - Zovix - INFO - Load balancer initialized with 4 workers
2026-07-09 19:15:22,427 - Zovix - INFO - Redis cache connected
2026-07-09 19:15:22,433 - Zovix - INFO - Database initialized successfully
2026-07-09 19:15:26,773 - Zovix - INFO - Redis connected for rate limiting
2026-07-09 19:15:26,774 - Zovix - INFO - Load balancer initialized with 4 workers
2026-07-09 19:15:28,814 - Zovix - INFO - Redis cache connected
2026-07-09 19:15:28,819 - Zovix - INFO - Database initialized successfully
2026-07-09 19:15:42,075 - Zovix - INFO - Redis connected for rate limiting
2026-07-09 19:15:42,075 - Zovix - INFO - Load balancer initialized with 4 workers
2026-07-09 19:15:44,111 - Zovix - INFO - Redis cache connected
2026-07-09 19:15:44,117 - Zovix - INFO - Database initialized successfully
2026-07-09 19:15:48,422 - Zovix - INFO - Redis connected for rate limiting
2026-07-09 19:15:48,422 - Zovix - INFO - Load balancer initialized with 4 workers
2026-07-09 19:15:50,463 - Zovix - INFO - Redis cache connected
2026-07-09 19:15:50,469 - Zovix - INFO - Database initialized successfully
2026-07-09 19:15:56,039 - Zovix - INFO - Redis connected for rate limiting
2026-07-09 19:15:56,040 - Zovix - INFO - Load balancer initialized with 4 workers
2026-07-09 19:15:58,084 - Zovix - INFO - Redis cache connected
2026-07-09 19:15:58,091 - Zovix - INFO - Database initialized successfully
2026-07-09 19:16:05,492 - Zovix - INFO - Redis connected for rate limiting
2026-07-09 19:16:05,492 - Zovix - INFO - Load balancer initialized with 4 workers
2026-07-09 19:16:07,536 - Zovix - INFO - Redis cache connected
2026-07-09 19:16:07,540 - Zovix - INFO - Database initialized successfully
2026-07-09 19:21:18,086 - Zovix - INFO - Redis connected for rate limiting
2026-07-09 19:21:18,089 - Zovix - INFO - Load balancer initialized with 4 workers
2026-07-09 19:21:20,126 - Zovix - INFO - Redis cache connected
2026-07-09 19:21:20,136 - Zovix - INFO - Database initialized successfully
2026-07-09 19:21:24,237 - Zovix - INFO - Redis connected for rate limiting
2026-07-09 19:21:24,239 - Zovix - INFO - Load balancer initialized with 4 workers
2026-07-09 19:21:26,275 - Zovix - INFO - Redis cache connected
2026-07-09 19:21:26,278 - Zovix - INFO - Database initialized successfully
2026-07-09 19:21:31,210 - Zovix - INFO - Redis connected for rate limiting
2026-07-09 19:21:31,211 - Zovix - INFO - Load balancer initialized with 4 workers
2026-07-09 19:21:33,249 - Zovix - INFO - Redis cache connected
2026-07-09 19:21:33,254 - Zovix - INFO - Database initialized successfully
2026-07-09 19:22:54,366 - Zovix - INFO - Redis connected for rate limiting
2026-07-09 19:22:54,366 - Zovix - INFO - Load balancer initialized with 4 workers
2026-07-09 19:22:56,412 - Zovix - INFO - Redis cache connected
2026-07-09 19:22:56,419 - Zovix - INFO - Database initialized successfully
2026-07-09 19:23:00,890 - Zovix - INFO - Redis connected for rate limiting
2026-07-09 19:23:00,891 - Zovix - INFO - Load balancer initialized with 4 workers
2026-07-09 19:23:02,933 - Zovix - INFO - Redis cache connected
2026-07-09 19:23:02,940 - Zovix - INFO - Database initialized successfully
2026-07-09 19:23:10,449 - Zovix - INFO - Redis connected for rate limiting
2026-07-09 19:23:10,449 - Zovix - INFO - Load balancer initialized with 4 workers
2026-07-09 19:23:12,491 - Zovix - INFO - Redis cache connected
2026-07-09 19:23:12,495 - Zovix - INFO - Database initialized successfully
2026-07-09 19:28:54,083 - Zovix - INFO - Redis connected for rate limiting
2026-07-09 19:28:54,086 - Zovix - INFO - Load balancer initialized with 4 workers
2026-07-09 19:28:56,121 - Zovix - INFO - Redis cache connected
2026-07-09 19:28:56,130 - Zovix - INFO - Database initialized successfully
2026-07-09 19:29:00,504 - Zovix - INFO - Redis connected for rate limiting
2026-07-09 19:29:00,506 - Zovix - INFO - Load balancer initialized with 4 workers
2026-07-09 19:29:02,544 - Zovix - INFO - Redis cache connected
2026-07-09 19:29:02,549 - Zovix - INFO - Database initialized successfully
2026-07-09 19:29:08,922 - Zovix - INFO - Redis connected for rate limiting
2026-07-09 19:29:08,923 - Zovix - INFO - Load balancer initialized with 4 workers
2026-07-09 19:29:10,965 - Zovix - INFO - Redis cache connected
2026-07-09 19:29:10,970 - Zovix - INFO - Database initialized successfully
2026-07-09 19:30:27,921 - Zovix - INFO - Redis connected for rate limiting
2026-07-09 19:30:27,922 - Zovix - INFO - Load balancer initialized with 4 workers
2026-07-09 19:30:29,954 - Zovix - INFO - Redis cache connected
2026-07-09 19:30:29,979 - Zovix - INFO - Database initialized successfully
2026-07-09 19:30:36,109 - Zovix - INFO - Redis connected for rate limiting
2026-07-09 19:30:36,110 - Zovix - INFO - Load balancer initialized with 4 workers
2026-07-09 19:30:38,145 - Zovix - INFO - Redis cache connected
2026-07-09 19:30:38,151 - Zovix - INFO - Database initialized successfully
2026-07-09 19:30:44,141 - Zovix - INFO - Redis connected for rate limiting
2026-07-09 19:30:44,142 - Zovix - INFO - Load balancer initialized with 4 workers
2026-07-09 19:30:46,175 - Zovix - INFO - Redis cache connected
2026-07-09 19:30:46,179 - Zovix - INFO - Database initialized successfully
2026-07-09 20:09:43,321 - Zovix - INFO - Redis connected for rate limiting
2026-07-09 20:09:43,324 - Zovix - INFO - Load balancer initialized with 4 workers
2026-07-09 20:09:45,364 - Zovix - INFO - Redis cache connected
2026-07-09 20:09:45,383 - Zovix - INFO - Database initialized successfully
2026-07-09 20:09:49,942 - Zovix - INFO - Redis connected for rate limiting
2026-07-09 20:09:49,945 - Zovix - INFO - Load balancer initialized with 4 workers
2026-07-09 20:09:51,977 - Zovix - INFO - Redis cache connected
2026-07-09 20:09:51,982 - Zovix - INFO - Database initialized successfully
2026-07-09 20:09:56,848 - Zovix - INFO - Redis connected for rate limiting
2026-07-09 20:09:56,849 - Zovix - INFO - Load balancer initialized with 4 workers
2026-07-09 20:09:58,888 - Zovix - INFO - Redis cache connected
2026-07-09 20:09:58,892 - Zovix - INFO - Database initialized successfully
2026-07-09 20:11:07,941 - Zovix - INFO - Redis connected for rate limiting
2026-07-09 20:11:07,943 - Zovix - INFO - Load balancer initialized with 4 workers
2026-07-09 20:11:09,982 - Zovix - INFO - Redis cache connected
2026-07-09 20:11:09,993 - Zovix - INFO - Database initialized successfully
2026-07-09 20:11:14,739 - Zovix - INFO - Redis connected for rate limiting
2026-07-09 20:11:14,740 - Zovix - INFO - Load balancer initialized with 4 workers
2026-07-09 20:11:16,778 - Zovix - INFO - Redis cache connected
2026-07-09 20:11:16,781 - Zovix - INFO - Database initialized successfully
2026-07-09 20:11:21,789 - Zovix - INFO - Redis connected for rate limiting
2026-07-09 20:11:21,789 - Zovix - INFO - Load balancer initialized with 4 workers
2026-07-09 20:11:23,830 - Zovix - INFO - Redis cache connected
2026-07-09 20:11:23,835 - Zovix - INFO - Database initialized successfully
2026-07-09 20:11:40,615 - Zovix - INFO - Redis connected for rate limiting
2026-07-09 20:11:40,616 - Zovix - INFO - Load balancer initialized with 4 workers
2026-07-09 20:11:42,648 - Zovix - INFO - Redis cache connected
2026-07-09 20:11:42,659 - Zovix - INFO - Database initialized successfully
2026-07-09 20:11:47,063 - Zovix - INFO - Redis connected for rate limiting
2026-07-09 20:11:47,064 - Zovix - INFO - Load balancer initialized with 4 workers
2026-07-09 20:11:49,108 - Zovix - INFO - Redis cache connected
2026-07-09 20:11:49,113 - Zovix - INFO - Database initialized successfully
2026-07-09 20:11:55,805 - Zovix - INFO - Redis connected for rate limiting
2026-07-09 20:11:55,805 - Zovix - INFO - Load balancer initialized with 4 workers
2026-07-09 20:11:57,845 - Zovix - INFO - Redis cache connected
2026-07-09 20:11:57,850 - Zovix - INFO - Database initialized successfully
2026-07-09 20:19:22,006 - Zovix - INFO - Redis connected for rate limiting
2026-07-09 20:19:22,007 - Zovix - INFO - Load balancer initialized with 4 workers
2026-07-09 20:19:24,038 - Zovix - INFO - Redis cache connected
2026-07-09 20:19:24,048 - Zovix - INFO - Database initialized successfully
2026-07-09 20:19:28,180 - Zovix - INFO - Redis connected for rate limiting
2026-07-09 20:19:28,180 - Zovix - INFO - Load balancer initialized with 4 workers
2026-07-09 20:19:30,216 - Zovix - INFO - Redis cache connected
2026-07-09 20:19:30,220 - Zovix - INFO - Database initialized successfully
2026-07-09 20:19:38,669 - Zovix - INFO - Redis connected for rate limiting
2026-07-09 20:19:38,670 - Zovix - INFO - Load balancer initialized with 4 workers
2026-07-09 20:19:40,708 - Zovix - INFO - Redis cache connected
2026-07-09 20:19:40,712 - Zovix - INFO - Database initialized successfully
2026-07-09 20:20:14,631 - Zovix - INFO - Redis connected for rate limiting
2026-07-09 20:20:14,632 - Zovix - INFO - Load balancer initialized with 4 workers
2026-07-09 20:20:16,671 - Zovix - INFO - Redis cache connected
2026-07-09 20:20:16,681 - Zovix - INFO - Database initialized successfully
2026-07-09 20:20:20,746 - Zovix - INFO - Redis connected for rate limiting
2026-07-09 20:20:20,747 - Zovix - INFO - Load balancer initialized with 4 workers
2026-07-09 20:20:22,788 - Zovix - INFO - Redis cache connected
2026-07-09 20:20:22,793 - Zovix - INFO - Database initialized successfully
2026-07-09 20:20:27,932 - Zovix - INFO - Redis connected for rate limiting
2026-07-09 20:20:27,933 - Zovix - INFO - Load balancer initialized with 4 workers
2026-07-09 20:20:29,975 - Zovix - INFO - Redis cache connected
2026-07-09 20:20:29,979 - Zovix - INFO - Database initialized successfully
2026-07-09 20:20:54,466 - Zovix - INFO - Redis connected for rate limiting
2026-07-09 20:20:54,467 - Zovix - INFO - Load balancer initialized with 4 workers
2026-07-09 20:20:56,488 - Zovix - INFO - Redis cache connected
2026-07-09 20:20:56,494 - Zovix - INFO - Database initialized successfully
2026-07-09 20:21:03,959 - Zovix - INFO - Redis connected for rate limiting
2026-07-09 20:21:03,960 - Zovix - INFO - Load balancer initialized with 4 workers
2026-07-09 20:21:05,996 - Zovix - INFO - Redis cache connected
2026-07-09 20:21:06,000 - Zovix - INFO - Database initialized successfully
2026-07-09 20:21:12,268 - Zovix - INFO - Redis connected for rate limiting
2026-07-09 20:21:12,269 - Zovix - INFO - Load balancer initialized with 4 workers
2026-07-09 20:21:14,312 - Zovix - INFO - Redis cache connected
2026-07-09 20:21:14,317 - Zovix - INFO - Database initialized successfully
2026-07-09 20:35:10,785 - Zovix - INFO - Redis connected for rate limiting
2026-07-09 20:35:10,786 - Zovix - INFO - Load balancer initialized with 4 workers
2026-07-09 20:35:12,825 - Zovix - INFO - Redis cache connected
2026-07-09 20:35:12,830 - Zovix - INFO - Database initialized successfully
2026-07-09 20:35:19,087 - Zovix - INFO - Redis connected for rate limiting
2026-07-09 20:35:19,088 - Zovix - INFO - Load balancer initialized with 4 workers
2026-07-09 20:35:21,122 - Zovix - INFO - Redis cache connected
2026-07-09 20:35:22,730 - Zovix - INFO - Redis connected for rate limiting
2026-07-09 20:35:22,731 - Zovix - INFO - Load balancer initialized with 4 workers
2026-07-09 20:35:24,770 - Zovix - INFO - Redis cache connected
2026-07-09 20:35:24,775 - Zovix - INFO - Database initialized successfully
2026-07-09 20:35:29,158 - Zovix - INFO - Redis connected for rate limiting
2026-07-09 20:35:29,159 - Zovix - INFO - Load balancer initialized with 4 workers
2026-07-09 20:35:31,199 - Zovix - INFO - Redis cache connected
2026-07-09 20:35:31,204 - Zovix - INFO - Database initialized successfully
2026-07-09 21:08:17,770 - Zovix - INFO - Redis connected for rate limiting
2026-07-09 21:08:17,801 - Zovix - INFO - Load balancer initialized with 4 workers
2026-07-09 21:08:19,832 - Zovix - INFO - Redis cache connected
2026-07-09 21:08:19,844 - Zovix - INFO - Database initialized successfully
2026-07-09 21:08:24,709 - Zovix - INFO - Redis connected for rate limiting
2026-07-09 21:08:24,711 - Zovix - INFO - Load balancer initialized with 4 workers
2026-07-09 21:08:26,750 - Zovix - INFO - Redis cache connected
2026-07-09 21:08:26,754 - Zovix - INFO - Database initialized successfully
2026-07-09 21:09:02,631 - Zovix - INFO - Redis connected for rate limiting
2026-07-09 21:09:02,631 - Zovix - INFO - Load balancer initialized with 4 workers
2026-07-09 21:09:04,668 - Zovix - INFO - Redis cache connected
2026-07-09 21:09:04,674 - Zovix - INFO - Database initialized successfully
2026-07-09 21:33:26,532 - Zovix - INFO - Redis connected for rate limiting
2026-07-09 21:33:26,532 - Zovix - INFO - Load balancer initialized with 4 workers
2026-07-09 21:33:28,564 - Zovix - INFO - Redis cache connected
2026-07-09 21:33:28,569 - Zovix - INFO - Database initialized successfully
2026-07-09 21:41:08,677 - Zovix - INFO - Redis connected for rate limiting
2026-07-09 21:41:08,678 - Zovix - INFO - Load balancer initialized with 4 workers
2026-07-09 21:41:10,710 - Zovix - INFO - Redis cache connected
2026-07-09 21:41:10,714 - Zovix - INFO - Database initialized successfully
2026-07-09 21:44:44,449 - Zovix - INFO - Redis connected for rate limiting
2026-07-09 21:44:44,451 - Zovix - INFO - Load balancer initialized with 4 workers
2026-07-09 21:44:46,484 - Zovix - INFO - Redis cache connected
2026-07-09 21:44:46,489 - Zovix - INFO - Database initialized successfully
2026-07-09 22:15:39,486 - Zovix - INFO - Redis connected for rate limiting
2026-07-09 22:15:39,492 - Zovix - INFO - Load balancer initialized with 4 workers
2026-07-09 22:15:41,531 - Zovix - INFO - Redis cache connected
2026-07-09 22:15:41,559 - Zovix - INFO - Database initialized successfully
2026-07-09 22:15:45,970 - Zovix - INFO - Redis connected for rate limiting
2026-07-09 22:15:45,971 - Zovix - INFO - Load balancer initialized with 4 workers
2026-07-09 22:15:48,004 - Zovix - INFO - Redis cache connected
2026-07-09 22:15:48,009 - Zovix - INFO - Database initialized successfully
2026-07-09 22:17:10,008 - Zovix - INFO - Redis connected for rate limiting
2026-07-09 22:17:10,009 - Zovix - INFO - Load balancer initialized with 4 workers
2026-07-09 22:17:12,047 - Zovix - INFO - Redis cache connected
2026-07-09 22:17:12,053 - Zovix - INFO - Database initialized successfully
2026-07-09 22:18:03,493 - Zovix - INFO - Redis connected for rate limiting
2026-07-09 22:18:03,520 - Zovix - INFO - Load balancer initialized with 4 workers
2026-07-09 22:18:05,562 - Zovix - INFO - Redis cache connected
2026-07-09 22:18:05,575 - Zovix - INFO - Database initialized successfully
2026-07-09 22:18:13,361 - Zovix - INFO - Redis connected for rate limiting
2026-07-09 22:18:13,362 - Zovix - INFO - Load balancer initialized with 4 workers
2026-07-09 22:18:15,403 - Zovix - INFO - Redis cache connected
2026-07-09 22:18:15,408 - Zovix - INFO - Database initialized successfully
2026-07-09 22:18:32,834 - Zovix - INFO - Redis connected for rate limiting
2026-07-09 22:18:32,835 - Zovix - INFO - Load balancer initialized with 4 workers
2026-07-09 22:18:34,870 - Zovix - INFO - Redis cache connected
2026-07-09 22:18:34,874 - Zovix - INFO - Database initialized successfully
2026-07-09 22:19:43,042 - Zovix - INFO - Redis connected for rate limiting
2026-07-09 22:19:43,043 - Zovix - INFO - Load balancer initialized with 4 workers
2026-07-09 22:19:45,084 - Zovix - INFO - Redis cache connected
2026-07-09 22:19:45,089 - Zovix - INFO - Database initialized successfully
2026-07-09 22:19:49,378 - Zovix - INFO - Redis connected for rate limiting
2026-07-09 22:19:49,379 - Zovix - INFO - Load balancer initialized with 4 workers
2026-07-09 22:19:51,417 - Zovix - INFO - Redis cache connected
2026-07-09 22:19:51,422 - Zovix - INFO - Database initialized successfully
2026-07-09 22:20:04,701 - Zovix - INFO - Redis connected for rate limiting
2026-07-09 22:20:04,702 - Zovix - INFO - Load balancer initialized with 4 workers
2026-07-09 22:20:06,725 - Zovix - INFO - Redis cache connected
2026-07-09 22:20:06,729 - Zovix - INFO - Database initialized successfully
2026-07-09 22:20:15,125 - Zovix - INFO - Redis connected for rate limiting
2026-07-09 22:20:15,127 - Zovix - INFO - Load balancer initialized with 4 workers
2026-07-09 22:20:17,159 - Zovix - INFO - Redis cache connected
2026-07-09 22:20:17,165 - Zovix - INFO - Database initialized successfully
2026-07-09 22:20:21,454 - Zovix - INFO - Redis connected for rate limiting
2026-07-09 22:20:21,455 - Zovix - INFO - Load balancer initialized with 4 workers
2026-07-09 22:20:23,482 - Zovix - INFO - Redis cache connected
2026-07-09 22:20:23,487 - Zovix - INFO - Database initialized successfully
2026-07-09 22:22:12,758 - Zovix - INFO - Redis connected for rate limiting
2026-07-09 22:22:12,759 - Zovix - INFO - Load balancer initialized with 4 workers
2026-07-09 22:22:14,786 - Zovix - INFO - Redis cache connected
2026-07-09 22:22:14,794 - Zovix - INFO - Database initialized successfully
2026-07-09 22:22:19,122 - Zovix - INFO - Redis connected for rate limiting
2026-07-09 22:22:19,124 - Zovix - INFO - Load balancer initialized with 4 workers
2026-07-09 22:22:21,154 - Zovix - INFO - Redis cache connected
2026-07-09 22:22:21,158 - Zovix - INFO - Database initialized successfully
2026-07-09 22:22:38,679 - Zovix - INFO - Redis connected for rate limiting
2026-07-09 22:22:38,681 - Zovix - INFO - Load balancer initialized with 4 workers
2026-07-09 22:22:40,708 - Zovix - INFO - Redis cache connected
2026-07-09 22:22:40,714 - Zovix - INFO - Database initialized successfully
2026-07-09 22:22:45,045 - Zovix - INFO - Redis connected for rate limiting
2026-07-09 22:22:45,046 - Zovix - INFO - Load balancer initialized with 4 workers
2026-07-09 22:22:47,072 - Zovix - INFO - Redis cache connected
2026-07-09 22:22:47,077 - Zovix - INFO - Database initialized successfully
2026-07-09 22:23:06,851 - Zovix - INFO - Redis connected for rate limiting
2026-07-09 22:23:06,852 - Zovix - INFO - Load balancer initialized with 4 workers
2026-07-09 22:23:08,895 - Zovix - INFO - Redis cache connected
2026-07-09 22:23:08,900 - Zovix - INFO - Database initialized successfully
2026-07-09 22:23:11,486 - Zovix - INFO - Razorpay order created: order_TBTcyhi8XbQeJA
2026-07-10 12:45:24,203 - Zovix - INFO - Redis connected for rate limiting
2026-07-10 12:45:24,245 - Zovix - INFO - Load balancer initialized with 4 workers
2026-07-10 12:45:26,286 - Zovix - INFO - Redis cache connected
2026-07-10 12:45:26,337 - Zovix - INFO - Database initialized successfully
2026-07-10 12:45:39,407 - Zovix - INFO - Redis connected for rate limiting
2026-07-10 12:45:39,407 - Zovix - INFO - Load balancer initialized with 4 workers
2026-07-10 12:45:41,456 - Zovix - INFO - Redis cache connected
2026-07-10 12:45:41,462 - Zovix - INFO - Database initialized successfully
2026-07-10 12:46:27,160 - Zovix - INFO - Redis connected for rate limiting
2026-07-10 12:46:27,161 - Zovix - INFO - Load balancer initialized with 4 workers
2026-07-10 12:46:29,221 - Zovix - INFO - Redis cache connected
2026-07-10 12:46:29,226 - Zovix - INFO - Database initialized successfully
2026-07-11 13:12:44,767 - Zovix - WARNING - redis not installed. Using in-memory cache.
2026-07-11 13:12:44,768 - Zovix - WARNING - celery not installed. Using threaded queue.
2026-07-11 13:12:44,771 - Zovix - WARNING - pyotp or qrcode not installed. 2FA disabled.
2026-07-11 13:12:44,773 - Zovix - INFO - Started 4 threaded workers
2026-07-11 13:12:44,773 - Zovix - INFO - Load balancer initialized with 4 workers
2026-07-11 13:12:44,810 - Zovix - INFO - Database initialized successfully
2026-07-11 13:23:01,011 - Zovix - INFO - Downloaded Wav2Lip s3fd weights from https://www.adrianbulat.com/downloads/python-fan/s3fd-619a316812.pth
2026-07-11 13:33:41,140 - Zovix - WARNING - redis not installed. Using in-memory cache.
2026-07-11 13:33:41,140 - Zovix - WARNING - celery not installed. Using threaded queue.
2026-07-11 13:33:41,143 - Zovix - WARNING - pyotp or qrcode not installed. 2FA disabled.
2026-07-11 13:33:41,145 - Zovix - INFO - Started 4 threaded workers
2026-07-11 13:33:41,145 - Zovix - INFO - Load balancer initialized with 4 workers
2026-07-11 13:33:41,181 - Zovix - INFO - Database initialized successfully
2026-07-11 16:33:16,320 - Zovix - INFO - Redis connected for rate limiting
2026-07-11 16:33:16,350 - Zovix - INFO - Load balancer initialized with 4 workers
2026-07-11 16:33:18,398 - Zovix - INFO - Redis cache connected
2026-07-11 16:33:18,441 - Zovix - INFO - Database initialized successfully
2026-07-12 14:18:56,765 - Zovix - WARNING - replicate not installed. Face Studio cloud mode will be unavailable.
2026-07-12 14:18:59,825 - Zovix - INFO - Redis connected for rate limiting
2026-07-12 14:18:59,862 - Zovix - INFO - Load balancer initialized with 4 workers
2026-07-12 14:19:01,903 - Zovix - INFO - Redis cache connected
2026-07-12 14:19:01,950 - Zovix - INFO - Database initialized successfully
2026-07-12 14:19:04,829 - Zovix - WARNING - replicate not installed. Face Studio cloud mode will be unavailable.
2026-07-12 14:19:06,867 - Zovix - INFO - Redis connected for rate limiting
2026-07-12 14:19:06,868 - Zovix - INFO - Load balancer initialized with 4 workers
2026-07-12 14:19:08,894 - Zovix - INFO - Redis cache connected
2026-07-12 14:19:08,899 - Zovix - INFO - Database initialized successfully
2026-07-12 14:19:18,999 - Zovix - WARNING - replicate not installed. Face Studio cloud mode will be unavailable.
2026-07-12 14:19:21,037 - Zovix - INFO - Redis connected for rate limiting
2026-07-12 14:19:21,037 - Zovix - INFO - Load balancer initialized with 4 workers
2026-07-12 14:19:23,064 - Zovix - INFO - Redis cache connected
2026-07-12 14:19:23,069 - Zovix - INFO - Database initialized successfully
2026-07-12 14:19:28,178 - Zovix - WARNING - replicate not installed. Face Studio cloud mode will be unavailable.
2026-07-12 14:19:30,203 - Zovix - INFO - Redis connected for rate limiting
2026-07-12 14:19:30,204 - Zovix - INFO - Load balancer initialized with 4 workers
2026-07-12 14:19:32,250 - Zovix - INFO - Redis cache connected
2026-07-12 14:19:32,256 - Zovix - INFO - Database initialized successfully
2026-07-12 14:19:34,604 - Zovix - WARNING - replicate not installed. Face Studio cloud mode will be unavailable.
2026-07-12 14:19:36,648 - Zovix - INFO - Redis connected for rate limiting
2026-07-12 14:19:36,649 - Zovix - INFO - Load balancer initialized with 4 workers
2026-07-12 14:19:38,687 - Zovix - INFO - Redis cache connected
2026-07-12 14:19:38,694 - Zovix - INFO - Database initialized successfully
2026-07-12 14:25:25,969 - Zovix - INFO - Redis connected for rate limiting
2026-07-12 14:25:26,006 - Zovix - INFO - Load balancer initialized with 4 workers
2026-07-12 14:25:28,045 - Zovix - INFO - Redis cache connected
2026-07-12 14:25:28,062 - Zovix - INFO - Database initialized successfully
2026-07-12 14:25:33,400 - Zovix - INFO - Redis connected for rate limiting
2026-07-12 14:25:33,401 - Zovix - INFO - Load balancer initialized with 4 workers
2026-07-12 14:25:35,426 - Zovix - INFO - Redis cache connected
2026-07-12 14:25:35,430 - Zovix - INFO - Database initialized successfully
2026-07-12 14:25:45,871 - Zovix - INFO - Redis connected for rate limiting
2026-07-12 14:25:45,872 - Zovix - INFO - Load balancer initialized with 4 workers
2026-07-12 14:25:47,900 - Zovix - INFO - Redis cache connected
2026-07-12 14:25:47,905 - Zovix - INFO - Database initialized successfully
2026-07-12 14:25:54,971 - Zovix - INFO - Redis connected for rate limiting
2026-07-12 14:25:54,971 - Zovix - INFO - Load balancer initialized with 4 workers
2026-07-12 14:25:57,027 - Zovix - INFO - Redis cache connected
2026-07-12 14:25:57,033 - Zovix - INFO - Database initialized successfully
2026-07-12 14:26:01,338 - Zovix - INFO - Redis connected for rate limiting
2026-07-12 14:26:01,339 - Zovix - INFO - Load balancer initialized with 4 workers
2026-07-12 14:26:03,363 - Zovix - INFO - Redis cache connected
2026-07-12 14:26:03,368 - Zovix - INFO - Database initialized successfully
2026-07-12 14:26:43,955 - Zovix - INFO - Redis connected for rate limiting
2026-07-12 14:26:43,956 - Zovix - INFO - Load balancer initialized with 4 workers
2026-07-12 14:26:45,985 - Zovix - INFO - Redis cache connected
2026-07-12 14:26:45,990 - Zovix - INFO - Database initialized successfully
2026-07-12 14:27:18,410 - Zovix - INFO - Redis connected for rate limiting
2026-07-12 14:27:18,411 - Zovix - INFO - Load balancer initialized with 4 workers
2026-07-12 14:27:18,475 - Zovix - INFO - Redis connected for rate limiting
2026-07-12 14:27:18,476 - Zovix - INFO - Load balancer initialized with 4 workers
2026-07-12 14:27:20,441 - Zovix - INFO - Redis cache connected
2026-07-12 14:27:20,694 - Zovix - INFO - Redis cache connected
2026-07-12 14:27:20,703 - Zovix - INFO - Database initialized successfully
2026-07-12 14:27:23,821 - Zovix - INFO - Deducted 6 credits from rajmehta886297@gmail.com
2026-07-12 14:27:28,796 - httpx - INFO - HTTP Request: POST https://api.replicate.com/v1/models/prunaai/p-video-avatar/predictions "HTTP/1.1 201 Created"
2026-07-12 14:27:29,829 - httpx - INFO - HTTP Request: GET https://api.replicate.com/v1/predictions/rtbvg9dwqhrmr0czap5t0wpej4 "HTTP/1.1 200 OK"
2026-07-12 14:27:30,778 - httpx - INFO - HTTP Request: GET https://api.replicate.com/v1/predictions/rtbvg9dwqhrmr0czap5t0wpej4 "HTTP/1.1 200 OK"
2026-07-12 14:27:32,493 - httpx - INFO - HTTP Request: GET https://api.replicate.com/v1/predictions/rtbvg9dwqhrmr0czap5t0wpej4 "HTTP/1.1 200 OK"
2026-07-12 14:27:33,525 - httpx - INFO - HTTP Request: GET https://api.replicate.com/v1/predictions/rtbvg9dwqhrmr0czap5t0wpej4 "HTTP/1.1 200 OK"
2026-07-12 14:27:34,549 - httpx - INFO - HTTP Request: GET https://api.replicate.com/v1/predictions/rtbvg9dwqhrmr0czap5t0wpej4 "HTTP/1.1 200 OK"
2026-07-12 14:27:35,496 - httpx - INFO - HTTP Request: GET https://api.replicate.com/v1/predictions/rtbvg9dwqhrmr0czap5t0wpej4 "HTTP/1.1 200 OK"
2026-07-12 14:27:36,403 - httpx - INFO - HTTP Request: GET https://api.replicate.com/v1/predictions/rtbvg9dwqhrmr0czap5t0wpej4 "HTTP/1.1 200 OK"
2026-07-12 14:27:37,405 - httpx - INFO - HTTP Request: GET https://api.replicate.com/v1/predictions/rtbvg9dwqhrmr0czap5t0wpej4 "HTTP/1.1 200 OK"
2026-07-12 14:27:38,430 - httpx - INFO - HTTP Request: GET https://api.replicate.com/v1/predictions/rtbvg9dwqhrmr0czap5t0wpej4 "HTTP/1.1 200 OK"
2026-07-12 14:27:39,455 - httpx - INFO - HTTP Request: GET https://api.replicate.com/v1/predictions/rtbvg9dwqhrmr0czap5t0wpej4 "HTTP/1.1 200 OK"
2026-07-12 14:27:41,768 - Zovix - INFO - Redis connected for rate limiting
2026-07-12 14:27:41,771 - Zovix - INFO - Load balancer initialized with 4 workers
2026-07-12 14:27:43,796 - Zovix - INFO - Redis cache connected
2026-07-12 14:27:43,802 - Zovix - INFO - Database initialized successfully
2026-07-12 16:01:36,633 - Zovix - INFO - Redis connected for rate limiting
2026-07-12 16:01:36,656 - Zovix - INFO - Load balancer initialized with 4 workers
2026-07-12 16:01:38,691 - Zovix - INFO - Redis cache connected
2026-07-12 16:01:38,745 - Zovix - INFO - Database initialized successfully
2026-07-12 16:01:47,256 - Zovix - INFO - Redis connected for rate limiting
2026-07-12 16:01:47,259 - Zovix - INFO - Load balancer initialized with 4 workers
2026-07-12 16:01:49,319 - Zovix - INFO - Redis cache connected
2026-07-12 16:01:49,326 - Zovix - INFO - Database initialized successfully
2026-07-12 16:01:59,112 - Zovix - INFO - Redis connected for rate limiting
2026-07-12 16:01:59,114 - Zovix - INFO - Load balancer initialized with 4 workers
2026-07-12 16:02:01,148 - Zovix - INFO - Redis cache connected
2026-07-12 16:02:01,153 - Zovix - INFO - Database initialized successfully
2026-07-12 16:04:11,884 - Zovix - INFO - Redis connected for rate limiting
2026-07-12 16:04:11,885 - Zovix - INFO - Load balancer initialized with 4 workers
2026-07-12 16:04:11,947 - Zovix - INFO - Redis connected for rate limiting
2026-07-12 16:04:11,949 - Zovix - INFO - Load balancer initialized with 4 workers
2026-07-12 16:04:13,910 - Zovix - INFO - Redis cache connected
2026-07-12 16:04:14,058 - Zovix - INFO - Redis cache connected
2026-07-12 16:04:14,063 - Zovix - INFO - Database initialized successfully
2026-07-12 16:04:18,371 - Zovix - INFO - Redis connected for rate limiting
2026-07-12 16:04:18,374 - Zovix - INFO - Load balancer initialized with 4 workers
2026-07-12 16:04:19,697 - Zovix - INFO - Redis connected for rate limiting
2026-07-12 16:04:19,698 - Zovix - INFO - Load balancer initialized with 4 workers
2026-07-12 16:04:20,402 - Zovix - INFO - Redis cache connected
2026-07-12 16:04:21,724 - Zovix - INFO - Redis cache connected
2026-07-12 16:04:21,729 - Zovix - INFO - Database initialized successfully
2026-07-12 16:04:26,017 - Zovix - INFO - Redis connected for rate limiting
2026-07-12 16:04:26,018 - Zovix - INFO - Load balancer initialized with 4 workers
2026-07-12 16:04:28,067 - Zovix - INFO - Redis cache connected
2026-07-12 16:04:28,072 - Zovix - INFO - Database initialized successfully
2026-07-12 16:04:44,053 - Zovix - INFO - Redis connected for rate limiting
2026-07-12 16:04:44,055 - Zovix - INFO - Load balancer initialized with 4 workers
2026-07-12 16:04:46,113 - Zovix - INFO - Redis cache connected
2026-07-12 16:04:46,120 - Zovix - INFO - Database initialized successfully
2026-07-12 16:04:50,390 - Zovix - INFO - Redis connected for rate limiting
2026-07-12 16:04:50,391 - Zovix - INFO - Load balancer initialized with 4 workers
2026-07-12 16:04:52,434 - Zovix - INFO - Redis cache connected
2026-07-12 16:04:52,439 - Zovix - INFO - Database initialized successfully
2026-07-12 16:05:03,851 - Zovix - INFO - Redis connected for rate limiting
2026-07-12 16:05:03,853 - Zovix - INFO - Load balancer initialized with 4 workers
2026-07-12 16:05:05,902 - Zovix - INFO - Redis cache connected
2026-07-12 16:05:05,909 - Zovix - INFO - Database initialized successfully
2026-07-12 16:05:10,846 - Zovix - INFO - Redis connected for rate limiting
2026-07-12 16:05:10,852 - Zovix - INFO - Load balancer initialized with 4 workers
2026-07-12 16:05:12,896 - Zovix - INFO - Redis cache connected
2026-07-12 16:05:12,902 - Zovix - INFO - Database initialized successfully
2026-07-12 16:05:17,271 - Zovix - INFO - Redis connected for rate limiting
2026-07-12 16:05:17,272 - Zovix - INFO - Load balancer initialized with 4 workers
2026-07-12 16:05:19,308 - Zovix - INFO - Redis cache connected
2026-07-12 16:05:19,315 - Zovix - INFO - Database initialized successfully
2026-07-12 16:05:35,964 - Zovix - INFO - Redis connected for rate limiting
2026-07-12 16:05:35,965 - Zovix - INFO - Load balancer initialized with 4 workers
2026-07-12 16:05:37,599 - Zovix - INFO - Redis connected for rate limiting
2026-07-12 16:05:37,601 - Zovix - INFO - Load balancer initialized with 4 workers
2026-07-12 16:05:38,018 - Zovix - INFO - Redis cache connected
2026-07-12 16:05:39,639 - Zovix - INFO - Redis cache connected
2026-07-12 16:05:39,646 - Zovix - INFO - Database initialized successfully
2026-07-12 16:05:50,945 - Zovix - INFO - Redis connected for rate limiting
2026-07-12 16:05:50,948 - Zovix - INFO - Load balancer initialized with 4 workers
2026-07-12 16:05:52,966 - Zovix - INFO - Redis cache connected
2026-07-12 16:05:52,972 - Zovix - INFO - Database initialized successfully
2026-07-12 16:05:55,117 - Zovix - INFO - Deducted 4 credits from rajmehta886297@gmail.com
2026-07-12 16:05:57,411 - Zovix - INFO - Redis connected for rate limiting
2026-07-12 16:05:57,412 - Zovix - INFO - Load balancer initialized with 4 workers
2026-07-12 16:05:59,452 - Zovix - INFO - Redis cache connected
2026-07-12 16:05:59,461 - Zovix - INFO - Database initialized successfully
2026-07-12 16:06:01,674 - Zovix - INFO - Deducted 2 credits from rajmehta886297@gmail.com
2026-07-12 16:06:29,614 - Zovix - ERROR - Pollinations error: HTTPSConnectionPool(host='image.pollinations.ai', port=443): Read timed out. (read timeout=25)
2026-07-12 16:21:29,972 - Zovix - INFO - Redis connected for rate limiting
2026-07-12 16:21:29,977 - Zovix - INFO - Load balancer initialized with 4 workers
2026-07-12 16:21:32,032 - Zovix - INFO - Redis cache connected
2026-07-12 16:21:32,047 - Zovix - INFO - Database initialized successfully
2026-07-12 16:22:17,587 - Zovix - INFO - Redis connected for rate limiting
2026-07-12 16:22:17,589 - Zovix - INFO - Load balancer initialized with 4 workers
2026-07-12 16:22:19,632 - Zovix - INFO - Redis cache connected
2026-07-12 16:22:19,641 - Zovix - INFO - Database initialized successfully
2026-07-12 16:22:28,057 - Zovix - INFO - New social user: raviranjan2k14@gmail.com via Google
2026-07-12 16:22:30,371 - Zovix - INFO - Redis connected for rate limiting
2026-07-12 16:22:30,373 - Zovix - INFO - Load balancer initialized with 4 workers
2026-07-12 16:22:32,430 - Zovix - INFO - Redis cache connected
2026-07-12 16:22:32,439 - Zovix - INFO - Database initialized successfully
2026-07-12 16:22:45,509 - Zovix - INFO - Redis connected for rate limiting
2026-07-12 16:22:45,511 - Zovix - INFO - Load balancer initialized with 4 workers
2026-07-12 16:22:47,547 - Zovix - INFO - Redis cache connected
2026-07-12 16:22:47,555 - Zovix - INFO - Database initialized successfully
2026-07-12 16:22:57,501 - Zovix - INFO - Redis connected for rate limiting
2026-07-12 16:22:57,503 - Zovix - INFO - Load balancer initialized with 4 workers
2026-07-12 16:22:59,542 - Zovix - INFO - Redis cache connected
2026-07-12 16:22:59,548 - Zovix - INFO - Database initialized successfully
2026-07-12 16:23:03,949 - Zovix - INFO - Redis connected for rate limiting
2026-07-12 16:23:03,951 - Zovix - INFO - Load balancer initialized with 4 workers
2026-07-12 16:23:05,982 - Zovix - INFO - Redis cache connected
2026-07-12 16:23:06,394 - Zovix - INFO - Redis connected for rate limiting
2026-07-12 16:23:06,396 - Zovix - INFO - Load balancer initialized with 4 workers
2026-07-12 16:23:08,443 - Zovix - INFO - Redis cache connected
2026-07-12 16:23:08,449 - Zovix - INFO - Database initialized successfully
2026-07-12 16:23:12,843 - Zovix - INFO - Redis connected for rate limiting
2026-07-12 16:23:12,845 - Zovix - INFO - Load balancer initialized with 4 workers
2026-07-12 16:23:14,884 - Zovix - INFO - Redis cache connected
2026-07-12 16:23:14,890 - Zovix - INFO - Database initialized successfully
2026-07-12 16:23:24,116 - Zovix - INFO - Redis connected for rate limiting
2026-07-12 16:23:24,119 - Zovix - INFO - Load balancer initialized with 4 workers
2026-07-12 16:23:26,169 - Zovix - INFO - Redis cache connected
2026-07-12 16:23:26,176 - Zovix - INFO - Database initialized successfully
2026-07-12 16:23:30,607 - Zovix - INFO - Redis connected for rate limiting
2026-07-12 16:23:30,609 - Zovix - INFO - Load balancer initialized with 4 workers
2026-07-12 16:23:32,654 - Zovix - INFO - Redis cache connected
2026-07-12 16:23:32,660 - Zovix - INFO - Database initialized successfully
2026-07-12 16:23:44,780 - Zovix - INFO - Redis connected for rate limiting
2026-07-12 16:23:44,781 - Zovix - INFO - Load balancer initialized with 4 workers
2026-07-12 16:23:46,825 - Zovix - INFO - Redis cache connected
2026-07-12 16:23:46,831 - Zovix - INFO - Database initialized successfully
2026-07-12 16:23:57,824 - Zovix - INFO - Redis connected for rate limiting
2026-07-12 16:23:57,826 - Zovix - INFO - Load balancer initialized with 4 workers
2026-07-12 16:23:59,868 - Zovix - INFO - Redis cache connected
2026-07-12 16:23:59,874 - Zovix - INFO - Database initialized successfully
2026-07-12 16:24:04,366 - Zovix - INFO - Redis connected for rate limiting
2026-07-12 16:24:04,368 - Zovix - INFO - Load balancer initialized with 4 workers
2026-07-12 16:24:06,423 - Zovix - INFO - Redis cache connected
2026-07-12 16:24:06,429 - Zovix - INFO - Database initialized successfully
2026-07-12 16:24:14,908 - Zovix - INFO - Redis connected for rate limiting
2026-07-12 16:24:14,909 - Zovix - INFO - Load balancer initialized with 4 workers
2026-07-12 16:24:16,627 - Zovix - INFO - Redis connected for rate limiting
2026-07-12 16:24:16,628 - Zovix - INFO - Load balancer initialized with 4 workers
2026-07-12 16:24:16,957 - Zovix - INFO - Redis cache connected
2026-07-12 16:24:17,817 - Zovix - INFO - Redis connected for rate limiting
2026-07-12 16:24:17,818 - Zovix - INFO - Load balancer initialized with 4 workers
2026-07-12 16:24:18,678 - Zovix - INFO - Redis cache connected
2026-07-12 16:24:19,865 - Zovix - INFO - Redis cache connected
2026-07-12 16:24:19,873 - Zovix - INFO - Database initialized successfully
2026-07-12 16:24:33,222 - Zovix - INFO - Redis connected for rate limiting
2026-07-12 16:24:33,224 - Zovix - INFO - Load balancer initialized with 4 workers
2026-07-12 16:24:35,248 - Zovix - INFO - Redis cache connected
2026-07-12 16:24:35,254 - Zovix - INFO - Database initialized successfully
2026-07-12 16:24:37,406 - Zovix - INFO - Deducted 4 credits from raviranjan2k14@gmail.com
2026-07-12 16:24:39,711 - Zovix - INFO - Redis connected for rate limiting
2026-07-12 16:24:39,713 - Zovix - INFO - Load balancer initialized with 4 workers
2026-07-12 16:24:41,743 - Zovix - INFO - Redis cache connected
2026-07-12 16:24:41,751 - Zovix - INFO - Database initialized successfully
2026-07-12 16:24:43,927 - Zovix - INFO - Deducted 1 credits from raviranjan2k14@gmail.com
2026-07-12 21:41:44,448 - Zovix - INFO - Redis connected for rate limiting
2026-07-12 21:41:44,519 - Zovix - INFO - Load balancer initialized with 4 workers
2026-07-12 21:41:46,547 - Zovix - INFO - Redis cache connected
2026-07-12 21:41:46,567 - Zovix - INFO - Database initialized successfully
2026-07-12 21:43:12,881 - Zovix - INFO - Redis connected for rate limiting
2026-07-12 21:43:12,884 - Zovix - INFO - Load balancer initialized with 4 workers
2026-07-12 21:43:14,930 - Zovix - INFO - Redis cache connected
2026-07-12 21:43:14,936 - Zovix - INFO - Database initialized successfully
2026-07-12 21:43:26,851 - Zovix - INFO - Redis connected for rate limiting
2026-07-12 21:43:26,853 - Zovix - INFO - Load balancer initialized with 4 workers
2026-07-12 21:43:28,896 - Zovix - INFO - Redis cache connected
2026-07-12 21:43:28,900 - Zovix - INFO - Database initialized successfully
2026-07-12 21:44:01,086 - Zovix - INFO - Redis connected for rate limiting
2026-07-12 21:44:01,089 - Zovix - INFO - Load balancer initialized with 4 workers
2026-07-12 21:44:03,113 - Zovix - INFO - Redis cache connected
2026-07-12 21:44:03,121 - Zovix - INFO - Database initialized successfully
2026-07-12 21:44:11,757 - Zovix - INFO - Redis connected for rate limiting
2026-07-12 21:44:11,758 - Zovix - INFO - Load balancer initialized with 4 workers
2026-07-12 21:44:13,776 - Zovix - INFO - Redis cache connected
2026-07-12 21:44:13,780 - Zovix - INFO - Database initialized successfully
2026-07-12 21:46:11,720 - Zovix - INFO - Redis connected for rate limiting
2026-07-12 21:46:11,723 - Zovix - INFO - Load balancer initialized with 4 workers
2026-07-12 21:46:13,779 - Zovix - INFO - Redis cache connected
2026-07-12 21:46:13,786 - Zovix - INFO - Database initialized successfully
2026-07-12 21:46:18,110 - Zovix - INFO - Redis connected for rate limiting
2026-07-12 21:46:18,111 - Zovix - INFO - Load balancer initialized with 4 workers
2026-07-12 21:46:20,142 - Zovix - INFO - Redis cache connected
2026-07-12 21:46:20,150 - Zovix - INFO - Database initialized successfully
2026-07-12 21:46:37,435 - Zovix - INFO - Redis connected for rate limiting
2026-07-12 21:46:37,439 - Zovix - INFO - Load balancer initialized with 4 workers
2026-07-12 21:46:39,486 - Zovix - INFO - Redis cache connected
2026-07-12 21:46:39,493 - Zovix - INFO - Database initialized successfully
2026-07-12 21:47:12,204 - Zovix - INFO - Redis connected for rate limiting
2026-07-12 21:47:12,205 - Zovix - INFO - Load balancer initialized with 4 workers
2026-07-12 21:47:12,249 - Zovix - INFO - Redis connected for rate limiting
2026-07-12 21:47:12,251 - Zovix - INFO - Load balancer initialized with 4 workers
2026-07-12 21:47:14,235 - Zovix - INFO - Redis cache connected
2026-07-12 21:47:14,483 - Zovix - INFO - Redis cache connected
2026-07-12 21:47:14,493 - Zovix - INFO - Database initialized successfully
2026-07-12 21:47:18,867 - Zovix - INFO - Redis connected for rate limiting
2026-07-12 21:47:18,868 - Zovix - INFO - Load balancer initialized with 4 workers
2026-07-12 21:47:20,926 - Zovix - INFO - Redis cache connected
2026-07-12 21:47:20,932 - Zovix - INFO - Database initialized successfully
2026-07-12 21:47:30,551 - Zovix - INFO - Redis connected for rate limiting
2026-07-12 21:47:30,553 - Zovix - INFO - Load balancer initialized with 4 workers
2026-07-12 21:47:32,584 - Zovix - INFO - Redis cache connected
2026-07-12 21:47:32,591 - Zovix - INFO - Database initialized successfully
2026-07-12 21:47:38,112 - Zovix - INFO - Redis connected for rate limiting
2026-07-12 21:47:38,113 - Zovix - INFO - Load balancer initialized with 4 workers
2026-07-12 21:47:40,155 - Zovix - INFO - Redis cache connected
2026-07-12 21:47:40,162 - Zovix - INFO - Database initialized successfully
2026-07-12 21:47:44,519 - Zovix - INFO - Redis connected for rate limiting
2026-07-12 21:47:44,522 - Zovix - INFO - Load balancer initialized with 4 workers
2026-07-12 21:47:46,551 - Zovix - INFO - Redis cache connected
2026-07-12 21:47:46,558 - Zovix - INFO - Database initialized successfully
2026-07-12 21:48:18,312 - Zovix - INFO - Redis connected for rate limiting
2026-07-12 21:48:18,314 - Zovix - INFO - Load balancer initialized with 4 workers
2026-07-12 21:48:20,350 - Zovix - INFO - Redis cache connected
2026-07-12 21:48:20,358 - Zovix - INFO - Database initialized successfully
2026-07-12 21:48:53,539 - Zovix - INFO - Redis connected for rate limiting
2026-07-12 21:48:53,539 - Zovix - INFO - Load balancer initialized with 4 workers
2026-07-12 21:48:53,618 - Zovix - INFO - Redis connected for rate limiting
2026-07-12 21:48:53,620 - Zovix - INFO - Load balancer initialized with 4 workers
2026-07-12 21:48:55,571 - Zovix - INFO - Redis cache connected
2026-07-12 21:48:55,828 - Zovix - INFO - Redis cache connected
2026-07-12 21:48:55,841 - Zovix - INFO - Database initialized successfully
2026-07-12 21:49:00,268 - Zovix - INFO - Redis connected for rate limiting
2026-07-12 21:49:00,270 - Zovix - INFO - Load balancer initialized with 4 workers
2026-07-12 21:49:01,112 - Zovix - INFO - Redis connected for rate limiting
2026-07-12 21:49:01,114 - Zovix - INFO - Load balancer initialized with 4 workers
2026-07-12 21:49:02,316 - Zovix - INFO - Redis cache connected
2026-07-12 21:49:03,163 - Zovix - INFO - Redis cache connected
2026-07-12 21:49:03,169 - Zovix - INFO - Database initialized successfully
2026-07-12 21:49:07,626 - Zovix - INFO - Redis connected for rate limiting
2026-07-12 21:49:07,628 - Zovix - INFO - Load balancer initialized with 4 workers
2026-07-12 21:49:08,186 - Zovix - INFO - Redis connected for rate limiting
2026-07-12 21:49:08,187 - Zovix - INFO - Load balancer initialized with 4 workers
2026-07-12 21:49:09,652 - Zovix - INFO - Redis cache connected
2026-07-12 21:49:10,231 - Zovix - INFO - Redis cache connected
2026-07-12 21:49:10,239 - Zovix - INFO - Database initialized successfully
2026-07-12 21:49:14,676 - Zovix - INFO - Redis connected for rate limiting
2026-07-12 21:49:14,679 - Zovix - INFO - Load balancer initialized with 4 workers
2026-07-12 21:49:16,717 - Zovix - INFO - Redis cache connected
2026-07-12 21:49:16,724 - Zovix - INFO - Database initialized successfully
2026-07-12 21:49:21,777 - Zovix - INFO - Redis connected for rate limiting
2026-07-12 21:49:21,778 - Zovix - INFO - Load balancer initialized with 4 workers
2026-07-12 21:49:23,811 - Zovix - INFO - Redis cache connected
2026-07-12 21:49:23,818 - Zovix - INFO - Database initialized successfully
2026-07-12 21:49:28,224 - Zovix - INFO - Redis connected for rate limiting
2026-07-12 21:49:28,225 - Zovix - INFO - Load balancer initialized with 4 workers
2026-07-12 21:49:30,272 - Zovix - INFO - Redis cache connected
2026-07-12 21:49:30,280 - Zovix - INFO - Database initialized successfully
2026-07-12 21:49:39,195 - Zovix - INFO - Redis connected for rate limiting
2026-07-12 21:49:39,198 - Zovix - INFO - Load balancer initialized with 4 workers
2026-07-12 21:49:41,246 - Zovix - INFO - Redis cache connected
2026-07-12 21:49:41,250 - Zovix - INFO - Database initialized successfully
2026-07-12 21:49:46,265 - Zovix - INFO - Redis connected for rate limiting
2026-07-12 21:49:46,267 - Zovix - INFO - Load balancer initialized with 4 workers
2026-07-12 21:49:48,320 - Zovix - INFO - Redis cache connected
2026-07-12 21:49:48,325 - Zovix - INFO - Database initialized successfully
2026-07-12 21:49:52,765 - Zovix - INFO - Redis connected for rate limiting
2026-07-12 21:49:52,767 - Zovix - INFO - Load balancer initialized with 4 workers
2026-07-12 21:49:54,807 - Zovix - INFO - Redis cache connected
2026-07-12 21:49:54,812 - Zovix - INFO - Database initialized successfully
2026-07-12 21:50:10,072 - Zovix - INFO - Redis connected for rate limiting
2026-07-12 21:50:10,074 - Zovix - INFO - Load balancer initialized with 4 workers
2026-07-12 21:50:11,290 - Zovix - INFO - Redis connected for rate limiting
2026-07-12 21:50:11,293 - Zovix - INFO - Load balancer initialized with 4 workers
2026-07-12 21:50:12,116 - Zovix - INFO - Redis cache connected
2026-07-12 21:50:13,317 - Zovix - INFO - Redis cache connected
2026-07-12 21:50:13,322 - Zovix - INFO - Database initialized successfully
2026-07-12 21:50:23,363 - Zovix - INFO - Redis connected for rate limiting
2026-07-12 21:50:23,364 - Zovix - INFO - Load balancer initialized with 4 workers
2026-07-12 21:50:25,398 - Zovix - INFO - Redis cache connected
2026-07-12 21:50:25,405 - Zovix - INFO - Database initialized successfully
2026-07-12 21:50:27,549 - Zovix - INFO - Deducted 4 credits from rajmehta886297@gmail.com
2026-07-12 21:50:29,858 - Zovix - INFO - Redis connected for rate limiting
2026-07-12 21:50:29,860 - Zovix - INFO - Load balancer initialized with 4 workers
2026-07-12 21:50:31,900 - Zovix - INFO - Redis cache connected
2026-07-12 21:50:31,907 - Zovix - INFO - Database initialized successfully
2026-07-12 21:50:34,142 - Zovix - INFO - Deducted 1 credits from rajmehta886297@gmail.com
2026-07-12 21:54:02,543 - Zovix - INFO - Redis connected for rate limiting
2026-07-12 21:54:02,544 - Zovix - INFO - Load balancer initialized with 4 workers
2026-07-12 21:54:04,580 - Zovix - INFO - Redis cache connected
2026-07-12 21:54:04,587 - Zovix - INFO - Database initialized successfully
2026-07-12 21:54:08,964 - Zovix - INFO - Redis connected for rate limiting
2026-07-12 21:54:08,967 - Zovix - INFO - Load balancer initialized with 4 workers
2026-07-12 21:54:11,013 - Zovix - INFO - Redis cache connected
2026-07-12 21:54:11,020 - Zovix - INFO - Database initialized successfully
2026-07-12 21:54:51,368 - Zovix - INFO - Redis connected for rate limiting
2026-07-12 21:54:51,369 - Zovix - INFO - Load balancer initialized with 4 workers
2026-07-12 21:54:52,254 - Zovix - INFO - Redis connected for rate limiting
2026-07-12 21:54:52,255 - Zovix - INFO - Load balancer initialized with 4 workers
2026-07-12 21:54:53,405 - Zovix - INFO - Redis cache connected
2026-07-12 21:54:54,295 - Zovix - INFO - Redis cache connected
2026-07-12 21:54:54,300 - Zovix - INFO - Database initialized successfully
2026-07-12 21:55:02,741 - Zovix - INFO - Redis connected for rate limiting
2026-07-12 21:55:02,742 - Zovix - INFO - Load balancer initialized with 4 workers
2026-07-12 21:55:04,797 - Zovix - INFO - Redis cache connected
2026-07-12 21:55:04,806 - Zovix - INFO - Database initialized successfully
2026-07-12 21:55:10,139 - Zovix - INFO - Redis connected for rate limiting
2026-07-12 21:55:10,141 - Zovix - INFO - Load balancer initialized with 4 workers
2026-07-12 21:55:12,186 - Zovix - INFO - Redis cache connected
2026-07-12 21:55:12,193 - Zovix - INFO - Database initialized successfully
2026-07-12 21:55:14,550 - Zovix - INFO - Redis connected for rate limiting
2026-07-12 21:55:14,551 - Zovix - INFO - Load balancer initialized with 4 workers
2026-07-12 21:55:16,583 - Zovix - INFO - Redis cache connected
2026-07-12 21:55:16,588 - Zovix - INFO - Database initialized successfully
2026-07-12 21:55:21,629 - Zovix - INFO - Redis connected for rate limiting
2026-07-12 21:55:21,631 - Zovix - INFO - Load balancer initialized with 4 workers
2026-07-12 21:55:23,672 - Zovix - INFO - Redis cache connected
2026-07-12 21:55:23,674 - Zovix - INFO - Database initialized successfully
2026-07-12 21:55:29,559 - Zovix - INFO - Redis connected for rate limiting
2026-07-12 21:55:29,561 - Zovix - INFO - Load balancer initialized with 4 workers
2026-07-12 21:55:31,605 - Zovix - INFO - Redis cache connected
2026-07-12 21:55:31,610 - Zovix - INFO - Database initialized successfully
2026-07-12 21:55:44,211 - Zovix - INFO - Redis connected for rate limiting
2026-07-12 21:55:44,216 - Zovix - INFO - Load balancer initialized with 4 workers
2026-07-12 21:55:46,262 - Zovix - INFO - Redis cache connected
2026-07-12 21:55:46,267 - Zovix - INFO - Database initialized successfully
2026-07-12 21:55:48,431 - Zovix - INFO - Deducted 4 credits from rajmehta886297@gmail.com
2026-07-12 21:55:52,164 - Zovix - INFO - Redis connected for rate limiting
2026-07-12 21:55:52,166 - Zovix - INFO - Load balancer initialized with 4 workers
2026-07-12 21:55:54,210 - Zovix - INFO - Redis cache connected
2026-07-12 21:55:54,218 - Zovix - INFO - Database initialized successfully
2026-07-12 21:59:04,090 - Zovix - INFO - Redis connected for rate limiting
2026-07-12 21:59:04,091 - Zovix - INFO - Load balancer initialized with 4 workers
2026-07-12 21:59:06,116 - Zovix - INFO - Redis cache connected
2026-07-12 21:59:06,131 - Zovix - INFO - Database initialized successfully
2026-07-12 21:59:13,414 - Zovix - INFO - Redis connected for rate limiting
2026-07-12 21:59:13,415 - Zovix - INFO - Load balancer initialized with 4 workers
2026-07-12 21:59:15,447 - Zovix - INFO - Redis cache connected
2026-07-12 21:59:15,452 - Zovix - INFO - Database initialized successfully
2026-07-12 21:59:22,236 - Zovix - INFO - New user registered: zooweefun@gmail.com
2026-07-12 21:59:24,623 - Zovix - INFO - Redis connected for rate limiting
2026-07-12 21:59:24,624 - Zovix - INFO - Load balancer initialized with 4 workers
2026-07-12 21:59:26,653 - Zovix - INFO - Redis cache connected
2026-07-12 21:59:26,662 - Zovix - INFO - Database initialized successfully
2026-07-12 21:59:46,646 - Zovix - INFO - Redis connected for rate limiting
2026-07-12 21:59:46,647 - Zovix - INFO - Load balancer initialized with 4 workers
2026-07-12 21:59:48,690 - Zovix - INFO - Redis cache connected
2026-07-12 21:59:48,696 - Zovix - INFO - Database initialized successfully
2026-07-12 21:59:52,991 - Zovix - INFO - Redis connected for rate limiting
2026-07-12 21:59:52,992 - Zovix - INFO - Load balancer initialized with 4 workers
2026-07-12 21:59:55,036 - Zovix - INFO - Redis cache connected
2026-07-12 21:59:55,043 - Zovix - INFO - Database initialized successfully
2026-07-12 22:01:20,887 - Zovix - INFO - Redis connected for rate limiting
2026-07-12 22:01:20,909 - Zovix - INFO - Load balancer initialized with 4 workers
2026-07-12 22:01:22,948 - Zovix - INFO - Redis cache connected
2026-07-12 22:01:22,964 - Zovix - INFO - Database initialized successfully
2026-07-12 22:01:28,121 - Zovix - INFO - Redis connected for rate limiting
2026-07-12 22:01:28,122 - Zovix - INFO - Load balancer initialized with 4 workers
2026-07-12 22:01:30,149 - Zovix - INFO - Redis cache connected
2026-07-12 22:01:30,155 - Zovix - INFO - Database initialized successfully
2026-07-12 22:01:38,509 - Zovix - INFO - Redis connected for rate limiting
2026-07-12 22:01:38,511 - Zovix - INFO - Load balancer initialized with 4 workers
2026-07-12 22:01:40,538 - Zovix - INFO - Redis cache connected
2026-07-12 22:01:40,542 - Zovix - INFO - Database initialized successfully
2026-07-12 22:01:47,815 - Zovix - INFO - Redis connected for rate limiting
2026-07-12 22:01:47,815 - Zovix - INFO - Load balancer initialized with 4 workers
2026-07-12 22:01:49,857 - Zovix - INFO - Redis cache connected
2026-07-12 22:01:49,863 - Zovix - INFO - Database initialized successfully
2026-07-12 22:01:54,123 - Zovix - INFO - Redis connected for rate limiting
2026-07-12 22:01:54,124 - Zovix - INFO - Load balancer initialized with 4 workers
2026-07-12 22:01:56,171 - Zovix - INFO - Redis cache connected
2026-07-12 22:01:56,177 - Zovix - INFO - Database initialized successfully
2026-07-12 22:02:59,785 - Zovix - INFO - Redis connected for rate limiting
2026-07-12 22:02:59,785 - Zovix - INFO - Load balancer initialized with 4 workers
2026-07-12 22:03:01,812 - Zovix - INFO - Redis cache connected
2026-07-12 22:03:01,816 - Zovix - INFO - Database initialized successfully
2026-07-12 22:03:46,584 - Zovix - INFO - Redis connected for rate limiting
2026-07-12 22:03:46,584 - Zovix - INFO - Load balancer initialized with 4 workers
2026-07-12 22:03:46,647 - Zovix - INFO - Redis connected for rate limiting
2026-07-12 22:03:46,648 - Zovix - INFO - Load balancer initialized with 4 workers
2026-07-12 22:03:48,610 - Zovix - INFO - Redis cache connected
2026-07-12 22:03:48,798 - Zovix - INFO - Redis cache connected
2026-07-12 22:03:48,808 - Zovix - INFO - Database initialized successfully
2026-07-12 22:03:50,996 - Zovix - INFO - Deducted 6 credits from zooweefun@gmail.com
2026-07-12 22:03:58,892 - httpx - INFO - HTTP Request: POST https://api.replicate.com/v1/models/prunaai/p-video-avatar/predictions "HTTP/1.1 201 Created"
2026-07-12 22:04:00,429 - httpx - INFO - HTTP Request: GET https://api.replicate.com/v1/predictions/fjrs2rxcm9rmr0czawpsxe6qpg "HTTP/1.1 200 OK"
2026-07-12 22:04:01,452 - httpx - INFO - HTTP Request: GET https://api.replicate.com/v1/predictions/fjrs2rxcm9rmr0czawpsxe6qpg "HTTP/1.1 200 OK"
2026-07-12 22:04:02,988 - httpx - INFO - HTTP Request: GET https://api.replicate.com/v1/predictions/fjrs2rxcm9rmr0czawpsxe6qpg "HTTP/1.1 200 OK"
2026-07-12 22:04:04,116 - httpx - INFO - HTTP Request: GET https://api.replicate.com/v1/predictions/fjrs2rxcm9rmr0czawpsxe6qpg "HTTP/1.1 200 OK"
2026-07-12 22:04:05,139 - httpx - INFO - HTTP Request: GET https://api.replicate.com/v1/predictions/fjrs2rxcm9rmr0czawpsxe6qpg "HTTP/1.1 200 OK"
2026-07-12 22:04:06,110 - httpx - INFO - HTTP Request: GET https://api.replicate.com/v1/predictions/fjrs2rxcm9rmr0czawpsxe6qpg "HTTP/1.1 200 OK"
2026-07-12 22:04:07,389 - httpx - INFO - HTTP Request: GET https://api.replicate.com/v1/predictions/fjrs2rxcm9rmr0czawpsxe6qpg "HTTP/1.1 200 OK"
2026-07-12 22:04:09,031 - httpx - INFO - HTTP Request: GET https://api.replicate.com/v1/predictions/fjrs2rxcm9rmr0czawpsxe6qpg "HTTP/1.1 200 OK"
2026-07-12 22:04:10,055 - httpx - INFO - HTTP Request: GET https://api.replicate.com/v1/predictions/fjrs2rxcm9rmr0czawpsxe6qpg "HTTP/1.1 200 OK"
2026-07-12 22:04:11,066 - httpx - INFO - HTTP Request: GET https://api.replicate.com/v1/predictions/fjrs2rxcm9rmr0czawpsxe6qpg "HTTP/1.1 200 OK"
2026-07-12 22:04:12,062 - httpx - INFO - HTTP Request: GET https://api.replicate.com/v1/predictions/fjrs2rxcm9rmr0czawpsxe6qpg "HTTP/1.1 200 OK"
2026-07-12 22:04:13,013 - httpx - INFO - HTTP Request: GET https://api.replicate.com/v1/predictions/fjrs2rxcm9rmr0czawpsxe6qpg "HTTP/1.1 200 OK"
2026-07-12 22:04:13,975 - httpx - INFO - HTTP Request: GET https://api.replicate.com/v1/predictions/fjrs2rxcm9rmr0czawpsxe6qpg "HTTP/1.1 200 OK"
2026-07-12 22:04:15,176 - httpx - INFO - HTTP Request: GET https://api.replicate.com/v1/predictions/fjrs2rxcm9rmr0czawpsxe6qpg "HTTP/1.1 200 OK"
2026-07-12 22:04:16,302 - httpx - INFO - HTTP Request: GET https://api.replicate.com/v1/predictions/fjrs2rxcm9rmr0czawpsxe6qpg "HTTP/1.1 200 OK"
2026-07-12 22:04:17,327 - httpx - INFO - HTTP Request: GET https://api.replicate.com/v1/predictions/fjrs2rxcm9rmr0czawpsxe6qpg "HTTP/1.1 200 OK"
2026-07-12 22:04:18,351 - httpx - INFO - HTTP Request: GET https://api.replicate.com/v1/predictions/fjrs2rxcm9rmr0czawpsxe6qpg "HTTP/1.1 200 OK"
2026-07-12 22:04:19,375 - httpx - INFO - HTTP Request: GET https://api.replicate.com/v1/predictions/fjrs2rxcm9rmr0czawpsxe6qpg "HTTP/1.1 200 OK"
2026-07-12 22:04:20,399 - httpx - INFO - HTTP Request: GET https://api.replicate.com/v1/predictions/fjrs2rxcm9rmr0czawpsxe6qpg "HTTP/1.1 200 OK"
2026-07-12 22:04:21,422 - httpx - INFO - HTTP Request: GET https://api.replicate.com/v1/predictions/fjrs2rxcm9rmr0czawpsxe6qpg "HTTP/1.1 200 OK"
2026-07-12 22:04:22,447 - httpx - INFO - HTTP Request: GET https://api.replicate.com/v1/predictions/fjrs2rxcm9rmr0czawpsxe6qpg "HTTP/1.1 200 OK"
2026-07-12 22:04:23,369 - httpx - INFO - HTTP Request: GET https://api.replicate.com/v1/predictions/fjrs2rxcm9rmr0czawpsxe6qpg "HTTP/1.1 200 OK"
2026-07-12 22:04:24,905 - httpx - INFO - HTTP Request: GET https://api.replicate.com/v1/predictions/fjrs2rxcm9rmr0czawpsxe6qpg "HTTP/1.1 200 OK"
2026-07-12 22:04:25,929 - httpx - INFO - HTTP Request: GET https://api.replicate.com/v1/predictions/fjrs2rxcm9rmr0czawpsxe6qpg "HTTP/1.1 200 OK"
2026-07-12 22:04:26,953 - httpx - INFO - HTTP Request: GET https://api.replicate.com/v1/predictions/fjrs2rxcm9rmr0czawpsxe6qpg "HTTP/1.1 200 OK"
2026-07-12 22:04:27,901 - httpx - INFO - HTTP Request: GET https://api.replicate.com/v1/predictions/fjrs2rxcm9rmr0czawpsxe6qpg "HTTP/1.1 200 OK"
2026-07-12 22:04:28,899 - httpx - INFO - HTTP Request: GET https://api.replicate.com/v1/predictions/fjrs2rxcm9rmr0czawpsxe6qpg "HTTP/1.1 200 OK"
2026-07-12 22:04:30,641 - httpx - INFO - HTTP Request: GET https://api.replicate.com/v1/predictions/fjrs2rxcm9rmr0czawpsxe6qpg "HTTP/1.1 200 OK"
2026-07-12 22:04:31,767 - httpx - INFO - HTTP Request: GET https://api.replicate.com/v1/predictions/fjrs2rxcm9rmr0czawpsxe6qpg "HTTP/1.1 200 OK"
2026-07-12 22:04:32,803 - httpx - INFO - HTTP Request: GET https://api.replicate.com/v1/predictions/fjrs2rxcm9rmr0czawpsxe6qpg "HTTP/1.1 200 OK"
2026-07-12 22:04:33,849 - httpx - INFO - HTTP Request: GET https://api.replicate.com/v1/predictions/fjrs2rxcm9rmr0czawpsxe6qpg "HTTP/1.1 200 OK"
2026-07-12 22:04:35,351 - httpx - INFO - HTTP Request: GET https://api.replicate.com/v1/predictions/fjrs2rxcm9rmr0czawpsxe6qpg "HTTP/1.1 200 OK"
2026-07-12 22:04:36,478 - httpx - INFO - HTTP Request: GET https://api.replicate.com/v1/predictions/fjrs2rxcm9rmr0czawpsxe6qpg "HTTP/1.1 200 OK"
2026-07-12 22:04:37,502 - httpx - INFO - HTTP Request: GET https://api.replicate.com/v1/predictions/fjrs2rxcm9rmr0czawpsxe6qpg "HTTP/1.1 200 OK"
2026-07-12 22:04:38,467 - httpx - INFO - HTTP Request: GET https://api.replicate.com/v1/predictions/fjrs2rxcm9rmr0czawpsxe6qpg "HTTP/1.1 200 OK"
2026-07-12 22:04:39,448 - httpx - INFO - HTTP Request: GET https://api.replicate.com/v1/predictions/fjrs2rxcm9rmr0czawpsxe6qpg "HTTP/1.1 200 OK"
2026-07-12 22:04:40,369 - httpx - INFO - HTTP Request: GET https://api.replicate.com/v1/predictions/fjrs2rxcm9rmr0czawpsxe6qpg "HTTP/1.1 200 OK"
2026-07-12 22:04:41,291 - httpx - INFO - HTTP Request: GET https://api.replicate.com/v1/predictions/fjrs2rxcm9rmr0czawpsxe6qpg "HTTP/1.1 200 OK"
2026-07-12 22:04:42,207 - httpx - INFO - HTTP Request: GET https://api.replicate.com/v1/predictions/fjrs2rxcm9rmr0czawpsxe6qpg "HTTP/1.1 200 OK"
2026-07-12 22:04:43,246 - httpx - INFO - HTTP Request: GET https://api.replicate.com/v1/predictions/fjrs2rxcm9rmr0czawpsxe6qpg "HTTP/1.1 200 OK"
2026-07-12 22:04:44,773 - httpx - INFO - HTTP Request: GET https://api.replicate.com/v1/predictions/fjrs2rxcm9rmr0czawpsxe6qpg "HTTP/1.1 200 OK"
2026-07-12 22:04:45,684 - httpx - INFO - HTTP Request: GET https://api.replicate.com/v1/predictions/fjrs2rxcm9rmr0czawpsxe6qpg "HTTP/1.1 200 OK"
2026-07-12 22:04:46,615 - httpx - INFO - HTTP Request: GET https://api.replicate.com/v1/predictions/fjrs2rxcm9rmr0czawpsxe6qpg "HTTP/1.1 200 OK"
2026-07-12 22:04:47,854 - httpx - INFO - HTTP Request: GET https://api.replicate.com/v1/predictions/fjrs2rxcm9rmr0czawpsxe6qpg "HTTP/1.1 200 OK"
2026-07-12 22:04:48,869 - httpx - INFO - HTTP Request: GET https://api.replicate.com/v1/predictions/fjrs2rxcm9rmr0czawpsxe6qpg "HTTP/1.1 200 OK"
2026-07-12 22:04:49,895 - httpx - INFO - HTTP Request: GET https://api.replicate.com/v1/predictions/fjrs2rxcm9rmr0czawpsxe6qpg "HTTP/1.1 200 OK"
2026-07-12 22:04:50,903 - httpx - INFO - HTTP Request: GET https://api.replicate.com/v1/predictions/fjrs2rxcm9rmr0czawpsxe6qpg "HTTP/1.1 200 OK"
2026-07-12 22:04:52,045 - httpx - INFO - HTTP Request: GET https://api.replicate.com/v1/predictions/fjrs2rxcm9rmr0czawpsxe6qpg "HTTP/1.1 200 OK"
2026-07-12 22:04:53,069 - httpx - INFO - HTTP Request: GET https://api.replicate.com/v1/predictions/fjrs2rxcm9rmr0czawpsxe6qpg "HTTP/1.1 200 OK"
2026-07-12 22:04:54,093 - httpx - INFO - HTTP Request: GET https://api.replicate.com/v1/predictions/fjrs2rxcm9rmr0czawpsxe6qpg "HTTP/1.1 200 OK"
2026-07-12 22:04:55,015 - httpx - INFO - HTTP Request: GET https://api.replicate.com/v1/predictions/fjrs2rxcm9rmr0czawpsxe6qpg "HTTP/1.1 200 OK"
2026-07-12 22:04:56,019 - httpx - INFO - HTTP Request: GET https://api.replicate.com/v1/predictions/fjrs2rxcm9rmr0czawpsxe6qpg "HTTP/1.1 200 OK"
2026-07-12 22:04:58,312 - Zovix - INFO - Redis connected for rate limiting
2026-07-12 22:04:58,314 - Zovix - INFO - Load balancer initialized with 4 workers
2026-07-12 22:05:00,336 - Zovix - INFO - Redis cache connected
2026-07-12 22:05:00,340 - Zovix - INFO - Database initialized successfully
2026-07-12 22:05:32,722 - Zovix - INFO - Redis connected for rate limiting
2026-07-12 22:05:32,723 - Zovix - INFO - Load balancer initialized with 4 workers
2026-07-12 22:05:34,782 - Zovix - INFO - Redis cache connected
2026-07-12 22:05:34,787 - Zovix - INFO - Database initialized successfully
2026-07-12 22:06:26,925 - Zovix - INFO - Redis connected for rate limiting
2026-07-12 22:06:26,928 - Zovix - INFO - Load balancer initialized with 4 workers
2026-07-12 22:06:28,958 - Zovix - INFO - Redis cache connected
2026-07-12 22:06:28,963 - Zovix - INFO - Database initialized successfully
2026-07-12 22:06:33,305 - Zovix - INFO - Redis connected for rate limiting
2026-07-12 22:06:33,306 - Zovix - INFO - Load balancer initialized with 4 workers
2026-07-12 22:06:35,332 - Zovix - INFO - Redis cache connected
2026-07-12 22:06:35,336 - Zovix - INFO - Database initialized successfully
2026-07-12 22:07:51,297 - Zovix - INFO - Redis connected for rate limiting
2026-07-12 22:07:51,298 - Zovix - INFO - Load balancer initialized with 4 workers
2026-07-12 22:07:53,327 - Zovix - INFO - Redis cache connected
2026-07-12 22:07:53,332 - Zovix - INFO - Database initialized successfully
2026-07-12 22:08:09,910 - Zovix - INFO - Redis connected for rate limiting
2026-07-12 22:08:09,911 - Zovix - INFO - Load balancer initialized with 4 workers
2026-07-12 22:08:11,940 - Zovix - INFO - Redis cache connected
2026-07-12 22:08:11,944 - Zovix - INFO - Database initialized successfully
2026-07-12 22:08:16,304 - Zovix - INFO - Redis connected for rate limiting
2026-07-12 22:08:16,305 - Zovix - INFO - Load balancer initialized with 4 workers
2026-07-12 22:08:18,336 - Zovix - INFO - Redis cache connected
2026-07-12 22:08:18,340 - Zovix - INFO - Database initialized successfully
2026-07-12 22:08:25,940 - Zovix - INFO - Redis connected for rate limiting
2026-07-12 22:08:25,942 - Zovix - INFO - Load balancer initialized with 4 workers
2026-07-12 22:08:27,970 - Zovix - INFO - Redis cache connected
2026-07-12 22:08:27,973 - Zovix - INFO - Database initialized successfully
2026-07-12 22:08:32,328 - Zovix - INFO - Redis connected for rate limiting
2026-07-12 22:08:32,329 - Zovix - INFO - Load balancer initialized with 4 workers
2026-07-12 22:08:34,354 - Zovix - INFO - Redis cache connected
2026-07-12 22:08:34,358 - Zovix - INFO - Database initialized successfully
2026-07-12 22:08:42,188 - Zovix - INFO - Redis connected for rate limiting
2026-07-12 22:08:42,189 - Zovix - INFO - Load balancer initialized with 4 workers
2026-07-12 22:08:44,218 - Zovix - INFO - Redis cache connected
2026-07-12 22:08:44,224 - Zovix - INFO - Database initialized successfully
2026-07-12 22:08:48,579 - Zovix - INFO - Redis connected for rate limiting
2026-07-12 22:08:48,580 - Zovix - INFO - Load balancer initialized with 4 workers
2026-07-12 22:08:50,608 - Zovix - INFO - Redis cache connected
2026-07-12 22:08:50,613 - Zovix - INFO - Database initialized successfully
2026-07-12 22:09:00,865 - Zovix - INFO - Redis connected for rate limiting
2026-07-12 22:09:00,866 - Zovix - INFO - Load balancer initialized with 4 workers
2026-07-12 22:09:02,898 - Zovix - INFO - Redis cache connected
2026-07-12 22:09:02,902 - Zovix - INFO - Database initialized successfully
2026-07-12 22:09:08,828 - Zovix - INFO - Redis connected for rate limiting
2026-07-12 22:09:08,829 - Zovix - INFO - Load balancer initialized with 4 workers
2026-07-12 22:09:10,862 - Zovix - INFO - Redis cache connected
2026-07-12 22:09:10,866 - Zovix - INFO - Database initialized successfully
2026-07-12 22:09:15,223 - Zovix - INFO - Redis connected for rate limiting
2026-07-12 22:09:15,224 - Zovix - INFO - Load balancer initialized with 4 workers
2026-07-12 22:09:17,254 - Zovix - INFO - Redis cache connected
2026-07-12 22:09:17,262 - Zovix - INFO - Database initialized successfully
2026-07-12 22:09:28,205 - Zovix - INFO - Redis connected for rate limiting
2026-07-12 22:09:28,206 - Zovix - INFO - Load balancer initialized with 4 workers
2026-07-12 22:09:29,345 - Zovix - INFO - Redis connected for rate limiting
2026-07-12 22:09:29,346 - Zovix - INFO - Load balancer initialized with 4 workers
2026-07-12 22:09:30,230 - Zovix - INFO - Redis cache connected
2026-07-12 22:09:30,689 - Zovix - INFO - Redis connected for rate limiting
2026-07-12 22:09:30,690 - Zovix - INFO - Load balancer initialized with 4 workers
2026-07-12 22:09:31,386 - Zovix - INFO - Redis cache connected
2026-07-12 22:09:32,721 - Zovix - INFO - Redis cache connected
2026-07-12 22:09:32,730 - Zovix - INFO - Database initialized successfully
2026-07-12 22:09:43,257 - Zovix - INFO - Redis connected for rate limiting
2026-07-12 22:09:43,258 - Zovix - INFO - Load balancer initialized with 4 workers
2026-07-12 22:09:45,284 - Zovix - INFO - Redis cache connected
2026-07-12 22:09:45,288 - Zovix - INFO - Database initialized successfully
2026-07-12 22:09:47,416 - Zovix - INFO - Deducted 4 credits from zooweefun@gmail.com
2026-07-12 22:09:49,679 - Zovix - INFO - Redis connected for rate limiting
2026-07-12 22:09:49,679 - Zovix - INFO - Load balancer initialized with 4 workers
2026-07-12 22:09:51,711 - Zovix - INFO - Redis cache connected
2026-07-12 22:09:51,716 - Zovix - INFO - Database initialized successfully
2026-07-12 22:09:53,894 - Zovix - INFO - Deducted 1 credits from zooweefun@gmail.com
2026-07-12 22:13:01,329 - Zovix - INFO - Redis connected for rate limiting
2026-07-12 22:13:01,329 - Zovix - INFO - Load balancer initialized with 4 workers
2026-07-12 22:13:03,374 - Zovix - INFO - Redis cache connected
2026-07-12 22:13:03,382 - Zovix - INFO - Database initialized successfully
2026-07-12 22:13:09,668 - Zovix - INFO - Redis connected for rate limiting
2026-07-12 22:13:09,669 - Zovix - INFO - Load balancer initialized with 4 workers
2026-07-12 22:13:11,729 - Zovix - INFO - Redis cache connected
2026-07-12 22:13:11,734 - Zovix - INFO - Database initialized successfully
2026-07-12 22:13:34,651 - Zovix - INFO - Redis connected for rate limiting
2026-07-12 22:13:34,652 - Zovix - INFO - Load balancer initialized with 4 workers
2026-07-12 22:13:34,746 - Zovix - INFO - Redis connected for rate limiting
2026-07-12 22:13:34,747 - Zovix - INFO - Load balancer initialized with 4 workers
2026-07-12 22:13:36,686 - Zovix - INFO - Redis cache connected
2026-07-12 22:13:36,957 - Zovix - INFO - Redis cache connected
2026-07-12 22:13:36,966 - Zovix - INFO - Database initialized successfully
2026-07-12 22:13:41,358 - Zovix - INFO - Redis connected for rate limiting
2026-07-12 22:13:41,359 - Zovix - INFO - Load balancer initialized with 4 workers
2026-07-12 22:13:43,394 - Zovix - INFO - Redis cache connected
2026-07-12 22:13:43,400 - Zovix - INFO - Database initialized successfully
2026-07-12 22:13:52,149 - Zovix - INFO - Redis connected for rate limiting
2026-07-12 22:13:52,151 - Zovix - INFO - Load balancer initialized with 4 workers
2026-07-12 22:13:54,187 - Zovix - INFO - Redis cache connected
2026-07-12 22:13:54,191 - Zovix - INFO - Database initialized successfully
2026-07-12 22:13:58,549 - Zovix - INFO - Redis connected for rate limiting
2026-07-12 22:13:58,550 - Zovix - INFO - Load balancer initialized with 4 workers
2026-07-12 22:14:00,580 - Zovix - INFO - Redis cache connected
2026-07-12 22:14:00,584 - Zovix - INFO - Database initialized successfully
2026-07-12 22:14:06,550 - Zovix - INFO - Redis connected for rate limiting
2026-07-12 22:14:06,551 - Zovix - INFO - Load balancer initialized with 4 workers
2026-07-12 22:14:08,585 - Zovix - INFO - Redis cache connected
2026-07-12 22:14:08,590 - Zovix - INFO - Database initialized successfully
2026-07-12 22:14:12,975 - Zovix - INFO - Redis connected for rate limiting
2026-07-12 22:14:12,976 - Zovix - INFO - Load balancer initialized with 4 workers
2026-07-12 22:14:15,003 - Zovix - INFO - Redis cache connected
2026-07-12 22:14:15,008 - Zovix - INFO - Database initialized successfully
2026-07-12 22:14:25,905 - Zovix - INFO - Redis connected for rate limiting
2026-07-12 22:14:25,906 - Zovix - INFO - Load balancer initialized with 4 workers
2026-07-12 22:14:27,938 - Zovix - INFO - Redis cache connected
2026-07-12 22:14:27,943 - Zovix - INFO - Database initialized successfully
2026-07-12 22:14:32,592 - Zovix - INFO - Redis connected for rate limiting
2026-07-12 22:14:32,593 - Zovix - INFO - Load balancer initialized with 4 workers
2026-07-12 22:14:34,620 - Zovix - INFO - Redis cache connected
2026-07-12 22:14:34,626 - Zovix - INFO - Database initialized successfully
2026-07-12 22:14:40,888 - Zovix - INFO - Redis connected for rate limiting
2026-07-12 22:14:40,890 - Zovix - INFO - Load balancer initialized with 4 workers
2026-07-12 22:14:42,927 - Zovix - INFO - Redis cache connected
2026-07-12 22:14:42,933 - Zovix - INFO - Database initialized successfully
2026-07-12 22:14:45,043 - Zovix - INFO - Deducted 4 credits from zooweefun@gmail.com
2026-07-12 22:14:47,369 - Zovix - INFO - Redis connected for rate limiting
2026-07-12 22:14:47,371 - Zovix - INFO - Load balancer initialized with 4 workers
2026-07-12 22:14:49,396 - Zovix - INFO - Redis cache connected
2026-07-12 22:14:49,403 - Zovix - INFO - Database initialized successfully
2026-07-12 22:14:51,568 - Zovix - INFO - Deducted 1 credits from zooweefun@gmail.com
2026-07-12 22:21:32,408 - Zovix - INFO - Redis connected for rate limiting
2026-07-12 22:21:32,409 - Zovix - INFO - Load balancer initialized with 4 workers
2026-07-12 22:21:34,434 - Zovix - INFO - Redis cache connected
2026-07-12 22:21:34,439 - Zovix - INFO - Database initialized successfully
2026-07-12 22:21:38,782 - Zovix - INFO - Redis connected for rate limiting
2026-07-12 22:21:38,782 - Zovix - INFO - Load balancer initialized with 4 workers
2026-07-12 22:21:40,819 - Zovix - INFO - Redis cache connected
2026-07-12 22:21:40,825 - Zovix - INFO - Database initialized successfully
2026-07-12 22:51:29,947 - Zovix - INFO - Redis connected for rate limiting
2026-07-12 22:51:29,948 - Zovix - INFO - Load balancer initialized with 4 workers
2026-07-12 22:51:31,975 - Zovix - INFO - Redis cache connected
2026-07-12 22:51:31,980 - Zovix - INFO - Database initialized successfully
2026-07-12 22:51:36,312 - Zovix - INFO - Redis connected for rate limiting
2026-07-12 22:51:36,312 - Zovix - INFO - Load balancer initialized with 4 workers
2026-07-12 22:51:38,341 - Zovix - INFO - Redis cache connected
2026-07-12 22:51:38,346 - Zovix - INFO - Database initialized successfully
2026-07-12 22:52:17,511 - Zovix - INFO - Redis connected for rate limiting
2026-07-12 22:52:17,516 - Zovix - INFO - Load balancer initialized with 4 workers
2026-07-12 22:52:19,560 - Zovix - INFO - Redis cache connected
2026-07-12 22:52:19,565 - Zovix - INFO - Database initialized successfully
2026-07-12 22:52:23,890 - Zovix - INFO - Redis connected for rate limiting
2026-07-12 22:52:23,891 - Zovix - INFO - Load balancer initialized with 4 workers
2026-07-12 22:52:25,919 - Zovix - INFO - Redis cache connected
2026-07-12 22:52:25,923 - Zovix - INFO - Database initialized successfully
2026-07-12 22:52:57,090 - Zovix - INFO - Redis connected for rate limiting
2026-07-12 22:52:57,095 - Zovix - INFO - Load balancer initialized with 4 workers
2026-07-12 22:52:59,138 - Zovix - INFO - Redis cache connected
2026-07-12 22:52:59,145 - Zovix - INFO - Database initialized successfully
2026-07-12 22:53:02,186 - Zovix - INFO - Redis connected for rate limiting
2026-07-12 22:53:02,188 - Zovix - INFO - Load balancer initialized with 4 workers
2026-07-12 22:53:04,205 - Zovix - INFO - Redis cache connected
2026-07-12 22:53:05,608 - Zovix - INFO - Redis connected for rate limiting
2026-07-12 22:53:05,610 - Zovix - INFO - Load balancer initialized with 4 workers
2026-07-12 22:53:07,640 - Zovix - INFO - Redis cache connected
2026-07-12 22:53:07,645 - Zovix - INFO - Database initialized successfully
2026-07-12 22:53:56,183 - Zovix - INFO - Redis connected for rate limiting
2026-07-12 22:53:56,184 - Zovix - INFO - Load balancer initialized with 4 workers
2026-07-12 22:53:56,261 - Zovix - INFO - Redis connected for rate limiting
2026-07-12 22:53:56,262 - Zovix - INFO - Load balancer initialized with 4 workers
2026-07-12 22:53:58,240 - Zovix - INFO - Redis cache connected
2026-07-12 22:53:58,497 - Zovix - INFO - Redis cache connected
2026-07-12 22:53:58,506 - Zovix - INFO - Database initialized successfully
2026-07-12 22:54:02,908 - Zovix - INFO - Redis connected for rate limiting
2026-07-12 22:54:02,910 - Zovix - INFO - Load balancer initialized with 4 workers
2026-07-12 22:54:04,954 - Zovix - INFO - Redis cache connected
2026-07-12 22:54:05,192 - Zovix - INFO - Redis connected for rate limiting
2026-07-12 22:54:05,193 - Zovix - INFO - Load balancer initialized with 4 workers
2026-07-12 22:54:07,219 - Zovix - INFO - Redis cache connected
2026-07-12 22:54:08,077 - Zovix - INFO - Redis connected for rate limiting
2026-07-12 22:54:08,078 - Zovix - INFO - Load balancer initialized with 4 workers
2026-07-12 22:54:10,128 - Zovix - INFO - Redis cache connected
2026-07-12 22:54:10,135 - Zovix - INFO - Database initialized successfully
2026-07-12 22:54:16,274 - Zovix - INFO - Redis connected for rate limiting
2026-07-12 22:54:16,276 - Zovix - INFO - Load balancer initialized with 4 workers
2026-07-12 22:54:18,322 - Zovix - INFO - Redis cache connected
2026-07-12 22:54:18,326 - Zovix - INFO - Database initialized successfully
2026-07-12 22:54:21,035 - Zovix - INFO - Redis connected for rate limiting
2026-07-12 22:54:21,035 - Zovix - INFO - Load balancer initialized with 4 workers
2026-07-12 22:54:23,070 - Zovix - INFO - Redis cache connected
2026-07-12 22:54:23,080 - Zovix - INFO - Database initialized successfully
2026-07-12 22:54:25,809 - Zovix - INFO - Redis connected for rate limiting
2026-07-12 22:54:25,813 - Zovix - INFO - Load balancer initialized with 4 workers
2026-07-12 22:54:27,867 - Zovix - INFO - Redis cache connected
2026-07-12 22:54:29,280 - Zovix - INFO - Redis connected for rate limiting
2026-07-12 22:54:29,283 - Zovix - INFO - Load balancer initialized with 4 workers
2026-07-12 22:54:31,321 - Zovix - INFO - Redis cache connected
2026-07-12 22:54:33,615 - Zovix - INFO - Redis connected for rate limiting
2026-07-12 22:54:33,616 - Zovix - INFO - Load balancer initialized with 4 workers
2026-07-12 22:54:35,649 - Zovix - INFO - Redis cache connected
2026-07-12 22:54:35,654 - Zovix - INFO - Database initialized successfully
2026-07-12 22:54:45,391 - Zovix - INFO - Redis connected for rate limiting
2026-07-12 22:54:45,392 - Zovix - INFO - Load balancer initialized with 4 workers
2026-07-12 22:54:47,424 - Zovix - INFO - Redis cache connected
2026-07-12 22:54:47,432 - Zovix - INFO - Database initialized successfully
2026-07-12 22:54:52,531 - Zovix - INFO - Redis connected for rate limiting
2026-07-12 22:54:52,532 - Zovix - INFO - Load balancer initialized with 4 workers
2026-07-12 22:54:54,572 - Zovix - INFO - Redis cache connected
2026-07-12 22:54:54,578 - Zovix - INFO - Database initialized successfully
2026-07-12 22:54:56,714 - Zovix - INFO - Deducted 4 credits from zooweefun@gmail.com
2026-07-12 22:54:59,041 - Zovix - INFO - Redis connected for rate limiting
2026-07-12 22:54:59,043 - Zovix - INFO - Load balancer initialized with 4 workers
2026-07-12 22:55:01,071 - Zovix - INFO - Redis cache connected
2026-07-12 22:55:01,077 - Zovix - INFO - Database initialized successfully
2026-07-12 22:55:03,232 - Zovix - INFO - Deducted 1 credits from zooweefun@gmail.com
2026-07-12 22:55:03,425 - google_genai.models - INFO - AFC is enabled with max remote calls: 10.
2026-07-12 22:55:04,123 - httpx - INFO - HTTP Request: POST https://generativelanguage.googleapis.com/v1beta/models/gemini-2.5-pro:generateContent "HTTP/1.1 429 Too Many Requests"
2026-07-12 22:55:04,127 - Zovix - ERROR - Script generation error: 429 RESOURCE_EXHAUSTED. {'error': {'code': 429, 'message': 'You exceeded your current quota, please check your plan and billing details. For more information on this error, head to: https://ai.google.dev/gemini-api/docs/rate-limits. To monitor your current usage, head to: https://ai.dev/rate-limit. \n* Quota exceeded for metric: generativelanguage.googleapis.com/generate_content_free_tier_input_token_count, limit: 0, model: gemini-2.5-pro\n* Quota exceeded for metric: generativelanguage.googleapis.com/generate_content_free_tier_requests, limit: 0, model: gemini-2.5-pro\n* Quota exceeded for metric: generativelanguage.googleapis.com/generate_content_free_tier_requests, limit: 0, model: gemini-2.5-pro\n* Quota exceeded for metric: generativelanguage.googleapis.com/generate_content_free_tier_input_token_count, limit: 0, model: gemini-2.5-pro\nPlease retry in 55.784597297s.', 'status': 'RESOURCE_EXHAUSTED', 'details': [{'@type': 'type.googleapis.com/google.rpc.Help', 'links': [{'description': 'Learn more about Gemini API quotas', 'url': 'https://ai.google.dev/gemini-api/docs/rate-limits'}]}, {'@type': 'type.googleapis.com/google.rpc.QuotaFailure', 'violations': [{'quotaMetric': 'generativelanguage.googleapis.com/generate_content_free_tier_input_token_count', 'quotaId': 'GenerateContentInputTokensPerModelPerMinute-FreeTier', 'quotaDimensions': {'location': 'global', 'model': 'gemini-2.5-pro'}}, {'quotaMetric': 'generativelanguage.googleapis.com/generate_content_free_tier_requests', 'quotaId': 'GenerateRequestsPerMinutePerProjectPerModel-FreeTier', 'quotaDimensions': {'location': 'global', 'model': 'gemini-2.5-pro'}}, {'quotaMetric': 'generativelanguage.googleapis.com/generate_content_free_tier_requests', 'quotaId': 'GenerateRequestsPerDayPerProjectPerModel-FreeTier', 'quotaDimensions': {'location': 'global', 'model': 'gemini-2.5-pro'}}, {'quotaMetric': 'generativelanguage.googleapis.com/generate_content_free_tier_input_token_count', 'quotaId': 'GenerateContentInputTokensPerModelPerDay-FreeTier', 'quotaDimensions': {'location': 'global', 'model': 'gemini-2.5-pro'}}]}, {'@type': 'type.googleapis.com/google.rpc.RetryInfo', 'retryDelay': '55s'}]}}
2026-07-12 23:01:12,570 - Zovix - INFO - Redis connected for rate limiting
2026-07-12 23:01:12,571 - Zovix - INFO - Load balancer initialized with 4 workers
2026-07-12 23:01:14,612 - Zovix - INFO - Redis cache connected
2026-07-12 23:01:14,620 - Zovix - INFO - Database initialized successfully
2026-07-12 23:01:40,257 - Zovix - INFO - Redis connected for rate limiting
2026-07-12 23:01:40,258 - Zovix - INFO - Load balancer initialized with 4 workers
2026-07-12 23:01:42,287 - Zovix - INFO - Redis cache connected
2026-07-12 23:01:42,299 - Zovix - INFO - Database initialized successfully
2026-07-12 23:01:46,779 - Zovix - INFO - Redis connected for rate limiting
2026-07-12 23:01:46,781 - Zovix - INFO - Load balancer initialized with 4 workers
2026-07-12 23:01:48,816 - Zovix - INFO - Redis cache connected
2026-07-12 23:01:48,820 - Zovix - INFO - Database initialized successfully
2026-07-12 23:02:00,882 - Zovix - WARNING - Failed login attempt for user: rajmehta886297@gmail.com
2026-07-12 23:02:07,990 - Zovix - WARNING - Failed login attempt for user: rajmehta886297@gmail.com
2026-07-12 23:02:16,961 - Zovix - INFO - Redis connected for rate limiting
2026-07-12 23:02:16,962 - Zovix - INFO - Load balancer initialized with 4 workers
2026-07-12 23:02:18,990 - Zovix - INFO - Redis cache connected
2026-07-12 23:02:18,996 - Zovix - INFO - Database initialized successfully
2026-07-12 23:02:34,870 - Zovix - INFO - Redis connected for rate limiting
2026-07-12 23:02:34,871 - Zovix - INFO - Load balancer initialized with 4 workers
2026-07-12 23:02:34,916 - Zovix - INFO - Redis connected for rate limiting
2026-07-12 23:02:34,921 - Zovix - INFO - Load balancer initialized with 4 workers
2026-07-12 23:02:36,907 - Zovix - INFO - Redis cache connected
2026-07-12 23:02:37,202 - Zovix - INFO - Redis cache connected
2026-07-12 23:02:39,576 - Zovix - INFO - Redis connected for rate limiting
2026-07-12 23:02:39,577 - Zovix - INFO - Load balancer initialized with 4 workers
2026-07-12 23:02:41,603 - Zovix - INFO - Redis cache connected
2026-07-12 23:02:41,610 - Zovix - INFO - Database initialized successfully
2026-07-12 23:02:44,703 - Zovix - INFO - Redis connected for rate limiting
2026-07-12 23:02:44,705 - Zovix - INFO - Load balancer initialized with 4 workers
2026-07-12 23:02:46,733 - Zovix - INFO - Redis cache connected
2026-07-12 23:02:46,738 - Zovix - INFO - Database initialized successfully
2026-07-12 23:02:51,128 - Zovix - INFO - Redis connected for rate limiting
2026-07-12 23:02:51,128 - Zovix - INFO - Load balancer initialized with 4 workers
2026-07-12 23:02:53,148 - Zovix - INFO - Redis cache connected
2026-07-12 23:02:53,150 - Zovix - INFO - Database initialized successfully
2026-07-13 16:43:02,422 - Zovix - INFO - Redis connected for rate limiting
2026-07-13 16:43:02,458 - Zovix - INFO - Load balancer initialized with 4 workers
2026-07-13 16:43:04,485 - Zovix - INFO - Redis cache connected
2026-07-13 16:43:04,508 - Zovix - INFO - Database initialized successfully
2026-07-13 16:43:12,382 - Zovix - INFO - Redis connected for rate limiting
2026-07-13 16:43:12,385 - Zovix - INFO - Load balancer initialized with 4 workers
2026-07-13 16:43:14,424 - Zovix - INFO - Redis cache connected
2026-07-13 16:43:14,431 - Zovix - INFO - Database initialized successfully
2026-07-13 16:43:26,364 - Zovix - INFO - Redis connected for rate limiting
2026-07-13 16:43:26,366 - Zovix - INFO - Load balancer initialized with 4 workers
2026-07-13 16:43:28,397 - Zovix - INFO - Redis cache connected
2026-07-13 16:43:28,403 - Zovix - INFO - Database initialized successfully
2026-07-13 16:45:59,890 - Zovix - INFO - Redis connected for rate limiting
2026-07-13 16:45:59,892 - Zovix - INFO - Load balancer initialized with 4 workers
2026-07-13 16:46:01,936 - Zovix - INFO - Redis cache connected
2026-07-13 16:46:01,942 - Zovix - INFO - Database initialized successfully
2026-07-13 16:46:09,763 - Zovix - INFO - Redis connected for rate limiting
2026-07-13 16:46:09,764 - Zovix - INFO - Load balancer initialized with 4 workers
2026-07-13 16:46:11,795 - Zovix - INFO - Redis cache connected
2026-07-13 16:46:11,806 - Zovix - INFO - Database initialized successfully
2026-07-13 16:50:56,657 - Zovix - INFO - Redis connected for rate limiting
2026-07-13 16:50:56,659 - Zovix - INFO - Load balancer initialized with 4 workers
2026-07-13 16:50:58,692 - Zovix - INFO - Redis cache connected
2026-07-13 16:50:58,714 - Zovix - INFO - Database initialized successfully
2026-07-13 16:51:03,168 - Zovix - INFO - Redis connected for rate limiting
2026-07-13 16:51:03,170 - Zovix - INFO - Load balancer initialized with 4 workers
2026-07-13 16:51:05,218 - Zovix - INFO - Redis cache connected
2026-07-13 16:51:05,227 - Zovix - INFO - Database initialized successfully
2026-07-13 16:51:24,917 - Zovix - INFO - Redis connected for rate limiting
2026-07-13 16:51:24,919 - Zovix - INFO - Load balancer initialized with 4 workers
2026-07-13 16:51:26,950 - Zovix - INFO - Redis cache connected
2026-07-13 16:51:26,957 - Zovix - INFO - Database initialized successfully
2026-07-13 16:51:33,173 - Zovix - INFO - Redis connected for rate limiting
2026-07-13 16:51:33,175 - Zovix - INFO - Load balancer initialized with 4 workers
2026-07-13 16:51:35,203 - Zovix - INFO - Redis cache connected
2026-07-13 16:51:35,212 - Zovix - INFO - Database initialized successfully
2026-07-13 16:51:39,579 - Zovix - INFO - Redis connected for rate limiting
2026-07-13 16:51:39,581 - Zovix - INFO - Load balancer initialized with 4 workers
2026-07-13 16:51:41,610 - Zovix - INFO - Redis cache connected
2026-07-13 16:51:41,617 - Zovix - INFO - Database initialized successfully
2026-07-13 17:41:15,478 - Zovix - INFO - Redis connected for rate limiting
2026-07-13 17:41:15,536 - Zovix - INFO - Load balancer initialized with 4 workers
2026-07-13 17:41:17,559 - Zovix - INFO - Redis cache connected
2026-07-13 17:41:17,609 - Zovix - INFO - Database initialized successfully
2026-07-13 17:41:24,960 - Zovix - INFO - Redis connected for rate limiting
2026-07-13 17:41:24,962 - Zovix - INFO - Load balancer initialized with 4 workers
2026-07-13 17:41:27,004 - Zovix - INFO - Redis cache connected
2026-07-13 17:41:27,011 - Zovix - INFO - Database initialized successfully
2026-07-13 17:41:37,763 - Zovix - INFO - Redis connected for rate limiting
2026-07-13 17:41:37,767 - Zovix - INFO - Load balancer initialized with 4 workers
2026-07-13 17:41:39,796 - Zovix - INFO - Redis cache connected
2026-07-13 17:41:39,804 - Zovix - INFO - Database initialized successfully
2026-07-13 17:43:12,896 - Zovix - INFO - Redis connected for rate limiting
2026-07-13 17:43:12,899 - Zovix - INFO - Load balancer initialized with 4 workers
2026-07-13 17:43:14,926 - Zovix - INFO - Redis cache connected
2026-07-13 17:43:14,933 - Zovix - INFO - Database initialized successfully
2026-07-13 17:43:19,382 - Zovix - INFO - Redis connected for rate limiting
2026-07-13 17:43:19,385 - Zovix - INFO - Load balancer initialized with 4 workers
2026-07-13 17:43:21,423 - Zovix - INFO - Redis cache connected
2026-07-13 17:43:21,426 - Zovix - INFO - Database initialized successfully
2026-07-13 17:44:07,436 - Zovix - INFO - Redis connected for rate limiting
2026-07-13 17:44:07,439 - Zovix - INFO - Load balancer initialized with 4 workers
2026-07-13 17:44:09,480 - Zovix - INFO - Redis cache connected
2026-07-13 17:44:09,488 - Zovix - INFO - Database initialized successfully
2026-07-13 17:44:40,596 - Zovix - INFO - Redis connected for rate limiting
2026-07-13 17:44:40,597 - Zovix - INFO - Load balancer initialized with 4 workers
2026-07-13 17:44:42,632 - Zovix - INFO - Redis cache connected
2026-07-13 17:44:42,640 - Zovix - INFO - Database initialized successfully
2026-07-13 17:44:46,990 - Zovix - INFO - Redis connected for rate limiting
2026-07-13 17:44:46,993 - Zovix - INFO - Load balancer initialized with 4 workers
2026-07-13 17:44:49,025 - Zovix - INFO - Redis cache connected
2026-07-13 17:44:49,050 - Zovix - INFO - Database initialized successfully
2026-07-13 17:50:11,095 - Zovix - INFO - Redis connected for rate limiting
2026-07-13 17:50:11,098 - Zovix - INFO - Load balancer initialized with 4 workers
2026-07-13 17:50:13,139 - Zovix - INFO - Redis cache connected
2026-07-13 17:50:13,147 - Zovix - INFO - Database initialized successfully
2026-07-13 17:50:17,514 - Zovix - INFO - Redis connected for rate limiting
2026-07-13 17:50:17,516 - Zovix - INFO - Load balancer initialized with 4 workers
2026-07-13 17:50:19,549 - Zovix - INFO - Redis cache connected
2026-07-13 17:50:19,557 - Zovix - INFO - Database initialized successfully
2026-07-13 17:50:54,011 - Zovix - INFO - Redis connected for rate limiting
2026-07-13 17:50:54,012 - Zovix - INFO - Load balancer initialized with 4 workers
2026-07-13 17:50:56,045 - Zovix - INFO - Redis cache connected
2026-07-13 17:50:56,053 - Zovix - INFO - Database initialized successfully
2026-07-13 17:51:00,391 - Zovix - INFO - Redis connected for rate limiting
2026-07-13 17:51:00,392 - Zovix - INFO - Load balancer initialized with 4 workers
2026-07-13 17:51:02,424 - Zovix - INFO - Redis cache connected
2026-07-13 17:51:02,431 - Zovix - INFO - Database initialized successfully
2026-07-13 17:56:27,397 - Zovix - INFO - Redis connected for rate limiting
2026-07-13 17:56:27,399 - Zovix - INFO - Load balancer initialized with 4 workers
2026-07-13 17:56:29,441 - Zovix - INFO - Redis cache connected
2026-07-13 17:56:29,447 - Zovix - INFO - Database initialized successfully
2026-07-13 17:57:03,247 - Zovix - INFO - Redis connected for rate limiting
2026-07-13 17:57:03,247 - Zovix - INFO - Load balancer initialized with 4 workers
2026-07-13 17:57:05,268 - Zovix - INFO - Redis cache connected
2026-07-13 17:57:05,275 - Zovix - INFO - Database initialized successfully
2026-07-13 17:57:09,623 - Zovix - INFO - Redis connected for rate limiting
2026-07-13 17:57:09,625 - Zovix - INFO - Load balancer initialized with 4 workers
2026-07-13 17:57:09,947 - Zovix - INFO - Redis connected for rate limiting
2026-07-13 17:57:09,948 - Zovix - INFO - Load balancer initialized with 4 workers
2026-07-13 17:57:11,662 - Zovix - INFO - Redis cache connected
2026-07-13 17:57:11,990 - Zovix - INFO - Redis cache connected
2026-07-13 17:57:11,995 - Zovix - INFO - Database initialized successfully
2026-07-13 17:57:16,329 - Zovix - INFO - Redis connected for rate limiting
2026-07-13 17:57:16,331 - Zovix - INFO - Load balancer initialized with 4 workers
2026-07-13 17:57:18,388 - Zovix - INFO - Redis cache connected
2026-07-13 17:57:18,395 - Zovix - INFO - Database initialized successfully
2026-07-13 18:00:14,532 - Zovix - INFO - Redis connected for rate limiting
2026-07-13 18:00:14,534 - Zovix - INFO - Load balancer initialized with 4 workers
2026-07-13 18:00:16,567 - Zovix - INFO - Redis cache connected
2026-07-13 18:00:16,573 - Zovix - INFO - Database initialized successfully
2026-07-13 18:02:59,348 - Zovix - INFO - Redis connected for rate limiting
2026-07-13 18:02:59,350 - Zovix - INFO - Load balancer initialized with 4 workers
2026-07-13 18:03:01,390 - Zovix - INFO - Redis cache connected
2026-07-13 18:03:01,398 - Zovix - INFO - Database initialized successfully
2026-07-13 18:03:05,792 - Zovix - INFO - Redis connected for rate limiting
2026-07-13 18:03:05,794 - Zovix - INFO - Load balancer initialized with 4 workers
2026-07-13 18:03:07,835 - Zovix - INFO - Redis cache connected
2026-07-13 18:03:07,843 - Zovix - INFO - Database initialized successfully
2026-07-13 19:09:09,998 - Zovix - INFO - Redis connected for rate limiting
2026-07-13 19:09:10,024 - Zovix - INFO - Load balancer initialized with 4 workers
2026-07-13 19:09:12,079 - Zovix - INFO - Redis cache connected
2026-07-13 19:09:12,113 - Zovix - INFO - Database initialized successfully
2026-07-13 19:09:18,205 - Zovix - INFO - Redis connected for rate limiting
2026-07-13 19:09:18,208 - Zovix - INFO - Load balancer initialized with 4 workers
2026-07-13 19:09:20,240 - Zovix - INFO - Redis cache connected
2026-07-13 19:09:20,247 - Zovix - INFO - Database initialized successfully
2026-07-13 19:09:26,844 - Zovix - WARNING - Failed login attempt for user: rajmehta886297@gmail.com
2026-07-13 19:09:36,223 - Zovix - INFO - Redis connected for rate limiting
2026-07-13 19:09:36,226 - Zovix - INFO - Load balancer initialized with 4 workers
2026-07-13 19:09:38,279 - Zovix - INFO - Redis cache connected
2026-07-13 19:09:38,288 - Zovix - INFO - Database initialized successfully
2026-07-13 19:11:06,497 - Zovix - INFO - Redis connected for rate limiting
2026-07-13 19:11:06,499 - Zovix - INFO - Load balancer initialized with 4 workers
2026-07-13 19:11:08,556 - Zovix - INFO - Redis cache connected
2026-07-13 19:11:08,562 - Zovix - INFO - Database initialized successfully
2026-07-13 19:11:12,937 - Zovix - INFO - Redis connected for rate limiting
2026-07-13 19:11:12,938 - Zovix - INFO - Load balancer initialized with 4 workers
2026-07-13 19:11:14,986 - Zovix - INFO - Redis cache connected
2026-07-13 19:11:14,990 - Zovix - INFO - Database initialized successfully
2026-07-13 19:12:04,908 - Zovix - INFO - Redis connected for rate limiting
2026-07-13 19:12:04,910 - Zovix - INFO - Load balancer initialized with 4 workers
2026-07-13 19:12:06,947 - Zovix - INFO - Redis cache connected
2026-07-13 19:12:06,961 - Zovix - INFO - Database initialized successfully
2026-07-13 19:27:09,006 - Zovix - INFO - Redis connected for rate limiting
2026-07-13 19:27:09,007 - Zovix - INFO - Load balancer initialized with 4 workers
2026-07-13 19:27:11,046 - Zovix - INFO - Redis cache connected
2026-07-13 19:27:11,066 - Zovix - INFO - Database initialized successfully
2026-07-13 19:27:16,242 - Zovix - INFO - Redis connected for rate limiting
2026-07-13 19:27:16,244 - Zovix - INFO - Load balancer initialized with 4 workers
2026-07-13 19:27:18,281 - Zovix - INFO - Redis cache connected
2026-07-13 19:27:18,290 - Zovix - INFO - Database initialized successfully
2026-07-13 19:27:27,617 - Zovix - INFO - Redis connected for rate limiting
2026-07-13 19:27:27,620 - Zovix - INFO - Load balancer initialized with 4 workers
2026-07-13 19:27:29,642 - Zovix - INFO - Redis cache connected
2026-07-13 19:27:29,649 - Zovix - INFO - Database initialized successfully
2026-07-13 19:30:54,141 - Zovix - INFO - Redis connected for rate limiting
2026-07-13 19:30:54,143 - Zovix - INFO - Load balancer initialized with 4 workers
2026-07-13 19:30:56,180 - Zovix - INFO - Redis cache connected
2026-07-13 19:30:56,192 - Zovix - INFO - Database initialized successfully
2026-07-13 19:31:25,879 - Zovix - INFO - Redis connected for rate limiting
2026-07-13 19:31:25,882 - Zovix - INFO - Load balancer initialized with 4 workers
2026-07-13 19:31:27,935 - Zovix - INFO - Redis cache connected
2026-07-13 19:31:27,948 - Zovix - INFO - Database initialized successfully
2026-07-13 19:31:32,343 - Zovix - INFO - Redis connected for rate limiting
2026-07-13 19:31:32,347 - Zovix - INFO - Load balancer initialized with 4 workers
2026-07-13 19:31:34,399 - Zovix - INFO - Redis cache connected
2026-07-13 19:31:34,404 - Zovix - INFO - Database initialized successfully
2026-07-13 20:08:49,099 - Zovix - INFO - Redis connected for rate limiting
2026-07-13 20:08:49,144 - Zovix - INFO - Load balancer initialized with 4 workers
2026-07-13 20:08:51,189 - Zovix - INFO - Redis cache connected
2026-07-13 20:08:51,227 - Zovix - INFO - Database initialized successfully
2026-07-13 20:14:22,900 - Zovix - INFO - Redis connected for rate limiting
2026-07-13 20:14:22,902 - Zovix - INFO - Load balancer initialized with 4 workers
2026-07-13 20:14:24,942 - Zovix - INFO - Redis cache connected
2026-07-13 20:14:24,946 - Zovix - INFO - Database initialized successfully
2026-07-13 20:14:34,179 - Zovix - INFO - Redis connected for rate limiting
2026-07-13 20:14:34,180 - Zovix - INFO - Load balancer initialized with 4 workers
2026-07-13 20:14:36,218 - Zovix - INFO - Redis cache connected
2026-07-13 20:14:36,222 - Zovix - INFO - Database initialized successfully
2026-07-13 20:14:51,341 - Zovix - INFO - Redis connected for rate limiting
2026-07-13 20:14:51,343 - Zovix - INFO - Load balancer initialized with 4 workers
2026-07-13 20:14:53,377 - Zovix - INFO - Redis cache connected
2026-07-13 20:14:53,383 - Zovix - INFO - Database initialized successfully
2026-07-13 20:14:57,684 - Zovix - INFO - Redis connected for rate limiting
2026-07-13 20:14:57,685 - Zovix - INFO - Load balancer initialized with 4 workers
2026-07-13 20:14:59,701 - Zovix - INFO - Redis cache connected
2026-07-13 20:14:59,710 - Zovix - INFO - Database initialized successfully
2026-07-13 20:15:10,045 - Zovix - INFO - Redis connected for rate limiting
2026-07-13 20:15:10,046 - Zovix - INFO - Load balancer initialized with 4 workers
2026-07-13 20:15:12,091 - Zovix - INFO - Redis cache connected
2026-07-13 20:15:12,097 - Zovix - INFO - Database initialized successfully
2026-07-13 20:15:19,155 - Zovix - INFO - Redis connected for rate limiting
2026-07-13 20:15:19,157 - Zovix - INFO - Load balancer initialized with 4 workers
2026-07-13 20:15:21,204 - Zovix - INFO - Redis cache connected
2026-07-13 20:15:21,212 - Zovix - INFO - Database initialized successfully
2026-07-13 20:16:04,715 - Zovix - INFO - Redis connected for rate limiting
2026-07-13 20:16:04,716 - Zovix - INFO - Load balancer initialized with 4 workers
2026-07-13 20:16:06,746 - Zovix - INFO - Redis cache connected
2026-07-13 20:16:06,750 - Zovix - INFO - Database initialized successfully
2026-07-13 20:16:11,075 - Zovix - INFO - Redis connected for rate limiting
2026-07-13 20:16:11,078 - Zovix - INFO - Load balancer initialized with 4 workers
2026-07-13 20:16:13,133 - Zovix - INFO - Redis cache connected
2026-07-13 20:16:13,138 - Zovix - INFO - Database initialized successfully
2026-07-13 20:18:35,341 - Zovix - INFO - Redis connected for rate limiting
2026-07-13 20:18:35,343 - Zovix - INFO - Load balancer initialized with 4 workers
2026-07-13 20:18:37,378 - Zovix - INFO - Redis cache connected
2026-07-13 20:18:37,387 - Zovix - INFO - Database initialized successfully
2026-07-13 20:18:41,747 - Zovix - INFO - Redis connected for rate limiting
2026-07-13 20:18:41,748 - Zovix - INFO - Load balancer initialized with 4 workers
2026-07-13 20:18:43,793 - Zovix - INFO - Redis cache connected
2026-07-13 20:18:43,800 - Zovix - INFO - Database initialized successfully
2026-07-13 20:19:50,396 - Zovix - INFO - Redis connected for rate limiting
2026-07-13 20:19:50,398 - Zovix - INFO - Load balancer initialized with 4 workers
2026-07-13 20:19:52,453 - Zovix - INFO - Redis cache connected
2026-07-13 20:19:52,464 - Zovix - INFO - Database initialized successfully
2026-07-13 20:27:49,748 - Zovix - INFO - Redis connected for rate limiting
2026-07-13 20:27:49,750 - Zovix - INFO - Load balancer initialized with 4 workers
2026-07-13 20:27:51,792 - Zovix - INFO - Redis cache connected
2026-07-13 20:27:51,804 - Zovix - INFO - Database initialized successfully
2026-07-13 20:28:11,589 - Zovix - INFO - Redis connected for rate limiting
2026-07-13 20:28:11,590 - Zovix - INFO - Load balancer initialized with 4 workers
2026-07-13 20:28:13,623 - Zovix - INFO - Redis cache connected
2026-07-13 20:28:13,628 - Zovix - INFO - Database initialized successfully
2026-07-13 20:28:38,504 - Zovix - INFO - Redis connected for rate limiting
2026-07-13 20:28:38,504 - Zovix - INFO - Load balancer initialized with 4 workers
2026-07-13 20:28:40,542 - Zovix - INFO - Redis cache connected
2026-07-13 20:28:40,548 - Zovix - INFO - Database initialized successfully
2026-07-13 20:28:50,053 - Zovix - INFO - Redis connected for rate limiting
2026-07-13 20:28:50,054 - Zovix - INFO - Load balancer initialized with 4 workers
2026-07-13 20:28:52,093 - Zovix - INFO - Redis cache connected
2026-07-13 20:28:52,103 - Zovix - INFO - Database initialized successfully
2026-07-13 20:28:56,475 - Zovix - INFO - Redis connected for rate limiting
2026-07-13 20:28:56,476 - Zovix - INFO - Load balancer initialized with 4 workers
2026-07-13 20:28:58,512 - Zovix - INFO - Redis cache connected
2026-07-13 20:28:58,517 - Zovix - INFO - Database initialized successfully
2026-07-13 20:29:19,486 - Zovix - INFO - Redis connected for rate limiting
2026-07-13 20:29:19,488 - Zovix - INFO - Load balancer initialized with 4 workers
2026-07-13 20:29:21,530 - Zovix - INFO - Redis cache connected
2026-07-13 20:29:21,535 - Zovix - INFO - Database initialized successfully
2026-07-13 20:29:59,124 - Zovix - INFO - Redis connected for rate limiting
2026-07-13 20:29:59,126 - Zovix - INFO - Load balancer initialized with 4 workers
2026-07-13 20:29:59,187 - Zovix - INFO - Redis connected for rate limiting
2026-07-13 20:29:59,188 - Zovix - INFO - Load balancer initialized with 4 workers
2026-07-13 20:30:01,170 - Zovix - INFO - Redis cache connected
2026-07-13 20:30:01,422 - Zovix - INFO - Redis cache connected
2026-07-13 20:30:01,432 - Zovix - INFO - Database initialized successfully
2026-07-13 20:30:04,917 - Zovix - INFO - Deducted 6 credits from rajmehta886297@gmail.com
2026-07-13 20:30:16,160 - httpx - INFO - HTTP Request: POST https://api.replicate.com/v1/models/prunaai/p-video-avatar/predictions "HTTP/1.1 201 Created"
2026-07-13 20:30:17,340 - httpx - INFO - HTTP Request: GET https://api.replicate.com/v1/predictions/0hcm0yhz61rmt0czbfzava1048 "HTTP/1.1 200 OK"
2026-07-13 20:30:18,833 - httpx - INFO - HTTP Request: GET https://api.replicate.com/v1/predictions/0hcm0yhz61rmt0czbfzava1048 "HTTP/1.1 200 OK"
2026-07-13 20:30:19,741 - httpx - INFO - HTTP Request: GET https://api.replicate.com/v1/predictions/0hcm0yhz61rmt0czbfzava1048 "HTTP/1.1 200 OK"
2026-07-13 20:30:20,770 - httpx - INFO - HTTP Request: GET https://api.replicate.com/v1/predictions/0hcm0yhz61rmt0czbfzava1048 "HTTP/1.1 200 OK"
2026-07-13 20:30:22,178 - httpx - INFO - HTTP Request: GET https://api.replicate.com/v1/predictions/0hcm0yhz61rmt0czbfzava1048 "HTTP/1.1 200 OK"
2026-07-13 20:30:23,154 - httpx - INFO - HTTP Request: GET https://api.replicate.com/v1/predictions/0hcm0yhz61rmt0czbfzava1048 "HTTP/1.1 200 OK"
2026-07-13 20:30:24,136 - httpx - INFO - HTTP Request: GET https://api.replicate.com/v1/predictions/0hcm0yhz61rmt0czbfzava1048 "HTTP/1.1 200 OK"
2026-07-13 20:30:25,124 - httpx - INFO - HTTP Request: GET https://api.replicate.com/v1/predictions/0hcm0yhz61rmt0czbfzava1048 "HTTP/1.1 200 OK"
2026-07-13 20:30:26,100 - httpx - INFO - HTTP Request: GET https://api.replicate.com/v1/predictions/0hcm0yhz61rmt0czbfzava1048 "HTTP/1.1 200 OK"
2026-07-13 20:30:27,026 - httpx - INFO - HTTP Request: GET https://api.replicate.com/v1/predictions/0hcm0yhz61rmt0czbfzava1048 "HTTP/1.1 200 OK"
2026-07-13 20:30:28,033 - httpx - INFO - HTTP Request: GET https://api.replicate.com/v1/predictions/0hcm0yhz61rmt0czbfzava1048 "HTTP/1.1 200 OK"
2026-07-13 20:30:29,055 - httpx - INFO - HTTP Request: GET https://api.replicate.com/v1/predictions/0hcm0yhz61rmt0czbfzava1048 "HTTP/1.1 200 OK"
2026-07-13 20:30:30,080 - httpx - INFO - HTTP Request: GET https://api.replicate.com/v1/predictions/0hcm0yhz61rmt0czbfzava1048 "HTTP/1.1 200 OK"
2026-07-13 20:30:31,018 - httpx - INFO - HTTP Request: GET https://api.replicate.com/v1/predictions/0hcm0yhz61rmt0czbfzava1048 "HTTP/1.1 200 OK"
2026-07-13 20:30:31,950 - httpx - INFO - HTTP Request: GET https://api.replicate.com/v1/predictions/0hcm0yhz61rmt0czbfzava1048 "HTTP/1.1 200 OK"
2026-07-13 20:30:33,665 - httpx - INFO - HTTP Request: GET https://api.replicate.com/v1/predictions/0hcm0yhz61rmt0czbfzava1048 "HTTP/1.1 200 OK"
2026-07-13 20:30:34,603 - httpx - INFO - HTTP Request: GET https://api.replicate.com/v1/predictions/0hcm0yhz61rmt0czbfzava1048 "HTTP/1.1 200 OK"
2026-07-13 20:30:35,607 - httpx - INFO - HTTP Request: GET https://api.replicate.com/v1/predictions/0hcm0yhz61rmt0czbfzava1048 "HTTP/1.1 200 OK"
2026-07-13 20:30:36,552 - httpx - INFO - HTTP Request: GET https://api.replicate.com/v1/predictions/0hcm0yhz61rmt0czbfzava1048 "HTTP/1.1 200 OK"
2026-07-13 20:30:37,561 - httpx - INFO - HTTP Request: GET https://api.replicate.com/v1/predictions/0hcm0yhz61rmt0czbfzava1048 "HTTP/1.1 200 OK"
2026-07-13 20:30:38,577 - httpx - INFO - HTTP Request: GET https://api.replicate.com/v1/predictions/0hcm0yhz61rmt0czbfzava1048 "HTTP/1.1 200 OK"
2026-07-13 20:30:39,502 - httpx - INFO - HTTP Request: GET https://api.replicate.com/v1/predictions/0hcm0yhz61rmt0czbfzava1048 "HTTP/1.1 200 OK"
2026-07-13 20:30:40,421 - httpx - INFO - HTTP Request: GET https://api.replicate.com/v1/predictions/0hcm0yhz61rmt0czbfzava1048 "HTTP/1.1 200 OK"
2026-07-13 20:30:41,415 - httpx - INFO - HTTP Request: GET https://api.replicate.com/v1/predictions/0hcm0yhz61rmt0czbfzava1048 "HTTP/1.1 200 OK"
2026-07-13 20:30:42,366 - httpx - INFO - HTTP Request: GET https://api.replicate.com/v1/predictions/0hcm0yhz61rmt0czbfzava1048 "HTTP/1.1 200 OK"
2026-07-13 20:30:43,903 - httpx - INFO - HTTP Request: GET https://api.replicate.com/v1/predictions/0hcm0yhz61rmt0czbfzava1048 "HTTP/1.1 200 OK"
2026-07-13 20:30:44,826 - httpx - INFO - HTTP Request: GET https://api.replicate.com/v1/predictions/0hcm0yhz61rmt0czbfzava1048 "HTTP/1.1 200 OK"
2026-07-13 20:30:45,786 - httpx - INFO - HTTP Request: GET https://api.replicate.com/v1/predictions/0hcm0yhz61rmt0czbfzava1048 "HTTP/1.1 200 OK"
2026-07-13 20:30:46,770 - httpx - INFO - HTTP Request: GET https://api.replicate.com/v1/predictions/0hcm0yhz61rmt0czbfzava1048 "HTTP/1.1 200 OK"
2026-07-13 20:30:47,803 - httpx - INFO - HTTP Request: GET https://api.replicate.com/v1/predictions/0hcm0yhz61rmt0czbfzava1048 "HTTP/1.1 200 OK"
2026-07-13 20:30:49,433 - httpx - INFO - HTTP Request: GET https://api.replicate.com/v1/predictions/0hcm0yhz61rmt0czbfzava1048 "HTTP/1.1 200 OK"
2026-07-13 20:30:50,456 - httpx - INFO - HTTP Request: GET https://api.replicate.com/v1/predictions/0hcm0yhz61rmt0czbfzava1048 "HTTP/1.1 200 OK"
2026-07-13 20:30:51,378 - httpx - INFO - HTTP Request: GET https://api.replicate.com/v1/predictions/0hcm0yhz61rmt0czbfzava1048 "HTTP/1.1 200 OK"
2026-07-13 20:30:52,323 - httpx - INFO - HTTP Request: GET https://api.replicate.com/v1/predictions/0hcm0yhz61rmt0czbfzava1048 "HTTP/1.1 200 OK"
2026-07-13 20:30:53,324 - httpx - INFO - HTTP Request: GET https://api.replicate.com/v1/predictions/0hcm0yhz61rmt0czbfzava1048 "HTTP/1.1 200 OK"
2026-07-13 20:30:54,860 - httpx - INFO - HTTP Request: GET https://api.replicate.com/v1/predictions/0hcm0yhz61rmt0czbfzava1048 "HTTP/1.1 200 OK"
2026-07-13 20:30:55,883 - httpx - INFO - HTTP Request: GET https://api.replicate.com/v1/predictions/0hcm0yhz61rmt0czbfzava1048 "HTTP/1.1 200 OK"
2026-07-13 20:30:56,907 - httpx - INFO - HTTP Request: GET https://api.replicate.com/v1/predictions/0hcm0yhz61rmt0czbfzava1048 "HTTP/1.1 200 OK"
2026-07-13 20:30:57,930 - httpx - INFO - HTTP Request: GET https://api.replicate.com/v1/predictions/0hcm0yhz61rmt0czbfzava1048 "HTTP/1.1 200 OK"
2026-07-13 20:30:58,947 - httpx - INFO - HTTP Request: GET https://api.replicate.com/v1/predictions/0hcm0yhz61rmt0czbfzava1048 "HTTP/1.1 200 OK"
2026-07-13 20:30:59,876 - httpx - INFO - HTTP Request: GET https://api.replicate.com/v1/predictions/0hcm0yhz61rmt0czbfzava1048 "HTTP/1.1 200 OK"
2026-07-13 20:31:00,800 - httpx - INFO - HTTP Request: GET https://api.replicate.com/v1/predictions/0hcm0yhz61rmt0czbfzava1048 "HTTP/1.1 200 OK"
2026-07-13 20:31:01,823 - httpx - INFO - HTTP Request: GET https://api.replicate.com/v1/predictions/0hcm0yhz61rmt0czbfzava1048 "HTTP/1.1 200 OK"
2026-07-13 20:31:02,848 - httpx - INFO - HTTP Request: GET https://api.replicate.com/v1/predictions/0hcm0yhz61rmt0czbfzava1048 "HTTP/1.1 200 OK"
2026-07-13 20:31:03,773 - httpx - INFO - HTTP Request: GET https://api.replicate.com/v1/predictions/0hcm0yhz61rmt0czbfzava1048 "HTTP/1.1 200 OK"
2026-07-13 20:31:04,695 - httpx - INFO - HTTP Request: GET https://api.replicate.com/v1/predictions/0hcm0yhz61rmt0czbfzava1048 "HTTP/1.1 200 OK"
2026-07-13 20:31:05,713 - httpx - INFO - HTTP Request: GET https://api.replicate.com/v1/predictions/0hcm0yhz61rmt0czbfzava1048 "HTTP/1.1 200 OK"
2026-07-13 20:31:06,628 - httpx - INFO - HTTP Request: GET https://api.replicate.com/v1/predictions/0hcm0yhz61rmt0czbfzava1048 "HTTP/1.1 200 OK"
2026-07-13 20:31:07,659 - httpx - INFO - HTTP Request: GET https://api.replicate.com/v1/predictions/0hcm0yhz61rmt0czbfzava1048 "HTTP/1.1 200 OK"
2026-07-13 20:31:08,595 - httpx - INFO - HTTP Request: GET https://api.replicate.com/v1/predictions/0hcm0yhz61rmt0czbfzava1048 "HTTP/1.1 200 OK"
2026-07-13 20:31:09,709 - httpx - INFO - HTTP Request: GET https://api.replicate.com/v1/predictions/0hcm0yhz61rmt0czbfzava1048 "HTTP/1.1 200 OK"
2026-07-13 20:31:10,731 - httpx - INFO - HTTP Request: GET https://api.replicate.com/v1/predictions/0hcm0yhz61rmt0czbfzava1048 "HTTP/1.1 200 OK"
2026-07-13 20:31:11,755 - httpx - INFO - HTTP Request: GET https://api.replicate.com/v1/predictions/0hcm0yhz61rmt0czbfzava1048 "HTTP/1.1 200 OK"
2026-07-13 20:31:12,781 - httpx - INFO - HTTP Request: GET https://api.replicate.com/v1/predictions/0hcm0yhz61rmt0czbfzava1048 "HTTP/1.1 200 OK"
2026-07-13 20:31:13,805 - httpx - INFO - HTTP Request: GET https://api.replicate.com/v1/predictions/0hcm0yhz61rmt0czbfzava1048 "HTTP/1.1 200 OK"
2026-07-13 20:31:14,755 - httpx - INFO - HTTP Request: GET https://api.replicate.com/v1/predictions/0hcm0yhz61rmt0czbfzava1048 "HTTP/1.1 200 OK"
2026-07-13 20:31:16,057 - httpx - INFO - HTTP Request: GET https://api.replicate.com/v1/predictions/0hcm0yhz61rmt0czbfzava1048 "HTTP/1.1 200 OK"
2026-07-13 20:31:16,978 - httpx - INFO - HTTP Request: GET https://api.replicate.com/v1/predictions/0hcm0yhz61rmt0czbfzava1048 "HTTP/1.1 200 OK"
2026-07-13 20:31:18,002 - httpx - INFO - HTTP Request: GET https://api.replicate.com/v1/predictions/0hcm0yhz61rmt0czbfzava1048 "HTTP/1.1 200 OK"
2026-07-13 20:31:18,937 - httpx - INFO - HTTP Request: GET https://api.replicate.com/v1/predictions/0hcm0yhz61rmt0czbfzava1048 "HTTP/1.1 200 OK"
2026-07-13 20:31:19,947 - httpx - INFO - HTTP Request: GET https://api.replicate.com/v1/predictions/0hcm0yhz61rmt0czbfzava1048 "HTTP/1.1 200 OK"
2026-07-13 20:31:20,869 - httpx - INFO - HTTP Request: GET https://api.replicate.com/v1/predictions/0hcm0yhz61rmt0czbfzava1048 "HTTP/1.1 200 OK"
2026-07-13 20:31:21,893 - httpx - INFO - HTTP Request: GET https://api.replicate.com/v1/predictions/0hcm0yhz61rmt0czbfzava1048 "HTTP/1.1 200 OK"
2026-07-13 20:31:22,846 - httpx - INFO - HTTP Request: GET https://api.replicate.com/v1/predictions/0hcm0yhz61rmt0czbfzava1048 "HTTP/1.1 200 OK"
2026-07-13 20:31:23,849 - httpx - INFO - HTTP Request: GET https://api.replicate.com/v1/predictions/0hcm0yhz61rmt0czbfzava1048 "HTTP/1.1 200 OK"
2026-07-13 20:31:24,785 - httpx - INFO - HTTP Request: GET https://api.replicate.com/v1/predictions/0hcm0yhz61rmt0czbfzava1048 "HTTP/1.1 200 OK"
2026-07-13 20:31:25,990 - httpx - INFO - HTTP Request: GET https://api.replicate.com/v1/predictions/0hcm0yhz61rmt0czbfzava1048 "HTTP/1.1 200 OK"
2026-07-13 20:31:27,218 - httpx - INFO - HTTP Request: GET https://api.replicate.com/v1/predictions/0hcm0yhz61rmt0czbfzava1048 "HTTP/1.1 200 OK"
2026-07-13 20:31:28,244 - httpx - INFO - HTTP Request: GET https://api.replicate.com/v1/predictions/0hcm0yhz61rmt0czbfzava1048 "HTTP/1.1 200 OK"
2026-07-13 20:31:29,178 - httpx - INFO - HTTP Request: GET https://api.replicate.com/v1/predictions/0hcm0yhz61rmt0czbfzava1048 "HTTP/1.1 200 OK"
2026-07-13 20:31:30,155 - httpx - INFO - HTTP Request: GET https://api.replicate.com/v1/predictions/0hcm0yhz61rmt0czbfzava1048 "HTTP/1.1 200 OK"
2026-07-13 20:31:31,167 - httpx - INFO - HTTP Request: GET https://api.replicate.com/v1/predictions/0hcm0yhz61rmt0czbfzava1048 "HTTP/1.1 200 OK"
2026-07-13 20:31:32,134 - httpx - INFO - HTTP Request: GET https://api.replicate.com/v1/predictions/0hcm0yhz61rmt0czbfzava1048 "HTTP/1.1 200 OK"
2026-07-13 20:31:33,063 - httpx - INFO - HTTP Request: GET https://api.replicate.com/v1/predictions/0hcm0yhz61rmt0czbfzava1048 "HTTP/1.1 200 OK"
2026-07-13 20:31:34,079 - httpx - INFO - HTTP Request: GET https://api.replicate.com/v1/predictions/0hcm0yhz61rmt0czbfzava1048 "HTTP/1.1 200 OK"
2026-07-13 20:31:35,103 - httpx - INFO - HTTP Request: GET https://api.replicate.com/v1/predictions/0hcm0yhz61rmt0czbfzava1048 "HTTP/1.1 200 OK"
2026-07-13 20:31:36,126 - httpx - INFO - HTTP Request: GET https://api.replicate.com/v1/predictions/0hcm0yhz61rmt0czbfzava1048 "HTTP/1.1 200 OK"
2026-07-13 20:31:37,150 - httpx - INFO - HTTP Request: GET https://api.replicate.com/v1/predictions/0hcm0yhz61rmt0czbfzava1048 "HTTP/1.1 200 OK"
2026-07-13 20:31:38,175 - httpx - INFO - HTTP Request: GET https://api.replicate.com/v1/predictions/0hcm0yhz61rmt0czbfzava1048 "HTTP/1.1 200 OK"
2026-07-13 20:31:39,199 - httpx - INFO - HTTP Request: GET https://api.replicate.com/v1/predictions/0hcm0yhz61rmt0czbfzava1048 "HTTP/1.1 200 OK"
2026-07-13 20:31:40,224 - httpx - INFO - HTTP Request: GET https://api.replicate.com/v1/predictions/0hcm0yhz61rmt0czbfzava1048 "HTTP/1.1 200 OK"
2026-07-13 20:31:41,247 - httpx - INFO - HTTP Request: GET https://api.replicate.com/v1/predictions/0hcm0yhz61rmt0czbfzava1048 "HTTP/1.1 200 OK"
2026-07-13 20:31:42,271 - httpx - INFO - HTTP Request: GET https://api.replicate.com/v1/predictions/0hcm0yhz61rmt0czbfzava1048 "HTTP/1.1 200 OK"
2026-07-13 20:31:43,295 - httpx - INFO - HTTP Request: GET https://api.replicate.com/v1/predictions/0hcm0yhz61rmt0czbfzava1048 "HTTP/1.1 200 OK"
2026-07-13 20:31:44,320 - httpx - INFO - HTTP Request: GET https://api.replicate.com/v1/predictions/0hcm0yhz61rmt0czbfzava1048 "HTTP/1.1 200 OK"
2026-07-13 20:31:45,344 - httpx - INFO - HTTP Request: GET https://api.replicate.com/v1/predictions/0hcm0yhz61rmt0czbfzava1048 "HTTP/1.1 200 OK"
2026-07-13 20:31:46,320 - httpx - INFO - HTTP Request: GET https://api.replicate.com/v1/predictions/0hcm0yhz61rmt0czbfzava1048 "HTTP/1.1 200 OK"
2026-07-13 20:31:47,391 - httpx - INFO - HTTP Request: GET https://api.replicate.com/v1/predictions/0hcm0yhz61rmt0czbfzava1048 "HTTP/1.1 200 OK"
2026-07-13 20:31:48,313 - httpx - INFO - HTTP Request: GET https://api.replicate.com/v1/predictions/0hcm0yhz61rmt0czbfzava1048 "HTTP/1.1 200 OK"
2026-07-13 20:31:49,337 - httpx - INFO - HTTP Request: GET https://api.replicate.com/v1/predictions/0hcm0yhz61rmt0czbfzava1048 "HTTP/1.1 200 OK"
2026-07-13 20:31:50,259 - httpx - INFO - HTTP Request: GET https://api.replicate.com/v1/predictions/0hcm0yhz61rmt0czbfzava1048 "HTTP/1.1 200 OK"
2026-07-13 20:31:51,179 - httpx - INFO - HTTP Request: GET https://api.replicate.com/v1/predictions/0hcm0yhz61rmt0czbfzava1048 "HTTP/1.1 200 OK"
2026-07-13 20:31:52,103 - httpx - INFO - HTTP Request: GET https://api.replicate.com/v1/predictions/0hcm0yhz61rmt0czbfzava1048 "HTTP/1.1 200 OK"
2026-07-13 20:31:53,059 - httpx - INFO - HTTP Request: GET https://api.replicate.com/v1/predictions/0hcm0yhz61rmt0czbfzava1048 "HTTP/1.1 200 OK"
2026-07-13 20:31:54,056 - httpx - INFO - HTTP Request: GET https://api.replicate.com/v1/predictions/0hcm0yhz61rmt0czbfzava1048 "HTTP/1.1 200 OK"
2026-07-13 20:31:55,071 - httpx - INFO - HTTP Request: GET https://api.replicate.com/v1/predictions/0hcm0yhz61rmt0czbfzava1048 "HTTP/1.1 200 OK"
2026-07-13 20:31:56,522 - httpx - INFO - HTTP Request: GET https://api.replicate.com/v1/predictions/0hcm0yhz61rmt0czbfzava1048 "HTTP/1.1 200 OK"
2026-07-13 20:31:57,432 - httpx - INFO - HTTP Request: GET https://api.replicate.com/v1/predictions/0hcm0yhz61rmt0czbfzava1048 "HTTP/1.1 200 OK"
2026-07-13 20:31:58,450 - httpx - INFO - HTTP Request: GET https://api.replicate.com/v1/predictions/0hcm0yhz61rmt0czbfzava1048 "HTTP/1.1 200 OK"
2026-07-13 20:31:59,905 - httpx - INFO - HTTP Request: GET https://api.replicate.com/v1/predictions/0hcm0yhz61rmt0czbfzava1048 "HTTP/1.1 200 OK"
2026-07-13 20:32:00,909 - httpx - INFO - HTTP Request: GET https://api.replicate.com/v1/predictions/0hcm0yhz61rmt0czbfzava1048 "HTTP/1.1 200 OK"
2026-07-13 20:32:01,850 - httpx - INFO - HTTP Request: GET https://api.replicate.com/v1/predictions/0hcm0yhz61rmt0czbfzava1048 "HTTP/1.1 200 OK"
2026-07-13 20:32:02,776 - httpx - INFO - HTTP Request: GET https://api.replicate.com/v1/predictions/0hcm0yhz61rmt0czbfzava1048 "HTTP/1.1 200 OK"
2026-07-13 20:32:03,774 - httpx - INFO - HTTP Request: GET https://api.replicate.com/v1/predictions/0hcm0yhz61rmt0czbfzava1048 "HTTP/1.1 200 OK"
2026-07-13 20:32:05,311 - httpx - INFO - HTTP Request: GET https://api.replicate.com/v1/predictions/0hcm0yhz61rmt0czbfzava1048 "HTTP/1.1 200 OK"
2026-07-13 20:32:06,233 - httpx - INFO - HTTP Request: GET https://api.replicate.com/v1/predictions/0hcm0yhz61rmt0czbfzava1048 "HTTP/1.1 200 OK"
2026-07-13 20:32:07,257 - httpx - INFO - HTTP Request: GET https://api.replicate.com/v1/predictions/0hcm0yhz61rmt0czbfzava1048 "HTTP/1.1 200 OK"
2026-07-13 20:32:08,227 - httpx - INFO - HTTP Request: GET https://api.replicate.com/v1/predictions/0hcm0yhz61rmt0czbfzava1048 "HTTP/1.1 200 OK"
2026-07-13 20:32:09,202 - httpx - INFO - HTTP Request: GET https://api.replicate.com/v1/predictions/0hcm0yhz61rmt0czbfzava1048 "HTTP/1.1 200 OK"
2026-07-13 20:32:10,135 - httpx - INFO - HTTP Request: GET https://api.replicate.com/v1/predictions/0hcm0yhz61rmt0czbfzava1048 "HTTP/1.1 200 OK"
2026-07-13 20:32:11,028 - httpx - INFO - HTTP Request: GET https://api.replicate.com/v1/predictions/0hcm0yhz61rmt0czbfzava1048 "HTTP/1.1 200 OK"
2026-07-13 20:32:12,069 - httpx - INFO - HTTP Request: GET https://api.replicate.com/v1/predictions/0hcm0yhz61rmt0czbfzava1048 "HTTP/1.1 200 OK"
2026-07-13 20:32:12,991 - httpx - INFO - HTTP Request: GET https://api.replicate.com/v1/predictions/0hcm0yhz61rmt0czbfzava1048 "HTTP/1.1 200 OK"
2026-07-13 20:32:13,979 - httpx - INFO - HTTP Request: GET https://api.replicate.com/v1/predictions/0hcm0yhz61rmt0czbfzava1048 "HTTP/1.1 200 OK"
2026-07-13 20:32:14,878 - httpx - INFO - HTTP Request: GET https://api.replicate.com/v1/predictions/0hcm0yhz61rmt0czbfzava1048 "HTTP/1.1 200 OK"
2026-07-13 20:32:16,145 - httpx - INFO - HTTP Request: GET https://api.replicate.com/v1/predictions/0hcm0yhz61rmt0czbfzava1048 "HTTP/1.1 200 OK"
2026-07-13 20:32:17,092 - httpx - INFO - HTTP Request: GET https://api.replicate.com/v1/predictions/0hcm0yhz61rmt0czbfzava1048 "HTTP/1.1 200 OK"
2026-07-13 20:32:18,009 - httpx - INFO - HTTP Request: GET https://api.replicate.com/v1/predictions/0hcm0yhz61rmt0czbfzava1048 "HTTP/1.1 200 OK"
2026-07-13 20:32:18,935 - httpx - INFO - HTTP Request: GET https://api.replicate.com/v1/predictions/0hcm0yhz61rmt0czbfzava1048 "HTTP/1.1 200 OK"
2026-07-13 20:32:19,884 - httpx - INFO - HTTP Request: GET https://api.replicate.com/v1/predictions/0hcm0yhz61rmt0czbfzava1048 "HTTP/1.1 200 OK"
2026-07-13 20:32:20,840 - httpx - INFO - HTTP Request: GET https://api.replicate.com/v1/predictions/0hcm0yhz61rmt0czbfzava1048 "HTTP/1.1 200 OK"
2026-07-13 20:32:22,018 - httpx - INFO - HTTP Request: GET https://api.replicate.com/v1/predictions/0hcm0yhz61rmt0czbfzava1048 "HTTP/1.1 200 OK"
2026-07-13 20:32:23,028 - httpx - INFO - HTTP Request: GET https://api.replicate.com/v1/predictions/0hcm0yhz61rmt0czbfzava1048 "HTTP/1.1 200 OK"
2026-07-13 20:32:23,964 - httpx - INFO - HTTP Request: GET https://api.replicate.com/v1/predictions/0hcm0yhz61rmt0czbfzava1048 "HTTP/1.1 200 OK"
2026-07-13 20:32:24,916 - httpx - INFO - HTTP Request: GET https://api.replicate.com/v1/predictions/0hcm0yhz61rmt0czbfzava1048 "HTTP/1.1 200 OK"
2026-07-13 20:32:25,895 - httpx - INFO - HTTP Request: GET https://api.replicate.com/v1/predictions/0hcm0yhz61rmt0czbfzava1048 "HTTP/1.1 200 OK"
2026-07-13 20:32:26,815 - httpx - INFO - HTTP Request: GET https://api.replicate.com/v1/predictions/0hcm0yhz61rmt0czbfzava1048 "HTTP/1.1 200 OK"
2026-07-13 20:32:27,841 - httpx - INFO - HTTP Request: GET https://api.replicate.com/v1/predictions/0hcm0yhz61rmt0czbfzava1048 "HTTP/1.1 200 OK"
2026-07-13 20:32:28,864 - httpx - INFO - HTTP Request: GET https://api.replicate.com/v1/predictions/0hcm0yhz61rmt0czbfzava1048 "HTTP/1.1 200 OK"
2026-07-13 20:32:29,888 - httpx - INFO - HTTP Request: GET https://api.replicate.com/v1/predictions/0hcm0yhz61rmt0czbfzava1048 "HTTP/1.1 200 OK"
2026-07-13 20:32:30,911 - httpx - INFO - HTTP Request: GET https://api.replicate.com/v1/predictions/0hcm0yhz61rmt0czbfzava1048 "HTTP/1.1 200 OK"
2026-07-13 20:32:31,848 - httpx - INFO - HTTP Request: GET https://api.replicate.com/v1/predictions/0hcm0yhz61rmt0czbfzava1048 "HTTP/1.1 200 OK"
2026-07-13 20:32:32,774 - httpx - INFO - HTTP Request: GET https://api.replicate.com/v1/predictions/0hcm0yhz61rmt0czbfzava1048 "HTTP/1.1 200 OK"
2026-07-13 20:32:33,778 - httpx - INFO - HTTP Request: GET https://api.replicate.com/v1/predictions/0hcm0yhz61rmt0czbfzava1048 "HTTP/1.1 200 OK"
2026-07-13 20:32:35,008 - httpx - INFO - HTTP Request: GET https://api.replicate.com/v1/predictions/0hcm0yhz61rmt0czbfzava1048 "HTTP/1.1 200 OK"
2026-07-13 20:32:36,031 - httpx - INFO - HTTP Request: GET https://api.replicate.com/v1/predictions/0hcm0yhz61rmt0czbfzava1048 "HTTP/1.1 200 OK"
2026-07-13 20:32:37,055 - httpx - INFO - HTTP Request: GET https://api.replicate.com/v1/predictions/0hcm0yhz61rmt0czbfzava1048 "HTTP/1.1 200 OK"
2026-07-13 20:32:37,998 - httpx - INFO - HTTP Request: GET https://api.replicate.com/v1/predictions/0hcm0yhz61rmt0czbfzava1048 "HTTP/1.1 200 OK"
2026-07-13 20:32:38,921 - httpx - INFO - HTTP Request: GET https://api.replicate.com/v1/predictions/0hcm0yhz61rmt0czbfzava1048 "HTTP/1.1 200 OK"
2026-07-13 20:32:39,924 - httpx - INFO - HTTP Request: GET https://api.replicate.com/v1/predictions/0hcm0yhz61rmt0czbfzava1048 "HTTP/1.1 200 OK"
2026-07-13 20:32:40,874 - httpx - INFO - HTTP Request: GET https://api.replicate.com/v1/predictions/0hcm0yhz61rmt0czbfzava1048 "HTTP/1.1 200 OK"
2026-07-13 20:32:41,868 - httpx - INFO - HTTP Request: GET https://api.replicate.com/v1/predictions/0hcm0yhz61rmt0czbfzava1048 "HTTP/1.1 200 OK"
2026-07-13 20:32:42,790 - httpx - INFO - HTTP Request: GET https://api.replicate.com/v1/predictions/0hcm0yhz61rmt0czbfzava1048 "HTTP/1.1 200 OK"
2026-07-13 20:32:43,719 - httpx - INFO - HTTP Request: GET https://api.replicate.com/v1/predictions/0hcm0yhz61rmt0czbfzava1048 "HTTP/1.1 200 OK"
2026-07-13 20:32:44,800 - httpx - INFO - HTTP Request: GET https://api.replicate.com/v1/predictions/0hcm0yhz61rmt0czbfzava1048 "HTTP/1.1 200 OK"
2026-07-13 20:32:45,741 - httpx - INFO - HTTP Request: GET https://api.replicate.com/v1/predictions/0hcm0yhz61rmt0czbfzava1048 "HTTP/1.1 200 OK"
2026-07-13 20:32:46,682 - httpx - INFO - HTTP Request: GET https://api.replicate.com/v1/predictions/0hcm0yhz61rmt0czbfzava1048 "HTTP/1.1 200 OK"
2026-07-13 20:32:47,605 - httpx - INFO - HTTP Request: GET https://api.replicate.com/v1/predictions/0hcm0yhz61rmt0czbfzava1048 "HTTP/1.1 200 OK"
2026-07-13 20:32:48,511 - httpx - INFO - HTTP Request: GET https://api.replicate.com/v1/predictions/0hcm0yhz61rmt0czbfzava1048 "HTTP/1.1 200 OK"
2026-07-13 20:32:49,413 - httpx - INFO - HTTP Request: GET https://api.replicate.com/v1/predictions/0hcm0yhz61rmt0czbfzava1048 "HTTP/1.1 200 OK"
2026-07-13 20:32:50,327 - httpx - INFO - HTTP Request: GET https://api.replicate.com/v1/predictions/0hcm0yhz61rmt0czbfzava1048 "HTTP/1.1 200 OK"
2026-07-13 20:32:51,242 - httpx - INFO - HTTP Request: GET https://api.replicate.com/v1/predictions/0hcm0yhz61rmt0czbfzava1048 "HTTP/1.1 200 OK"
2026-07-13 20:32:52,313 - httpx - INFO - HTTP Request: GET https://api.replicate.com/v1/predictions/0hcm0yhz61rmt0czbfzava1048 "HTTP/1.1 200 OK"
2026-07-13 20:32:53,299 - httpx - INFO - HTTP Request: GET https://api.replicate.com/v1/predictions/0hcm0yhz61rmt0czbfzava1048 "HTTP/1.1 200 OK"
2026-07-13 20:32:54,772 - httpx - INFO - HTTP Request: GET https://api.replicate.com/v1/predictions/0hcm0yhz61rmt0czbfzava1048 "HTTP/1.1 200 OK"
2026-07-13 20:32:55,795 - httpx - INFO - HTTP Request: GET https://api.replicate.com/v1/predictions/0hcm0yhz61rmt0czbfzava1048 "HTTP/1.1 200 OK"
2026-07-13 20:32:56,724 - httpx - INFO - HTTP Request: GET https://api.replicate.com/v1/predictions/0hcm0yhz61rmt0czbfzava1048 "HTTP/1.1 200 OK"
2026-07-13 20:32:57,741 - httpx - INFO - HTTP Request: GET https://api.replicate.com/v1/predictions/0hcm0yhz61rmt0czbfzava1048 "HTTP/1.1 200 OK"
2026-07-13 20:32:58,764 - httpx - INFO - HTTP Request: GET https://api.replicate.com/v1/predictions/0hcm0yhz61rmt0czbfzava1048 "HTTP/1.1 200 OK"
2026-07-13 20:32:59,790 - httpx - INFO - HTTP Request: GET https://api.replicate.com/v1/predictions/0hcm0yhz61rmt0czbfzava1048 "HTTP/1.1 200 OK"
2026-07-13 20:33:00,772 - httpx - INFO - HTTP Request: GET https://api.replicate.com/v1/predictions/0hcm0yhz61rmt0czbfzava1048 "HTTP/1.1 200 OK"
2026-07-13 20:33:01,785 - httpx - INFO - HTTP Request: GET https://api.replicate.com/v1/predictions/0hcm0yhz61rmt0czbfzava1048 "HTTP/1.1 200 OK"
2026-07-13 20:33:02,759 - httpx - INFO - HTTP Request: GET https://api.replicate.com/v1/predictions/0hcm0yhz61rmt0czbfzava1048 "HTTP/1.1 200 OK"
2026-07-13 20:33:03,680 - httpx - INFO - HTTP Request: GET https://api.replicate.com/v1/predictions/0hcm0yhz61rmt0czbfzava1048 "HTTP/1.1 200 OK"
2026-07-13 20:33:04,703 - httpx - INFO - HTTP Request: GET https://api.replicate.com/v1/predictions/0hcm0yhz61rmt0czbfzava1048 "HTTP/1.1 200 OK"
2026-07-13 20:33:05,729 - httpx - INFO - HTTP Request: GET https://api.replicate.com/v1/predictions/0hcm0yhz61rmt0czbfzava1048 "HTTP/1.1 200 OK"
2026-07-13 20:33:06,666 - httpx - INFO - HTTP Request: GET https://api.replicate.com/v1/predictions/0hcm0yhz61rmt0czbfzava1048 "HTTP/1.1 200 OK"
2026-07-13 20:33:07,591 - httpx - INFO - HTTP Request: GET https://api.replicate.com/v1/predictions/0hcm0yhz61rmt0czbfzava1048 "HTTP/1.1 200 OK"
2026-07-13 20:33:08,596 - httpx - INFO - HTTP Request: GET https://api.replicate.com/v1/predictions/0hcm0yhz61rmt0czbfzava1048 "HTTP/1.1 200 OK"
2026-07-13 20:33:09,620 - httpx - INFO - HTTP Request: GET https://api.replicate.com/v1/predictions/0hcm0yhz61rmt0czbfzava1048 "HTTP/1.1 200 OK"
2026-07-13 20:33:10,644 - httpx - INFO - HTTP Request: GET https://api.replicate.com/v1/predictions/0hcm0yhz61rmt0czbfzava1048 "HTTP/1.1 200 OK"
2026-07-13 20:33:11,667 - httpx - INFO - HTTP Request: GET https://api.replicate.com/v1/predictions/0hcm0yhz61rmt0czbfzava1048 "HTTP/1.1 200 OK"
2026-07-13 20:33:12,692 - httpx - INFO - HTTP Request: GET https://api.replicate.com/v1/predictions/0hcm0yhz61rmt0czbfzava1048 "HTTP/1.1 200 OK"
2026-07-13 20:33:13,715 - httpx - INFO - HTTP Request: GET https://api.replicate.com/v1/predictions/0hcm0yhz61rmt0czbfzava1048 "HTTP/1.1 200 OK"
2026-07-13 20:33:14,740 - httpx - INFO - HTTP Request: GET https://api.replicate.com/v1/predictions/0hcm0yhz61rmt0czbfzava1048 "HTTP/1.1 200 OK"
2026-07-13 20:33:15,763 - httpx - INFO - HTTP Request: GET https://api.replicate.com/v1/predictions/0hcm0yhz61rmt0czbfzava1048 "HTTP/1.1 200 OK"
2026-07-13 20:33:16,991 - httpx - INFO - HTTP Request: GET https://api.replicate.com/v1/predictions/0hcm0yhz61rmt0czbfzava1048 "HTTP/1.1 200 OK"
2026-07-13 20:33:18,008 - httpx - INFO - HTTP Request: GET https://api.replicate.com/v1/predictions/0hcm0yhz61rmt0czbfzava1048 "HTTP/1.1 200 OK"
2026-07-13 20:33:18,921 - httpx - INFO - HTTP Request: GET https://api.replicate.com/v1/predictions/0hcm0yhz61rmt0czbfzava1048 "HTTP/1.1 200 OK"
2026-07-13 20:33:19,842 - httpx - INFO - HTTP Request: GET https://api.replicate.com/v1/predictions/0hcm0yhz61rmt0czbfzava1048 "HTTP/1.1 200 OK"
2026-07-13 20:33:20,884 - httpx - INFO - HTTP Request: GET https://api.replicate.com/v1/predictions/0hcm0yhz61rmt0czbfzava1048 "HTTP/1.1 200 OK"
2026-07-13 20:33:21,805 - httpx - INFO - HTTP Request: GET https://api.replicate.com/v1/predictions/0hcm0yhz61rmt0czbfzava1048 "HTTP/1.1 200 OK"
2026-07-13 20:33:22,863 - httpx - INFO - HTTP Request: GET https://api.replicate.com/v1/predictions/0hcm0yhz61rmt0czbfzava1048 "HTTP/1.1 200 OK"
2026-07-13 20:33:23,816 - httpx - INFO - HTTP Request: GET https://api.replicate.com/v1/predictions/0hcm0yhz61rmt0czbfzava1048 "HTTP/1.1 200 OK"
2026-07-13 20:33:24,877 - httpx - INFO - HTTP Request: GET https://api.replicate.com/v1/predictions/0hcm0yhz61rmt0czbfzava1048 "HTTP/1.1 200 OK"
2026-07-13 20:33:25,901 - httpx - INFO - HTTP Request: GET https://api.replicate.com/v1/predictions/0hcm0yhz61rmt0czbfzava1048 "HTTP/1.1 200 OK"
2026-07-13 20:33:26,836 - httpx - INFO - HTTP Request: GET https://api.replicate.com/v1/predictions/0hcm0yhz61rmt0czbfzava1048 "HTTP/1.1 200 OK"
2026-07-13 20:33:27,949 - httpx - INFO - HTTP Request: GET https://api.replicate.com/v1/predictions/0hcm0yhz61rmt0czbfzava1048 "HTTP/1.1 200 OK"
2026-07-13 20:33:29,086 - httpx - INFO - HTTP Request: GET https://api.replicate.com/v1/predictions/0hcm0yhz61rmt0czbfzava1048 "HTTP/1.1 200 OK"
2026-07-13 20:33:30,019 - httpx - INFO - HTTP Request: GET https://api.replicate.com/v1/predictions/0hcm0yhz61rmt0czbfzava1048 "HTTP/1.1 200 OK"
2026-07-13 20:33:31,022 - httpx - INFO - HTTP Request: GET https://api.replicate.com/v1/predictions/0hcm0yhz61rmt0czbfzava1048 "HTTP/1.1 200 OK"
2026-07-13 20:33:32,047 - httpx - INFO - HTTP Request: GET https://api.replicate.com/v1/predictions/0hcm0yhz61rmt0czbfzava1048 "HTTP/1.1 200 OK"
2026-07-13 20:33:33,069 - httpx - INFO - HTTP Request: GET https://api.replicate.com/v1/predictions/0hcm0yhz61rmt0czbfzava1048 "HTTP/1.1 200 OK"
2026-07-13 20:33:34,093 - httpx - INFO - HTTP Request: GET https://api.replicate.com/v1/predictions/0hcm0yhz61rmt0czbfzava1048 "HTTP/1.1 200 OK"
2026-07-13 20:33:35,082 - httpx - INFO - HTTP Request: GET https://api.replicate.com/v1/predictions/0hcm0yhz61rmt0czbfzava1048 "HTTP/1.1 200 OK"
2026-07-13 20:33:36,141 - httpx - INFO - HTTP Request: GET https://api.replicate.com/v1/predictions/0hcm0yhz61rmt0czbfzava1048 "HTTP/1.1 200 OK"
2026-07-13 20:33:37,268 - httpx - INFO - HTTP Request: GET https://api.replicate.com/v1/predictions/0hcm0yhz61rmt0czbfzava1048 "HTTP/1.1 200 OK"
2026-07-13 20:33:38,292 - httpx - INFO - HTTP Request: GET https://api.replicate.com/v1/predictions/0hcm0yhz61rmt0czbfzava1048 "HTTP/1.1 200 OK"
2026-07-13 20:33:39,316 - httpx - INFO - HTTP Request: GET https://api.replicate.com/v1/predictions/0hcm0yhz61rmt0czbfzava1048 "HTTP/1.1 200 OK"
2026-07-13 20:33:40,750 - httpx - INFO - HTTP Request: GET https://api.replicate.com/v1/predictions/0hcm0yhz61rmt0czbfzava1048 "HTTP/1.1 200 OK"
2026-07-13 20:33:41,876 - httpx - INFO - HTTP Request: GET https://api.replicate.com/v1/predictions/0hcm0yhz61rmt0czbfzava1048 "HTTP/1.1 200 OK"
2026-07-13 20:33:42,899 - httpx - INFO - HTTP Request: GET https://api.replicate.com/v1/predictions/0hcm0yhz61rmt0czbfzava1048 "HTTP/1.1 200 OK"
2026-07-13 20:33:43,924 - httpx - INFO - HTTP Request: GET https://api.replicate.com/v1/predictions/0hcm0yhz61rmt0czbfzava1048 "HTTP/1.1 200 OK"
2026-07-13 20:33:44,940 - httpx - INFO - HTTP Request: GET https://api.replicate.com/v1/predictions/0hcm0yhz61rmt0czbfzava1048 "HTTP/1.1 200 OK"
2026-07-13 20:33:45,869 - httpx - INFO - HTTP Request: GET https://api.replicate.com/v1/predictions/0hcm0yhz61rmt0czbfzava1048 "HTTP/1.1 200 OK"
2026-07-13 20:33:46,894 - httpx - INFO - HTTP Request: GET https://api.replicate.com/v1/predictions/0hcm0yhz61rmt0czbfzava1048 "HTTP/1.1 200 OK"
2026-07-13 20:33:47,918 - httpx - INFO - HTTP Request: GET https://api.replicate.com/v1/predictions/0hcm0yhz61rmt0czbfzava1048 "HTTP/1.1 200 OK"
2026-07-13 20:33:49,044 - httpx - INFO - HTTP Request: GET https://api.replicate.com/v1/predictions/0hcm0yhz61rmt0czbfzava1048 "HTTP/1.1 200 OK"
2026-07-13 20:33:49,971 - httpx - INFO - HTTP Request: GET https://api.replicate.com/v1/predictions/0hcm0yhz61rmt0czbfzava1048 "HTTP/1.1 200 OK"
2026-07-13 20:33:50,886 - httpx - INFO - HTTP Request: GET https://api.replicate.com/v1/predictions/0hcm0yhz61rmt0czbfzava1048 "HTTP/1.1 200 OK"
2026-07-13 20:33:51,910 - httpx - INFO - HTTP Request: GET https://api.replicate.com/v1/predictions/0hcm0yhz61rmt0czbfzava1048 "HTTP/1.1 200 OK"
2026-07-13 20:33:52,935 - httpx - INFO - HTTP Request: GET https://api.replicate.com/v1/predictions/0hcm0yhz61rmt0czbfzava1048 "HTTP/1.1 200 OK"
2026-07-13 20:33:53,959 - httpx - INFO - HTTP Request: GET https://api.replicate.com/v1/predictions/0hcm0yhz61rmt0czbfzava1048 "HTTP/1.1 200 OK"
2026-07-13 20:33:54,982 - httpx - INFO - HTTP Request: GET https://api.replicate.com/v1/predictions/0hcm0yhz61rmt0czbfzava1048 "HTTP/1.1 200 OK"
2026-07-13 20:33:55,914 - httpx - INFO - HTTP Request: GET https://api.replicate.com/v1/predictions/0hcm0yhz61rmt0czbfzava1048 "HTTP/1.1 200 OK"
2026-07-13 20:33:56,929 - httpx - INFO - HTTP Request: GET https://api.replicate.com/v1/predictions/0hcm0yhz61rmt0czbfzava1048 "HTTP/1.1 200 OK"
2026-07-13 20:33:57,864 - httpx - INFO - HTTP Request: GET https://api.replicate.com/v1/predictions/0hcm0yhz61rmt0czbfzava1048 "HTTP/1.1 200 OK"
2026-07-13 20:33:58,875 - httpx - INFO - HTTP Request: GET https://api.replicate.com/v1/predictions/0hcm0yhz61rmt0czbfzava1048 "HTTP/1.1 200 OK"
2026-07-13 20:33:59,900 - httpx - INFO - HTTP Request: GET https://api.replicate.com/v1/predictions/0hcm0yhz61rmt0czbfzava1048 "HTTP/1.1 200 OK"
2026-07-13 20:34:00,923 - httpx - INFO - HTTP Request: GET https://api.replicate.com/v1/predictions/0hcm0yhz61rmt0czbfzava1048 "HTTP/1.1 200 OK"
2026-07-13 20:34:01,946 - httpx - INFO - HTTP Request: GET https://api.replicate.com/v1/predictions/0hcm0yhz61rmt0czbfzava1048 "HTTP/1.1 200 OK"
2026-07-13 20:34:02,912 - httpx - INFO - HTTP Request: GET https://api.replicate.com/v1/predictions/0hcm0yhz61rmt0czbfzava1048 "HTTP/1.1 200 OK"
2026-07-13 20:34:03,860 - httpx - INFO - HTTP Request: GET https://api.replicate.com/v1/predictions/0hcm0yhz61rmt0czbfzava1048 "HTTP/1.1 200 OK"
2026-07-13 20:34:05,327 - httpx - INFO - HTTP Request: GET https://api.replicate.com/v1/predictions/0hcm0yhz61rmt0czbfzava1048 "HTTP/1.1 200 OK"
2026-07-13 20:34:06,276 - httpx - INFO - HTTP Request: GET https://api.replicate.com/v1/predictions/0hcm0yhz61rmt0czbfzava1048 "HTTP/1.1 200 OK"
2026-07-13 20:34:07,272 - httpx - INFO - HTTP Request: GET https://api.replicate.com/v1/predictions/0hcm0yhz61rmt0czbfzava1048 "HTTP/1.1 200 OK"
2026-07-13 20:34:08,193 - httpx - INFO - HTTP Request: GET https://api.replicate.com/v1/predictions/0hcm0yhz61rmt0czbfzava1048 "HTTP/1.1 200 OK"
2026-07-13 20:34:09,114 - httpx - INFO - HTTP Request: GET https://api.replicate.com/v1/predictions/0hcm0yhz61rmt0czbfzava1048 "HTTP/1.1 200 OK"
2026-07-13 20:34:10,129 - httpx - INFO - HTTP Request: GET https://api.replicate.com/v1/predictions/0hcm0yhz61rmt0czbfzava1048 "HTTP/1.1 200 OK"
2026-07-13 20:34:11,162 - httpx - INFO - HTTP Request: GET https://api.replicate.com/v1/predictions/0hcm0yhz61rmt0czbfzava1048 "HTTP/1.1 200 OK"
2026-07-13 20:34:12,087 - httpx - INFO - HTTP Request: GET https://api.replicate.com/v1/predictions/0hcm0yhz61rmt0czbfzava1048 "HTTP/1.1 200 OK"
2026-07-13 20:34:13,106 - httpx - INFO - HTTP Request: GET https://api.replicate.com/v1/predictions/0hcm0yhz61rmt0czbfzava1048 "HTTP/1.1 200 OK"
2026-07-13 20:34:14,030 - httpx - INFO - HTTP Request: GET https://api.replicate.com/v1/predictions/0hcm0yhz61rmt0czbfzava1048 "HTTP/1.1 200 OK"
2026-07-13 20:34:14,975 - httpx - INFO - HTTP Request: GET https://api.replicate.com/v1/predictions/0hcm0yhz61rmt0czbfzava1048 "HTTP/1.1 200 OK"
2026-07-13 20:34:15,946 - httpx - INFO - HTTP Request: GET https://api.replicate.com/v1/predictions/0hcm0yhz61rmt0czbfzava1048 "HTTP/1.1 200 OK"
2026-07-13 20:34:17,261 - httpx - INFO - HTTP Request: GET https://api.replicate.com/v1/predictions/0hcm0yhz61rmt0czbfzava1048 "HTTP/1.1 200 OK"
2026-07-13 20:34:18,251 - httpx - INFO - HTTP Request: GET https://api.replicate.com/v1/predictions/0hcm0yhz61rmt0czbfzava1048 "HTTP/1.1 200 OK"
2026-07-13 20:34:19,230 - httpx - INFO - HTTP Request: GET https://api.replicate.com/v1/predictions/0hcm0yhz61rmt0czbfzava1048 "HTTP/1.1 200 OK"
2026-07-13 20:34:20,200 - httpx - INFO - HTTP Request: GET https://api.replicate.com/v1/predictions/0hcm0yhz61rmt0czbfzava1048 "HTTP/1.1 200 OK"
2026-07-13 20:34:21,107 - httpx - INFO - HTTP Request: GET https://api.replicate.com/v1/predictions/0hcm0yhz61rmt0czbfzava1048 "HTTP/1.1 200 OK"
2026-07-13 20:34:22,081 - httpx - INFO - HTTP Request: GET https://api.replicate.com/v1/predictions/0hcm0yhz61rmt0czbfzava1048 "HTTP/1.1 200 OK"
2026-07-13 20:34:23,245 - httpx - INFO - HTTP Request: GET https://api.replicate.com/v1/predictions/0hcm0yhz61rmt0czbfzava1048 "HTTP/1.1 200 OK"
2026-07-13 20:34:24,270 - httpx - INFO - HTTP Request: GET https://api.replicate.com/v1/predictions/0hcm0yhz61rmt0czbfzava1048 "HTTP/1.1 200 OK"
2026-07-13 20:34:25,216 - httpx - INFO - HTTP Request: GET https://api.replicate.com/v1/predictions/0hcm0yhz61rmt0czbfzava1048 "HTTP/1.1 200 OK"
2026-07-13 20:34:26,217 - httpx - INFO - HTTP Request: GET https://api.replicate.com/v1/predictions/0hcm0yhz61rmt0czbfzava1048 "HTTP/1.1 200 OK"
2026-07-13 20:34:27,240 - httpx - INFO - HTTP Request: GET https://api.replicate.com/v1/predictions/0hcm0yhz61rmt0czbfzava1048 "HTTP/1.1 200 OK"
2026-07-13 20:34:28,263 - httpx - INFO - HTTP Request: GET https://api.replicate.com/v1/predictions/0hcm0yhz61rmt0czbfzava1048 "HTTP/1.1 200 OK"
2026-07-13 20:34:29,184 - httpx - INFO - HTTP Request: GET https://api.replicate.com/v1/predictions/0hcm0yhz61rmt0czbfzava1048 "HTTP/1.1 200 OK"
2026-07-13 20:34:30,106 - httpx - INFO - HTTP Request: GET https://api.replicate.com/v1/predictions/0hcm0yhz61rmt0czbfzava1048 "HTTP/1.1 200 OK"
2026-07-13 20:34:31,130 - httpx - INFO - HTTP Request: GET https://api.replicate.com/v1/predictions/0hcm0yhz61rmt0czbfzava1048 "HTTP/1.1 200 OK"
2026-07-13 20:34:32,053 - httpx - INFO - HTTP Request: GET https://api.replicate.com/v1/predictions/0hcm0yhz61rmt0czbfzava1048 "HTTP/1.1 200 OK"
2026-07-13 20:34:32,974 - httpx - INFO - HTTP Request: GET https://api.replicate.com/v1/predictions/0hcm0yhz61rmt0czbfzava1048 "HTTP/1.1 200 OK"
2026-07-13 20:34:33,997 - httpx - INFO - HTTP Request: GET https://api.replicate.com/v1/predictions/0hcm0yhz61rmt0czbfzava1048 "HTTP/1.1 200 OK"
2026-07-13 20:34:35,022 - httpx - INFO - HTTP Request: GET https://api.replicate.com/v1/predictions/0hcm0yhz61rmt0czbfzava1048 "HTTP/1.1 200 OK"
2026-07-13 20:34:36,048 - httpx - INFO - HTTP Request: GET https://api.replicate.com/v1/predictions/0hcm0yhz61rmt0czbfzava1048 "HTTP/1.1 200 OK"
2026-07-13 20:34:37,072 - httpx - INFO - HTTP Request: GET https://api.replicate.com/v1/predictions/0hcm0yhz61rmt0czbfzava1048 "HTTP/1.1 200 OK"
2026-07-13 20:34:38,092 - httpx - INFO - HTTP Request: GET https://api.replicate.com/v1/predictions/0hcm0yhz61rmt0czbfzava1048 "HTTP/1.1 200 OK"
2026-07-13 20:34:39,640 - httpx - INFO - HTTP Request: GET https://api.replicate.com/v1/predictions/0hcm0yhz61rmt0czbfzava1048 "HTTP/1.1 200 OK"
2026-07-13 20:34:40,654 - httpx - INFO - HTTP Request: GET https://api.replicate.com/v1/predictions/0hcm0yhz61rmt0czbfzava1048 "HTTP/1.1 200 OK"
2026-07-13 20:34:41,679 - httpx - INFO - HTTP Request: GET https://api.replicate.com/v1/predictions/0hcm0yhz61rmt0czbfzava1048 "HTTP/1.1 200 OK"
2026-07-13 20:34:42,704 - httpx - INFO - HTTP Request: GET https://api.replicate.com/v1/predictions/0hcm0yhz61rmt0czbfzava1048 "HTTP/1.1 200 OK"
2026-07-13 20:34:43,726 - httpx - INFO - HTTP Request: GET https://api.replicate.com/v1/predictions/0hcm0yhz61rmt0czbfzava1048 "HTTP/1.1 200 OK"
2026-07-13 20:34:44,750 - httpx - INFO - HTTP Request: GET https://api.replicate.com/v1/predictions/0hcm0yhz61rmt0czbfzava1048 "HTTP/1.1 200 OK"
2026-07-13 20:34:45,672 - httpx - INFO - HTTP Request: GET https://api.replicate.com/v1/predictions/0hcm0yhz61rmt0czbfzava1048 "HTTP/1.1 200 OK"
2026-07-13 20:34:46,697 - httpx - INFO - HTTP Request: GET https://api.replicate.com/v1/predictions/0hcm0yhz61rmt0czbfzava1048 "HTTP/1.1 200 OK"
2026-07-13 20:34:47,646 - httpx - INFO - HTTP Request: GET https://api.replicate.com/v1/predictions/0hcm0yhz61rmt0czbfzava1048 "HTTP/1.1 200 OK"
2026-07-13 20:34:48,642 - httpx - INFO - HTTP Request: GET https://api.replicate.com/v1/predictions/0hcm0yhz61rmt0czbfzava1048 "HTTP/1.1 200 OK"
2026-07-13 20:34:49,562 - httpx - INFO - HTTP Request: GET https://api.replicate.com/v1/predictions/0hcm0yhz61rmt0czbfzava1048 "HTTP/1.1 200 OK"
2026-07-13 20:34:50,588 - httpx - INFO - HTTP Request: GET https://api.replicate.com/v1/predictions/0hcm0yhz61rmt0czbfzava1048 "HTTP/1.1 200 OK"
2026-07-13 20:34:51,508 - httpx - INFO - HTTP Request: GET https://api.replicate.com/v1/predictions/0hcm0yhz61rmt0czbfzava1048 "HTTP/1.1 200 OK"
2026-07-13 20:34:52,429 - httpx - INFO - HTTP Request: GET https://api.replicate.com/v1/predictions/0hcm0yhz61rmt0czbfzava1048 "HTTP/1.1 200 OK"
2026-07-13 20:34:53,456 - httpx - INFO - HTTP Request: GET https://api.replicate.com/v1/predictions/0hcm0yhz61rmt0czbfzava1048 "HTTP/1.1 200 OK"
2026-07-13 20:34:54,375 - httpx - INFO - HTTP Request: GET https://api.replicate.com/v1/predictions/0hcm0yhz61rmt0czbfzava1048 "HTTP/1.1 200 OK"
2026-07-13 20:34:55,400 - httpx - INFO - HTTP Request: GET https://api.replicate.com/v1/predictions/0hcm0yhz61rmt0czbfzava1048 "HTTP/1.1 200 OK"
2026-07-13 20:34:56,338 - httpx - INFO - HTTP Request: GET https://api.replicate.com/v1/predictions/0hcm0yhz61rmt0czbfzava1048 "HTTP/1.1 200 OK"
2026-07-13 20:34:57,345 - httpx - INFO - HTTP Request: GET https://api.replicate.com/v1/predictions/0hcm0yhz61rmt0czbfzava1048 "HTTP/1.1 200 OK"
2026-07-13 20:34:58,370 - httpx - INFO - HTTP Request: GET https://api.replicate.com/v1/predictions/0hcm0yhz61rmt0czbfzava1048 "HTTP/1.1 200 OK"
2026-07-13 20:34:59,319 - httpx - INFO - HTTP Request: GET https://api.replicate.com/v1/predictions/0hcm0yhz61rmt0czbfzava1048 "HTTP/1.1 200 OK"
2026-07-13 20:35:00,314 - httpx - INFO - HTTP Request: GET https://api.replicate.com/v1/predictions/0hcm0yhz61rmt0czbfzava1048 "HTTP/1.1 200 OK"
2026-07-13 20:35:01,264 - httpx - INFO - HTTP Request: GET https://api.replicate.com/v1/predictions/0hcm0yhz61rmt0czbfzava1048 "HTTP/1.1 200 OK"
2026-07-13 20:35:02,681 - httpx - INFO - HTTP Request: GET https://api.replicate.com/v1/predictions/0hcm0yhz61rmt0czbfzava1048 "HTTP/1.1 200 OK"
2026-07-13 20:35:03,693 - httpx - INFO - HTTP Request: GET https://api.replicate.com/v1/predictions/0hcm0yhz61rmt0czbfzava1048 "HTTP/1.1 200 OK"
2026-07-13 20:35:04,720 - httpx - INFO - HTTP Request: GET https://api.replicate.com/v1/predictions/0hcm0yhz61rmt0czbfzava1048 "HTTP/1.1 200 OK"
2026-07-13 20:35:05,742 - httpx - INFO - HTTP Request: GET https://api.replicate.com/v1/predictions/0hcm0yhz61rmt0czbfzava1048 "HTTP/1.1 200 OK"
2026-07-13 20:35:06,869 - httpx - INFO - HTTP Request: GET https://api.replicate.com/v1/predictions/0hcm0yhz61rmt0czbfzava1048 "HTTP/1.1 200 OK"
2026-07-13 20:35:07,790 - httpx - INFO - HTTP Request: GET https://api.replicate.com/v1/predictions/0hcm0yhz61rmt0czbfzava1048 "HTTP/1.1 200 OK"
2026-07-13 20:35:08,814 - httpx - INFO - HTTP Request: GET https://api.replicate.com/v1/predictions/0hcm0yhz61rmt0czbfzava1048 "HTTP/1.1 200 OK"
2026-07-13 20:35:09,839 - httpx - INFO - HTTP Request: GET https://api.replicate.com/v1/predictions/0hcm0yhz61rmt0czbfzava1048 "HTTP/1.1 200 OK"
2026-07-13 20:35:10,760 - httpx - INFO - HTTP Request: GET https://api.replicate.com/v1/predictions/0hcm0yhz61rmt0czbfzava1048 "HTTP/1.1 200 OK"
2026-07-13 20:35:11,786 - httpx - INFO - HTTP Request: GET https://api.replicate.com/v1/predictions/0hcm0yhz61rmt0czbfzava1048 "HTTP/1.1 200 OK"
2026-07-13 20:35:12,695 - httpx - INFO - HTTP Request: GET https://api.replicate.com/v1/predictions/0hcm0yhz61rmt0czbfzava1048 "HTTP/1.1 200 OK"
2026-07-13 20:35:13,730 - httpx - INFO - HTTP Request: GET https://api.replicate.com/v1/predictions/0hcm0yhz61rmt0czbfzava1048 "HTTP/1.1 200 OK"
2026-07-13 20:35:14,731 - httpx - INFO - HTTP Request: GET https://api.replicate.com/v1/predictions/0hcm0yhz61rmt0czbfzava1048 "HTTP/1.1 200 OK"
2026-07-13 20:35:15,777 - httpx - INFO - HTTP Request: GET https://api.replicate.com/v1/predictions/0hcm0yhz61rmt0czbfzava1048 "HTTP/1.1 200 OK"
2026-07-13 20:35:16,803 - httpx - INFO - HTTP Request: GET https://api.replicate.com/v1/predictions/0hcm0yhz61rmt0czbfzava1048 "HTTP/1.1 200 OK"
2026-07-13 20:35:17,826 - httpx - INFO - HTTP Request: GET https://api.replicate.com/v1/predictions/0hcm0yhz61rmt0czbfzava1048 "HTTP/1.1 200 OK"
2026-07-13 20:35:19,158 - httpx - INFO - HTTP Request: GET https://api.replicate.com/v1/predictions/0hcm0yhz61rmt0czbfzava1048 "HTTP/1.1 200 OK"
2026-07-13 20:35:20,086 - httpx - INFO - HTTP Request: GET https://api.replicate.com/v1/predictions/0hcm0yhz61rmt0czbfzava1048 "HTTP/1.1 200 OK"
2026-07-13 20:35:21,111 - httpx - INFO - HTTP Request: GET https://api.replicate.com/v1/predictions/0hcm0yhz61rmt0czbfzava1048 "HTTP/1.1 200 OK"
2026-07-13 20:35:22,538 - httpx - INFO - HTTP Request: GET https://api.replicate.com/v1/predictions/0hcm0yhz61rmt0czbfzava1048 "HTTP/1.1 200 OK"
2026-07-13 20:35:23,560 - httpx - INFO - HTTP Request: GET https://api.replicate.com/v1/predictions/0hcm0yhz61rmt0czbfzava1048 "HTTP/1.1 200 OK"
2026-07-13 20:35:25,096 - httpx - INFO - HTTP Request: GET https://api.replicate.com/v1/predictions/0hcm0yhz61rmt0czbfzava1048 "HTTP/1.1 200 OK"
2026-07-13 20:35:26,037 - httpx - INFO - HTTP Request: GET https://api.replicate.com/v1/predictions/0hcm0yhz61rmt0czbfzava1048 "HTTP/1.1 200 OK"
2026-07-13 20:35:27,042 - httpx - INFO - HTTP Request: GET https://api.replicate.com/v1/predictions/0hcm0yhz61rmt0czbfzava1048 "HTTP/1.1 200 OK"
2026-07-13 20:35:28,067 - httpx - INFO - HTTP Request: GET https://api.replicate.com/v1/predictions/0hcm0yhz61rmt0czbfzava1048 "HTTP/1.1 200 OK"
2026-07-13 20:35:29,090 - httpx - INFO - HTTP Request: GET https://api.replicate.com/v1/predictions/0hcm0yhz61rmt0czbfzava1048 "HTTP/1.1 200 OK"
2026-07-13 20:35:30,113 - httpx - INFO - HTTP Request: GET https://api.replicate.com/v1/predictions/0hcm0yhz61rmt0czbfzava1048 "HTTP/1.1 200 OK"
2026-07-13 20:35:31,059 - httpx - INFO - HTTP Request: GET https://api.replicate.com/v1/predictions/0hcm0yhz61rmt0czbfzava1048 "HTTP/1.1 200 OK"
2026-07-13 20:35:32,060 - httpx - INFO - HTTP Request: GET https://api.replicate.com/v1/predictions/0hcm0yhz61rmt0czbfzava1048 "HTTP/1.1 200 OK"
2026-07-13 20:35:33,077 - httpx - INFO - HTTP Request: GET https://api.replicate.com/v1/predictions/0hcm0yhz61rmt0czbfzava1048 "HTTP/1.1 200 OK"
2026-07-13 20:35:34,107 - httpx - INFO - HTTP Request: GET https://api.replicate.com/v1/predictions/0hcm0yhz61rmt0czbfzava1048 "HTTP/1.1 200 OK"
2026-07-13 20:35:35,642 - httpx - INFO - HTTP Request: GET https://api.replicate.com/v1/predictions/0hcm0yhz61rmt0czbfzava1048 "HTTP/1.1 200 OK"
2026-07-13 20:35:36,582 - httpx - INFO - HTTP Request: GET https://api.replicate.com/v1/predictions/0hcm0yhz61rmt0czbfzava1048 "HTTP/1.1 200 OK"
2026-07-13 20:35:37,590 - httpx - INFO - HTTP Request: GET https://api.replicate.com/v1/predictions/0hcm0yhz61rmt0czbfzava1048 "HTTP/1.1 200 OK"
2026-07-13 20:35:38,613 - httpx - INFO - HTTP Request: GET https://api.replicate.com/v1/predictions/0hcm0yhz61rmt0czbfzava1048 "HTTP/1.1 200 OK"
2026-07-13 20:35:39,540 - httpx - INFO - HTTP Request: GET https://api.replicate.com/v1/predictions/0hcm0yhz61rmt0czbfzava1048 "HTTP/1.1 200 OK"
2026-07-13 20:35:40,559 - httpx - INFO - HTTP Request: GET https://api.replicate.com/v1/predictions/0hcm0yhz61rmt0czbfzava1048 "HTTP/1.1 200 OK"
2026-07-13 20:35:41,583 - httpx - INFO - HTTP Request: GET https://api.replicate.com/v1/predictions/0hcm0yhz61rmt0czbfzava1048 "HTTP/1.1 200 OK"
2026-07-13 20:35:42,604 - httpx - INFO - HTTP Request: GET https://api.replicate.com/v1/predictions/0hcm0yhz61rmt0czbfzava1048 "HTTP/1.1 200 OK"
2026-07-13 20:35:43,630 - httpx - INFO - HTTP Request: GET https://api.replicate.com/v1/predictions/0hcm0yhz61rmt0czbfzava1048 "HTTP/1.1 200 OK"
2026-07-13 20:35:44,552 - httpx - INFO - HTTP Request: GET https://api.replicate.com/v1/predictions/0hcm0yhz61rmt0czbfzava1048 "HTTP/1.1 200 OK"
2026-07-13 20:35:45,576 - httpx - INFO - HTTP Request: GET https://api.replicate.com/v1/predictions/0hcm0yhz61rmt0czbfzava1048 "HTTP/1.1 200 OK"
2026-07-13 20:35:46,564 - httpx - INFO - HTTP Request: GET https://api.replicate.com/v1/predictions/0hcm0yhz61rmt0czbfzava1048 "HTTP/1.1 200 OK"
2026-07-13 20:35:47,829 - httpx - INFO - HTTP Request: GET https://api.replicate.com/v1/predictions/0hcm0yhz61rmt0czbfzava1048 "HTTP/1.1 200 OK"
2026-07-13 20:35:48,854 - httpx - INFO - HTTP Request: GET https://api.replicate.com/v1/predictions/0hcm0yhz61rmt0czbfzava1048 "HTTP/1.1 200 OK"
2026-07-13 20:35:49,979 - httpx - INFO - HTTP Request: GET https://api.replicate.com/v1/predictions/0hcm0yhz61rmt0czbfzava1048 "HTTP/1.1 200 OK"
2026-07-13 20:35:51,003 - httpx - INFO - HTTP Request: GET https://api.replicate.com/v1/predictions/0hcm0yhz61rmt0czbfzava1048 "HTTP/1.1 200 OK"
2026-07-13 20:35:52,028 - httpx - INFO - HTTP Request: GET https://api.replicate.com/v1/predictions/0hcm0yhz61rmt0czbfzava1048 "HTTP/1.1 200 OK"
2026-07-13 20:35:53,051 - httpx - INFO - HTTP Request: GET https://api.replicate.com/v1/predictions/0hcm0yhz61rmt0czbfzava1048 "HTTP/1.1 200 OK"
2026-07-13 20:35:55,363 - Zovix - INFO - Redis connected for rate limiting
2026-07-13 20:35:55,366 - Zovix - INFO - Load balancer initialized with 4 workers
2026-07-13 20:35:57,391 - Zovix - INFO - Redis cache connected
2026-07-13 20:35:57,399 - Zovix - INFO - Database initialized successfully
2026-07-13 20:39:08,108 - Zovix - INFO - Redis connected for rate limiting
2026-07-13 20:39:08,111 - Zovix - INFO - Load balancer initialized with 4 workers
2026-07-13 20:39:10,139 - Zovix - INFO - Redis cache connected
2026-07-13 20:39:10,146 - Zovix - INFO - Database initialized successfully
2026-07-13 20:39:55,997 - Zovix - INFO - Redis connected for rate limiting
2026-07-13 20:39:55,999 - Zovix - INFO - Load balancer initialized with 4 workers
2026-07-13 20:39:58,041 - Zovix - INFO - Redis cache connected
2026-07-13 20:39:58,049 - Zovix - INFO - Database initialized successfully
2026-07-13 20:40:06,652 - Zovix - INFO - Redis connected for rate limiting
2026-07-13 20:40:06,655 - Zovix - INFO - Load balancer initialized with 4 workers
2026-07-13 20:40:08,709 - Zovix - INFO - Redis cache connected
2026-07-13 20:40:08,716 - Zovix - INFO - Database initialized successfully
2026-07-13 20:40:13,095 - Zovix - INFO - Redis connected for rate limiting
2026-07-13 20:40:13,097 - Zovix - INFO - Load balancer initialized with 4 workers
2026-07-13 20:40:15,112 - Zovix - INFO - Redis cache connected
2026-07-13 20:40:15,118 - Zovix - INFO - Database initialized successfully
2026-07-13 21:14:02,861 - Zovix - WARNING - redis not installed. Using in-memory cache.
2026-07-13 21:14:02,862 - Zovix - WARNING - celery not installed. Using threaded queue.
2026-07-13 21:14:02,864 - Zovix - WARNING - pyotp or qrcode not installed. 2FA disabled.
2026-07-13 21:14:02,865 - Zovix - INFO - Started 4 threaded workers
2026-07-13 21:14:02,865 - Zovix - INFO - Load balancer initialized with 4 workers
2026-07-13 21:14:02,933 - Zovix - INFO - Database initialized successfully
2026-07-13 21:14:48,840 - Zovix - WARNING - redis not installed. Using in-memory cache.
2026-07-13 21:14:48,841 - Zovix - WARNING - celery not installed. Using threaded queue.
2026-07-13 21:14:48,853 - Zovix - WARNING - pyotp or qrcode not installed. 2FA disabled.
2026-07-13 21:14:49,043 - Zovix - INFO - Started 4 threaded workers
2026-07-13 21:14:49,044 - Zovix - INFO - Load balancer initialized with 4 workers
2026-07-13 21:14:49,074 - Zovix - INFO - Database initialized successfully
2026-07-13 21:15:06,086 - Zovix - WARNING - redis not installed. Using in-memory cache.
2026-07-13 21:15:06,087 - Zovix - WARNING - celery not installed. Using threaded queue.
2026-07-13 21:15:06,088 - Zovix - WARNING - pyotp or qrcode not installed. 2FA disabled.
2026-07-13 21:15:06,090 - Zovix - INFO - Started 4 threaded workers
2026-07-13 21:15:06,090 - Zovix - INFO - Load balancer initialized with 4 workers
2026-07-13 21:15:06,097 - Zovix - INFO - Database initialized successfully
2026-07-13 21:15:12,370 - Zovix - WARNING - redis not installed. Using in-memory cache.
2026-07-13 21:15:12,372 - Zovix - WARNING - celery not installed. Using threaded queue.
2026-07-13 21:15:12,375 - Zovix - WARNING - pyotp or qrcode not installed. 2FA disabled.
2026-07-13 21:15:12,378 - Zovix - INFO - Started 4 threaded workers
2026-07-13 21:15:12,379 - Zovix - INFO - Load balancer initialized with 4 workers
2026-07-13 21:15:12,391 - Zovix - INFO - Database initialized successfully
2026-07-13 21:15:26,619 - Zovix - WARNING - redis not installed. Using in-memory cache.
2026-07-13 21:15:26,620 - Zovix - WARNING - celery not installed. Using threaded queue.
2026-07-13 21:15:26,621 - Zovix - WARNING - pyotp or qrcode not installed. 2FA disabled.
2026-07-13 21:15:26,623 - Zovix - INFO - Started 4 threaded workers
2026-07-13 21:15:26,624 - Zovix - INFO - Load balancer initialized with 4 workers
2026-07-13 21:15:26,630 - Zovix - INFO - Database initialized successfully
2026-07-13 21:15:26,881 - Zovix - WARNING - redis not installed. Using in-memory cache.
2026-07-13 21:15:26,883 - Zovix - WARNING - celery not installed. Using threaded queue.
2026-07-13 21:15:26,885 - Zovix - WARNING - pyotp or qrcode not installed. 2FA disabled.
2026-07-13 21:15:26,887 - Zovix - INFO - Started 4 threaded workers
2026-07-13 21:15:26,887 - Zovix - INFO - Load balancer initialized with 4 workers
2026-07-13 21:15:26,893 - Zovix - INFO - Database initialized successfully
2026-07-13 21:15:32,808 - Zovix - WARNING - redis not installed. Using in-memory cache.
2026-07-13 21:15:32,810 - Zovix - WARNING - celery not installed. Using threaded queue.
2026-07-13 21:15:32,812 - Zovix - WARNING - pyotp or qrcode not installed. 2FA disabled.
2026-07-13 21:15:32,814 - Zovix - INFO - Started 4 threaded workers
2026-07-13 21:15:32,815 - Zovix - INFO - Load balancer initialized with 4 workers
2026-07-13 21:15:32,817 - Zovix - INFO - Database initialized successfully
2026-07-13 21:15:33,054 - Zovix - WARNING - redis not installed. Using in-memory cache.
2026-07-13 21:15:33,055 - Zovix - WARNING - celery not installed. Using threaded queue.
2026-07-13 21:15:33,055 - Zovix - WARNING - pyotp or qrcode not installed. 2FA disabled.
2026-07-13 21:15:33,061 - Zovix - INFO - Started 4 threaded workers
2026-07-13 21:15:33,062 - Zovix - INFO - Load balancer initialized with 4 workers
2026-07-13 21:15:33,069 - Zovix - INFO - Database initialized successfully
2026-07-13 21:15:42,402 - Zovix - WARNING - redis not installed. Using in-memory cache.
2026-07-13 21:15:42,402 - Zovix - WARNING - celery not installed. Using threaded queue.
2026-07-13 21:15:42,402 - Zovix - WARNING - pyotp or qrcode not installed. 2FA disabled.
2026-07-13 21:15:42,404 - Zovix - INFO - Started 4 threaded workers
2026-07-13 21:15:42,404 - Zovix - INFO - Load balancer initialized with 4 workers
2026-07-13 21:15:42,410 - Zovix - INFO - Database initialized successfully
2026-07-13 21:15:45,517 - Zovix - WARNING - redis not installed. Using in-memory cache.
2026-07-13 21:15:45,518 - Zovix - WARNING - celery not installed. Using threaded queue.
2026-07-13 21:15:45,520 - Zovix - WARNING - pyotp or qrcode not installed. 2FA disabled.
2026-07-13 21:15:45,523 - Zovix - INFO - Started 4 threaded workers
2026-07-13 21:15:45,523 - Zovix - INFO - Load balancer initialized with 4 workers
2026-07-13 21:15:45,528 - Zovix - INFO - Database initialized successfully
2026-07-13 21:15:49,456 - Zovix - WARNING - redis not installed. Using in-memory cache.
2026-07-13 21:15:49,457 - Zovix - WARNING - celery not installed. Using threaded queue.
2026-07-13 21:15:49,458 - Zovix - WARNING - pyotp or qrcode not installed. 2FA disabled.
2026-07-13 21:15:49,460 - Zovix - INFO - Started 4 threaded workers
2026-07-13 21:15:49,460 - Zovix - INFO - Load balancer initialized with 4 workers
2026-07-13 21:15:49,465 - Zovix - INFO - Database initialized successfully
2026-07-13 21:15:49,746 - Zovix - WARNING - redis not installed. Using in-memory cache.
2026-07-13 21:15:49,748 - Zovix - WARNING - celery not installed. Using threaded queue.
2026-07-13 21:15:49,750 - Zovix - WARNING - pyotp or qrcode not installed. 2FA disabled.
2026-07-13 21:15:49,754 - Zovix - INFO - Started 4 threaded workers
2026-07-13 21:15:49,754 - Zovix - INFO - Load balancer initialized with 4 workers
2026-07-13 21:15:49,760 - Zovix - INFO - Database initialized successfully
2026-07-13 21:15:58,171 - Zovix - WARNING - redis not installed. Using in-memory cache.
2026-07-13 21:15:58,173 - Zovix - WARNING - celery not installed. Using threaded queue.
2026-07-13 21:15:58,175 - Zovix - WARNING - pyotp or qrcode not installed. 2FA disabled.
2026-07-13 21:15:58,177 - Zovix - INFO - Started 4 threaded workers
2026-07-13 21:15:58,177 - Zovix - INFO - Load balancer initialized with 4 workers
2026-07-13 21:15:58,190 - Zovix - INFO - Database initialized successfully
2026-07-13 21:16:01,384 - Zovix - WARNING - redis not installed. Using in-memory cache.
2026-07-13 21:16:01,385 - Zovix - WARNING - celery not installed. Using threaded queue.
2026-07-13 21:16:01,387 - Zovix - WARNING - pyotp or qrcode not installed. 2FA disabled.
2026-07-13 21:16:01,391 - Zovix - INFO - Started 4 threaded workers
2026-07-13 21:16:01,392 - Zovix - INFO - Load balancer initialized with 4 workers
2026-07-13 21:16:01,399 - Zovix - INFO - Database initialized successfully
2026-07-13 21:16:01,652 - Zovix - WARNING - redis not installed. Using in-memory cache.
2026-07-13 21:16:01,654 - Zovix - WARNING - celery not installed. Using threaded queue.
2026-07-13 21:16:01,656 - Zovix - WARNING - pyotp or qrcode not installed. 2FA disabled.
2026-07-13 21:16:01,659 - Zovix - INFO - Started 4 threaded workers
2026-07-13 21:16:01,659 - Zovix - INFO - Load balancer initialized with 4 workers
2026-07-13 21:16:01,665 - Zovix - INFO - Database initialized successfully
2026-07-13 21:16:04,416 - Zovix - WARNING - redis not installed. Using in-memory cache.
2026-07-13 21:16:04,417 - Zovix - WARNING - celery not installed. Using threaded queue.
2026-07-13 21:16:04,419 - Zovix - WARNING - pyotp or qrcode not installed. 2FA disabled.
2026-07-13 21:16:04,422 - Zovix - INFO - Started 4 threaded workers
2026-07-13 21:16:04,422 - Zovix - INFO - Load balancer initialized with 4 workers
2026-07-13 21:16:04,429 - Zovix - INFO - Database initialized successfully
2026-07-13 21:16:06,887 - Zovix - WARNING - redis not installed. Using in-memory cache.
2026-07-13 21:16:06,889 - Zovix - WARNING - celery not installed. Using threaded queue.
2026-07-13 21:16:06,891 - Zovix - WARNING - pyotp or qrcode not installed. 2FA disabled.
2026-07-13 21:16:06,892 - Zovix - INFO - Started 4 threaded workers
2026-07-13 21:16:06,893 - Zovix - INFO - Load balancer initialized with 4 workers
2026-07-13 21:16:06,897 - Zovix - INFO - Database initialized successfully
2026-07-13 21:16:07,147 - Zovix - WARNING - redis not installed. Using in-memory cache.
2026-07-13 21:16:07,149 - Zovix - WARNING - celery not installed. Using threaded queue.
2026-07-13 21:16:07,151 - Zovix - WARNING - pyotp or qrcode not installed. 2FA disabled.
2026-07-13 21:16:07,153 - Zovix - INFO - Started 4 threaded workers
2026-07-13 21:16:07,154 - Zovix - INFO - Load balancer initialized with 4 workers
2026-07-13 21:16:07,157 - Zovix - INFO - Database initialized successfully
2026-07-13 21:19:22,578 - Zovix - WARNING - redis not installed. Using in-memory cache.
2026-07-13 21:19:22,579 - Zovix - WARNING - celery not installed. Using threaded queue.
2026-07-13 21:19:22,580 - Zovix - WARNING - pyotp or qrcode not installed. 2FA disabled.
2026-07-13 21:19:22,581 - Zovix - INFO - Started 4 threaded workers
2026-07-13 21:19:22,581 - Zovix - INFO - Load balancer initialized with 4 workers
2026-07-13 21:19:22,594 - Zovix - INFO - Database initialized successfully
2026-07-13 21:19:26,900 - Zovix - WARNING - redis not installed. Using in-memory cache.
2026-07-13 21:19:26,901 - Zovix - WARNING - celery not installed. Using threaded queue.
2026-07-13 21:19:26,902 - Zovix - WARNING - pyotp or qrcode not installed. 2FA disabled.
2026-07-13 21:19:26,903 - Zovix - INFO - Started 4 threaded workers
2026-07-13 21:19:26,904 - Zovix - INFO - Load balancer initialized with 4 workers
2026-07-13 21:19:26,909 - Zovix - INFO - Database initialized successfully
2026-07-13 21:19:35,153 - Zovix - WARNING - redis not installed. Using in-memory cache.
2026-07-13 21:19:35,154 - Zovix - WARNING - celery not installed. Using threaded queue.
2026-07-13 21:19:35,156 - Zovix - WARNING - pyotp or qrcode not installed. 2FA disabled.
2026-07-13 21:19:35,158 - Zovix - INFO - Started 4 threaded workers
2026-07-13 21:19:35,158 - Zovix - INFO - Load balancer initialized with 4 workers
2026-07-13 21:19:35,163 - Zovix - INFO - Database initialized successfully
2026-07-13 21:19:37,558 - Zovix - WARNING - redis not installed. Using in-memory cache.
2026-07-13 21:19:37,559 - Zovix - WARNING - celery not installed. Using threaded queue.
2026-07-13 21:19:37,560 - Zovix - WARNING - pyotp or qrcode not installed. 2FA disabled.
2026-07-13 21:19:37,562 - Zovix - INFO - Started 4 threaded workers
2026-07-13 21:19:37,562 - Zovix - INFO - Load balancer initialized with 4 workers
2026-07-13 21:19:37,569 - Zovix - INFO - Database initialized successfully
2026-07-13 21:19:37,757 - Zovix - WARNING - redis not installed. Using in-memory cache.
2026-07-13 21:19:37,758 - Zovix - WARNING - celery not installed. Using threaded queue.
2026-07-13 21:19:37,759 - Zovix - WARNING - pyotp or qrcode not installed. 2FA disabled.
2026-07-13 21:19:37,761 - Zovix - INFO - Started 4 threaded workers
2026-07-13 21:19:37,761 - Zovix - INFO - Load balancer initialized with 4 workers
2026-07-13 21:19:37,765 - Zovix - INFO - Database initialized successfully
2026-07-13 21:19:39,924 - Zovix - WARNING - redis not installed. Using in-memory cache.
2026-07-13 21:19:39,925 - Zovix - WARNING - celery not installed. Using threaded queue.
2026-07-13 21:19:39,925 - Zovix - WARNING - pyotp or qrcode not installed. 2FA disabled.
2026-07-13 21:19:39,927 - Zovix - INFO - Started 4 threaded workers
2026-07-13 21:19:39,927 - Zovix - INFO - Load balancer initialized with 4 workers
2026-07-13 21:19:39,933 - Zovix - INFO - Database initialized successfully
2026-07-13 21:19:40,152 - Zovix - WARNING - redis not installed. Using in-memory cache.
2026-07-13 21:19:40,154 - Zovix - WARNING - celery not installed. Using threaded queue.
2026-07-13 21:19:40,155 - Zovix - WARNING - pyotp or qrcode not installed. 2FA disabled.
2026-07-13 21:19:40,158 - Zovix - INFO - Started 4 threaded workers
2026-07-13 21:19:40,158 - Zovix - INFO - Load balancer initialized with 4 workers
2026-07-13 21:19:40,167 - Zovix - INFO - Database initialized successfully
2026-07-14 17:08:55,125 - Zovix - WARNING - redis not installed. Using in-memory cache.
2026-07-14 17:08:55,126 - Zovix - WARNING - celery not installed. Using threaded queue.
2026-07-14 17:08:55,129 - Zovix - WARNING - pyotp or qrcode not installed. 2FA disabled.
2026-07-14 17:08:55,131 - Zovix - INFO - Started 4 threaded workers
2026-07-14 17:08:55,131 - Zovix - INFO - Load balancer initialized with 4 workers
2026-07-14 17:08:55,149 - Zovix - INFO - Database initialized successfully
2026-07-14 17:10:21,080 - Zovix - WARNING - redis not installed. Using in-memory cache.
2026-07-14 17:10:21,080 - Zovix - WARNING - celery not installed. Using threaded queue.
2026-07-14 17:10:21,081 - Zovix - WARNING - pyotp or qrcode not installed. 2FA disabled.
2026-07-14 17:10:21,083 - Zovix - INFO - Started 4 threaded workers
2026-07-14 17:10:21,083 - Zovix - INFO - Load balancer initialized with 4 workers
2026-07-14 17:10:21,092 - Zovix - INFO - Database initialized successfully
2026-07-14 17:10:50,751 - Zovix - WARNING - redis not installed. Using in-memory cache.
2026-07-14 17:10:50,756 - Zovix - WARNING - celery not installed. Using threaded queue.
2026-07-14 17:10:50,758 - Zovix - WARNING - pyotp or qrcode not installed. 2FA disabled.
2026-07-14 17:10:50,760 - Zovix - INFO - Started 4 threaded workers
2026-07-14 17:10:50,761 - Zovix - INFO - Load balancer initialized with 4 workers
2026-07-14 17:10:50,778 - Zovix - INFO - Database initialized successfully
2026-07-14 17:11:18,509 - Zovix - WARNING - redis not installed. Using in-memory cache.
2026-07-14 17:11:18,510 - Zovix - WARNING - celery not installed. Using threaded queue.
2026-07-14 17:11:18,512 - Zovix - WARNING - pyotp or qrcode not installed. 2FA disabled.
2026-07-14 17:11:18,514 - Zovix - INFO - Started 4 threaded workers
2026-07-14 17:11:18,515 - Zovix - INFO - Load balancer initialized with 4 workers
2026-07-14 17:11:18,521 - Zovix - INFO - Database initialized successfully
2026-07-14 17:11:23,757 - Zovix - WARNING - Failed login attempt for user: rajmehta886297@gmail.com
2026-07-14 17:11:32,242 - Zovix - WARNING - redis not installed. Using in-memory cache.
2026-07-14 17:11:32,243 - Zovix - WARNING - celery not installed. Using threaded queue.
2026-07-14 17:11:32,245 - Zovix - WARNING - pyotp or qrcode not installed. 2FA disabled.
2026-07-14 17:11:32,247 - Zovix - INFO - Started 4 threaded workers
2026-07-14 17:11:32,248 - Zovix - INFO - Load balancer initialized with 4 workers
2026-07-14 17:11:32,258 - Zovix - INFO - Database initialized successfully
2026-07-14 17:11:33,762 - Zovix - WARNING - redis not installed. Using in-memory cache.
2026-07-14 17:11:33,763 - Zovix - WARNING - celery not installed. Using threaded queue.
2026-07-14 17:11:33,765 - Zovix - WARNING - pyotp or qrcode not installed. 2FA disabled.
2026-07-14 17:11:33,768 - Zovix - INFO - Started 4 threaded workers
2026-07-14 17:11:33,769 - Zovix - INFO - Load balancer initialized with 4 workers
2026-07-14 17:11:33,778 - Zovix - INFO - Database initialized successfully
2026-07-14 17:11:35,084 - Zovix - WARNING - redis not installed. Using in-memory cache.
2026-07-14 17:11:35,085 - Zovix - WARNING - celery not installed. Using threaded queue.
2026-07-14 17:11:35,086 - Zovix - WARNING - pyotp or qrcode not installed. 2FA disabled.
2026-07-14 17:11:35,089 - Zovix - INFO - Started 4 threaded workers
2026-07-14 17:11:35,089 - Zovix - INFO - Load balancer initialized with 4 workers
2026-07-14 17:11:35,096 - Zovix - INFO - Database initialized successfully
2026-07-14 17:11:35,342 - Zovix - WARNING - redis not installed. Using in-memory cache.
2026-07-14 17:11:35,343 - Zovix - WARNING - celery not installed. Using threaded queue.
2026-07-14 17:11:35,345 - Zovix - WARNING - pyotp or qrcode not installed. 2FA disabled.
2026-07-14 17:11:35,347 - Zovix - INFO - Started 4 threaded workers
2026-07-14 17:11:35,348 - Zovix - INFO - Load balancer initialized with 4 workers
2026-07-14 17:11:35,356 - Zovix - INFO - Database initialized successfully
2026-07-14 17:11:42,219 - Zovix - WARNING - redis not installed. Using in-memory cache.
2026-07-14 17:11:42,220 - Zovix - WARNING - celery not installed. Using threaded queue.
2026-07-14 17:11:42,222 - Zovix - WARNING - pyotp or qrcode not installed. 2FA disabled.
2026-07-14 17:11:42,224 - Zovix - INFO - Started 4 threaded workers
2026-07-14 17:11:42,224 - Zovix - INFO - Load balancer initialized with 4 workers
2026-07-14 17:11:42,230 - Zovix - INFO - Database initialized successfully
2026-07-14 17:11:42,500 - Zovix - WARNING - redis not installed. Using in-memory cache.
2026-07-14 17:11:42,501 - Zovix - WARNING - celery not installed. Using threaded queue.
2026-07-14 17:11:42,503 - Zovix - WARNING - pyotp or qrcode not installed. 2FA disabled.
2026-07-14 17:11:42,505 - Zovix - INFO - Started 4 threaded workers
2026-07-14 17:11:42,506 - Zovix - INFO - Load balancer initialized with 4 workers
2026-07-14 17:11:42,512 - Zovix - INFO - Database initialized successfully
2026-07-14 17:12:09,271 - Zovix - WARNING - redis not installed. Using in-memory cache.
2026-07-14 17:12:09,272 - Zovix - WARNING - celery not installed. Using threaded queue.
2026-07-14 17:12:09,273 - Zovix - WARNING - pyotp or qrcode not installed. 2FA disabled.
2026-07-14 17:12:09,275 - Zovix - INFO - Started 4 threaded workers
2026-07-14 17:12:09,276 - Zovix - INFO - Load balancer initialized with 4 workers
2026-07-14 17:12:09,282 - Zovix - INFO - Database initialized successfully
2026-07-14 17:12:10,443 - Zovix - WARNING - redis not installed. Using in-memory cache.
2026-07-14 17:12:10,444 - Zovix - WARNING - celery not installed. Using threaded queue.
2026-07-14 17:12:10,445 - Zovix - WARNING - pyotp or qrcode not installed. 2FA disabled.
2026-07-14 17:12:10,448 - Zovix - INFO - Started 4 threaded workers
2026-07-14 17:12:10,448 - Zovix - INFO - Load balancer initialized with 4 workers
2026-07-14 17:12:10,454 - Zovix - INFO - Database initialized successfully
2026-07-14 17:12:13,063 - Zovix - WARNING - redis not installed. Using in-memory cache.
2026-07-14 17:12:13,065 - Zovix - WARNING - celery not installed. Using threaded queue.
2026-07-14 17:12:13,066 - Zovix - WARNING - pyotp or qrcode not installed. 2FA disabled.
2026-07-14 17:12:13,068 - Zovix - INFO - Started 4 threaded workers
2026-07-14 17:12:13,068 - Zovix - INFO - Load balancer initialized with 4 workers
2026-07-14 17:12:13,075 - Zovix - INFO - Database initialized successfully
2026-07-14 17:12:18,754 - Zovix - WARNING - redis not installed. Using in-memory cache.
2026-07-14 17:12:18,755 - Zovix - WARNING - celery not installed. Using threaded queue.
2026-07-14 17:12:18,756 - Zovix - WARNING - pyotp or qrcode not installed. 2FA disabled.
2026-07-14 17:12:18,758 - Zovix - INFO - Started 4 threaded workers
2026-07-14 17:12:18,759 - Zovix - INFO - Load balancer initialized with 4 workers
2026-07-14 17:12:18,765 - Zovix - INFO - Database initialized successfully
2026-07-14 17:12:21,222 - Zovix - WARNING - redis not installed. Using in-memory cache.
2026-07-14 17:12:21,224 - Zovix - WARNING - celery not installed. Using threaded queue.
2026-07-14 17:12:21,225 - Zovix - WARNING - pyotp or qrcode not installed. 2FA disabled.
2026-07-14 17:12:21,227 - Zovix - INFO - Started 4 threaded workers
2026-07-14 17:12:21,227 - Zovix - INFO - Load balancer initialized with 4 workers
2026-07-14 17:12:21,233 - Zovix - INFO - Database initialized successfully
2026-07-14 17:12:27,064 - Zovix - WARNING - redis not installed. Using in-memory cache.
2026-07-14 17:12:27,065 - Zovix - WARNING - celery not installed. Using threaded queue.
2026-07-14 17:12:27,066 - Zovix - WARNING - pyotp or qrcode not installed. 2FA disabled.
2026-07-14 17:12:27,070 - Zovix - INFO - Started 4 threaded workers
2026-07-14 17:12:27,070 - Zovix - INFO - Load balancer initialized with 4 workers
2026-07-14 17:12:27,076 - Zovix - INFO - Database initialized successfully
2026-07-14 17:12:28,280 - Zovix - WARNING - redis not installed. Using in-memory cache.
2026-07-14 17:12:28,281 - Zovix - WARNING - celery not installed. Using threaded queue.
2026-07-14 17:12:28,283 - Zovix - WARNING - pyotp or qrcode not installed. 2FA disabled.
2026-07-14 17:12:28,285 - Zovix - INFO - Started 4 threaded workers
2026-07-14 17:12:28,286 - Zovix - INFO - Load balancer initialized with 4 workers
2026-07-14 17:12:28,291 - Zovix - INFO - Database initialized successfully
2026-07-14 17:12:28,390 - Zovix - INFO - Deducted 5 credits from rajmehta886297@gmail.com
2026-07-14 17:12:31,122 - Zovix - WARNING - redis not installed. Using in-memory cache.
2026-07-14 17:12:31,124 - Zovix - WARNING - celery not installed. Using threaded queue.
2026-07-14 17:12:31,126 - Zovix - WARNING - pyotp or qrcode not installed. 2FA disabled.
2026-07-14 17:12:31,129 - Zovix - INFO - Started 4 threaded workers
2026-07-14 17:12:31,129 - Zovix - INFO - Load balancer initialized with 4 workers
2026-07-14 17:12:31,136 - Zovix - INFO - Database initialized successfully
2026-07-14 17:23:01,858 - Zovix - WARNING - redis not installed. Using in-memory cache.
2026-07-14 17:23:01,861 - Zovix - WARNING - celery not installed. Using threaded queue.
2026-07-14 17:23:01,870 - Zovix - WARNING - pyotp or qrcode not installed. 2FA disabled.
2026-07-14 17:23:01,874 - Zovix - INFO - Started 4 threaded workers
2026-07-14 17:23:01,874 - Zovix - INFO - Load balancer initialized with 4 workers
2026-07-14 17:23:01,895 - Zovix - INFO - Database initialized successfully
2026-07-14 17:23:06,335 - Zovix - WARNING - redis not installed. Using in-memory cache.
2026-07-14 17:23:06,338 - Zovix - WARNING - celery not installed. Using threaded queue.
2026-07-14 17:23:06,340 - Zovix - WARNING - pyotp or qrcode not installed. 2FA disabled.
2026-07-14 17:23:06,348 - Zovix - INFO - Started 4 threaded workers
2026-07-14 17:23:06,349 - Zovix - INFO - Load balancer initialized with 4 workers
2026-07-14 17:23:06,355 - Zovix - INFO - Database initialized successfully
2026-07-14 17:23:13,591 - Zovix - WARNING - redis not installed. Using in-memory cache.
2026-07-14 17:23:13,594 - Zovix - WARNING - celery not installed. Using threaded queue.
2026-07-14 17:23:13,596 - Zovix - WARNING - pyotp or qrcode not installed. 2FA disabled.
2026-07-14 17:23:13,600 - Zovix - INFO - Started 4 threaded workers
2026-07-14 17:23:13,601 - Zovix - INFO - Load balancer initialized with 4 workers
2026-07-14 17:23:13,611 - Zovix - INFO - Database initialized successfully
2026-07-14 17:24:10,903 - Zovix - WARNING - redis not installed. Using in-memory cache.
2026-07-14 17:24:10,907 - Zovix - WARNING - celery not installed. Using threaded queue.
2026-07-14 17:24:10,909 - Zovix - WARNING - pyotp or qrcode not installed. 2FA disabled.
2026-07-14 17:24:10,911 - Zovix - INFO - Started 4 threaded workers
2026-07-14 17:24:10,911 - Zovix - INFO - Load balancer initialized with 4 workers
2026-07-14 17:24:10,916 - Zovix - INFO - Database initialized successfully
2026-07-14 17:24:11,126 - Zovix - WARNING - redis not installed. Using in-memory cache.
2026-07-14 17:24:11,128 - Zovix - WARNING - celery not installed. Using threaded queue.
2026-07-14 17:24:11,131 - Zovix - WARNING - pyotp or qrcode not installed. 2FA disabled.
2026-07-14 17:24:11,137 - Zovix - INFO - Started 4 threaded workers
2026-07-14 17:24:11,137 - Zovix - INFO - Load balancer initialized with 4 workers
2026-07-14 17:24:11,152 - Zovix - INFO - Database initialized successfully
2026-07-14 17:24:11,411 - Zovix - WARNING - redis not installed. Using in-memory cache.
2026-07-14 17:24:11,419 - Zovix - WARNING - celery not installed. Using threaded queue.
2026-07-14 17:24:11,424 - Zovix - WARNING - pyotp or qrcode not installed. 2FA disabled.
2026-07-14 17:24:11,432 - Zovix - INFO - Started 4 threaded workers
2026-07-14 17:24:11,432 - Zovix - INFO - Load balancer initialized with 4 workers
2026-07-14 17:24:11,440 - Zovix - INFO - Database initialized successfully
2026-07-14 17:24:16,612 - Zovix - WARNING - redis not installed. Using in-memory cache.
2026-07-14 17:24:16,617 - Zovix - WARNING - celery not installed. Using threaded queue.
2026-07-14 17:24:16,619 - Zovix - WARNING - pyotp or qrcode not installed. 2FA disabled.
2026-07-14 17:24:16,622 - Zovix - INFO - Started 4 threaded workers
2026-07-14 17:24:16,622 - Zovix - INFO - Load balancer initialized with 4 workers
2026-07-14 17:24:16,629 - Zovix - INFO - Database initialized successfully
2026-07-14 17:24:16,888 - Zovix - WARNING - redis not installed. Using in-memory cache.
2026-07-14 17:24:16,889 - Zovix - WARNING - celery not installed. Using threaded queue.
2026-07-14 17:24:16,891 - Zovix - WARNING - pyotp or qrcode not installed. 2FA disabled.
2026-07-14 17:24:16,893 - Zovix - INFO - Started 4 threaded workers
2026-07-14 17:24:16,894 - Zovix - INFO - Load balancer initialized with 4 workers
2026-07-14 17:24:16,901 - Zovix - INFO - Database initialized successfully
2026-07-14 17:24:20,990 - Zovix - WARNING - redis not installed. Using in-memory cache.
2026-07-14 17:24:20,992 - Zovix - WARNING - celery not installed. Using threaded queue.
2026-07-14 17:24:20,995 - Zovix - WARNING - pyotp or qrcode not installed. 2FA disabled.
2026-07-14 17:24:20,997 - Zovix - INFO - Started 4 threaded workers
2026-07-14 17:24:20,997 - Zovix - INFO - Load balancer initialized with 4 workers
2026-07-14 17:24:21,002 - Zovix - INFO - Database initialized successfully
2026-07-14 17:24:21,312 - Zovix - WARNING - redis not installed. Using in-memory cache.
2026-07-14 17:24:21,314 - Zovix - WARNING - celery not installed. Using threaded queue.
2026-07-14 17:24:21,316 - Zovix - WARNING - pyotp or qrcode not installed. 2FA disabled.
2026-07-14 17:24:21,318 - Zovix - INFO - Started 4 threaded workers
2026-07-14 17:24:21,319 - Zovix - INFO - Load balancer initialized with 4 workers
2026-07-14 17:24:21,325 - Zovix - INFO - Database initialized successfully
2026-07-14 17:24:29,902 - Zovix - WARNING - redis not installed. Using in-memory cache.
2026-07-14 17:24:29,903 - Zovix - WARNING - celery not installed. Using threaded queue.
2026-07-14 17:24:29,904 - Zovix - WARNING - pyotp or qrcode not installed. 2FA disabled.
2026-07-14 17:24:29,908 - Zovix - INFO - Started 4 threaded workers
2026-07-14 17:24:29,908 - Zovix - INFO - Load balancer initialized with 4 workers
2026-07-14 17:24:29,914 - Zovix - INFO - Database initialized successfully
2026-07-14 17:24:31,777 - Zovix - WARNING - redis not installed. Using in-memory cache.
2026-07-14 17:24:31,780 - Zovix - WARNING - celery not installed. Using threaded queue.
2026-07-14 17:24:31,783 - Zovix - WARNING - pyotp or qrcode not installed. 2FA disabled.
2026-07-14 17:24:31,787 - Zovix - INFO - Started 4 threaded workers
2026-07-14 17:24:31,787 - Zovix - INFO - Load balancer initialized with 4 workers
2026-07-14 17:24:31,792 - Zovix - INFO - Database initialized successfully
2026-07-14 17:24:32,044 - Zovix - WARNING - redis not installed. Using in-memory cache.
2026-07-14 17:24:32,045 - Zovix - WARNING - celery not installed. Using threaded queue.
2026-07-14 17:24:32,047 - Zovix - WARNING - pyotp or qrcode not installed. 2FA disabled.
2026-07-14 17:24:32,052 - Zovix - INFO - Started 4 threaded workers
2026-07-14 17:24:32,053 - Zovix - INFO - Load balancer initialized with 4 workers
2026-07-14 17:24:32,061 - Zovix - INFO - Database initialized successfully
2026-07-14 17:24:39,570 - Zovix - WARNING - redis not installed. Using in-memory cache.
2026-07-14 17:24:39,571 - Zovix - WARNING - celery not installed. Using threaded queue.
2026-07-14 17:24:39,573 - Zovix - WARNING - pyotp or qrcode not installed. 2FA disabled.
2026-07-14 17:24:39,576 - Zovix - INFO - Started 4 threaded workers
2026-07-14 17:24:39,576 - Zovix - INFO - Load balancer initialized with 4 workers
2026-07-14 17:24:39,580 - Zovix - INFO - Database initialized successfully
2026-07-14 17:24:40,473 - Zovix - WARNING - redis not installed. Using in-memory cache.
2026-07-14 17:24:40,475 - Zovix - WARNING - celery not installed. Using threaded queue.
2026-07-14 17:24:40,476 - Zovix - WARNING - pyotp or qrcode not installed. 2FA disabled.
2026-07-14 17:24:40,478 - Zovix - INFO - Started 4 threaded workers
2026-07-14 17:24:40,478 - Zovix - INFO - Load balancer initialized with 4 workers
2026-07-14 17:24:40,483 - Zovix - INFO - Database initialized successfully
2026-07-14 17:24:46,675 - Zovix - WARNING - redis not installed. Using in-memory cache.
2026-07-14 17:24:46,677 - Zovix - WARNING - celery not installed. Using threaded queue.
2026-07-14 17:24:46,679 - Zovix - WARNING - pyotp or qrcode not installed. 2FA disabled.
2026-07-14 17:24:46,681 - Zovix - INFO - Started 4 threaded workers
2026-07-14 17:24:46,681 - Zovix - INFO - Load balancer initialized with 4 workers
2026-07-14 17:24:46,687 - Zovix - INFO - Database initialized successfully
2026-07-14 17:24:46,764 - Zovix - INFO - Deducted 4 credits from rajmehta886297@gmail.com
2026-07-14 17:24:46,972 - Zovix - WARNING - redis not installed. Using in-memory cache.
2026-07-14 17:24:46,973 - Zovix - WARNING - celery not installed. Using threaded queue.
2026-07-14 17:24:46,974 - Zovix - WARNING - pyotp or qrcode not installed. 2FA disabled.
2026-07-14 17:24:46,977 - Zovix - INFO - Started 4 threaded workers
2026-07-14 17:24:46,978 - Zovix - INFO - Load balancer initialized with 4 workers
2026-07-14 17:24:46,984 - Zovix - INFO - Database initialized successfully
2026-07-14 17:24:47,124 - Zovix - INFO - Deducted 1 credits from rajmehta886297@gmail.com
2026-07-14 17:25:24,200 - Zovix - ERROR - Pollinations error: HTTPSConnectionPool(host='image.pollinations.ai', port=443): Read timed out. (read timeout=25)
2026-07-14 17:27:08,389 - Zovix - WARNING - redis not installed. Using in-memory cache.
2026-07-14 17:27:08,390 - Zovix - WARNING - celery not installed. Using threaded queue.
2026-07-14 17:27:08,391 - Zovix - WARNING - pyotp or qrcode not installed. 2FA disabled.
2026-07-14 17:27:08,394 - Zovix - INFO - Started 4 threaded workers
2026-07-14 17:27:08,395 - Zovix - INFO - Load balancer initialized with 4 workers
2026-07-14 17:27:08,402 - Zovix - INFO - Database initialized successfully
2026-07-14 17:27:10,813 - Zovix - WARNING - redis not installed. Using in-memory cache.
2026-07-14 17:27:10,815 - Zovix - WARNING - celery not installed. Using threaded queue.
2026-07-14 17:27:10,816 - Zovix - WARNING - pyotp or qrcode not installed. 2FA disabled.
2026-07-14 17:27:10,818 - Zovix - INFO - Started 4 threaded workers
2026-07-14 17:27:10,818 - Zovix - INFO - Load balancer initialized with 4 workers
2026-07-14 17:27:10,823 - Zovix - INFO - Database initialized successfully
2026-07-14 17:27:11,615 - Zovix - WARNING - redis not installed. Using in-memory cache.
2026-07-14 17:27:11,616 - Zovix - WARNING - celery not installed. Using threaded queue.
2026-07-14 17:27:11,616 - Zovix - WARNING - pyotp or qrcode not installed. 2FA disabled.
2026-07-14 17:27:11,619 - Zovix - INFO - Started 4 threaded workers
2026-07-14 17:27:11,619 - Zovix - INFO - Load balancer initialized with 4 workers
2026-07-14 17:27:11,624 - Zovix - INFO - Database initialized successfully
2026-07-14 17:27:12,064 - Zovix - WARNING - redis not installed. Using in-memory cache.
2026-07-14 17:27:12,065 - Zovix - WARNING - celery not installed. Using threaded queue.
2026-07-14 17:27:12,066 - Zovix - WARNING - pyotp or qrcode not installed. 2FA disabled.
2026-07-14 17:27:12,068 - Zovix - INFO - Started 4 threaded workers
2026-07-14 17:27:12,068 - Zovix - INFO - Load balancer initialized with 4 workers
2026-07-14 17:27:12,074 - Zovix - INFO - Database initialized successfully
2026-07-14 17:27:14,705 - Zovix - WARNING - redis not installed. Using in-memory cache.
2026-07-14 17:27:14,706 - Zovix - WARNING - celery not installed. Using threaded queue.
2026-07-14 17:27:14,708 - Zovix - WARNING - pyotp or qrcode not installed. 2FA disabled.
2026-07-14 17:27:14,711 - Zovix - INFO - Started 4 threaded workers
2026-07-14 17:27:14,711 - Zovix - INFO - Load balancer initialized with 4 workers
2026-07-14 17:27:14,717 - Zovix - INFO - Database initialized successfully
2026-07-14 17:27:21,180 - Zovix - WARNING - redis not installed. Using in-memory cache.
2026-07-14 17:27:21,182 - Zovix - WARNING - celery not installed. Using threaded queue.
2026-07-14 17:27:21,183 - Zovix - WARNING - pyotp or qrcode not installed. 2FA disabled.
2026-07-14 17:27:21,186 - Zovix - INFO - Started 4 threaded workers
2026-07-14 17:27:21,186 - Zovix - INFO - Load balancer initialized with 4 workers
2026-07-14 17:27:21,192 - Zovix - INFO - Database initialized successfully
2026-07-14 17:27:58,766 - Zovix - WARNING - redis not installed. Using in-memory cache.
2026-07-14 17:27:58,769 - Zovix - WARNING - celery not installed. Using threaded queue.
2026-07-14 17:27:58,770 - Zovix - WARNING - pyotp or qrcode not installed. 2FA disabled.
2026-07-14 17:27:58,773 - Zovix - INFO - Started 4 threaded workers
2026-07-14 17:27:58,773 - Zovix - INFO - Load balancer initialized with 4 workers
2026-07-14 17:27:58,781 - Zovix - INFO - Database initialized successfully
2026-07-14 17:27:59,021 - Zovix - WARNING - redis not installed. Using in-memory cache.
2026-07-14 17:27:59,023 - Zovix - WARNING - celery not installed. Using threaded queue.
2026-07-14 17:27:59,025 - Zovix - WARNING - pyotp or qrcode not installed. 2FA disabled.
2026-07-14 17:27:59,028 - Zovix - INFO - Started 4 threaded workers
2026-07-14 17:27:59,029 - Zovix - INFO - Load balancer initialized with 4 workers
2026-07-14 17:27:59,035 - Zovix - INFO - Database initialized successfully
2026-07-14 17:27:59,301 - Zovix - WARNING - redis not installed. Using in-memory cache.
2026-07-14 17:27:59,304 - Zovix - WARNING - celery not installed. Using threaded queue.
2026-07-14 17:27:59,307 - Zovix - WARNING - pyotp or qrcode not installed. 2FA disabled.
2026-07-14 17:27:59,312 - Zovix - INFO - Started 4 threaded workers
2026-07-14 17:27:59,313 - Zovix - INFO - Load balancer initialized with 4 workers
2026-07-14 17:27:59,317 - Zovix - INFO - Database initialized successfully
2026-07-14 17:28:03,390 - Zovix - WARNING - redis not installed. Using in-memory cache.
2026-07-14 17:28:03,391 - Zovix - WARNING - celery not installed. Using threaded queue.
2026-07-14 17:28:03,393 - Zovix - WARNING - pyotp or qrcode not installed. 2FA disabled.
2026-07-14 17:28:03,395 - Zovix - INFO - Started 4 threaded workers
2026-07-14 17:28:03,396 - Zovix - INFO - Load balancer initialized with 4 workers
2026-07-14 17:28:03,401 - Zovix - INFO - Database initialized successfully
2026-07-14 17:28:03,663 - Zovix - WARNING - redis not installed. Using in-memory cache.
2026-07-14 17:28:03,665 - Zovix - WARNING - celery not installed. Using threaded queue.
2026-07-14 17:28:03,667 - Zovix - WARNING - pyotp or qrcode not installed. 2FA disabled.
2026-07-14 17:28:03,670 - Zovix - INFO - Started 4 threaded workers
2026-07-14 17:28:03,671 - Zovix - INFO - Load balancer initialized with 4 workers
2026-07-14 17:28:03,677 - Zovix - INFO - Database initialized successfully
2026-07-14 17:28:06,040 - Zovix - WARNING - redis not installed. Using in-memory cache.
2026-07-14 17:28:06,042 - Zovix - WARNING - celery not installed. Using threaded queue.
2026-07-14 17:28:06,043 - Zovix - WARNING - pyotp or qrcode not installed. 2FA disabled.
2026-07-14 17:28:06,046 - Zovix - INFO - Started 4 threaded workers
2026-07-14 17:28:06,046 - Zovix - INFO - Load balancer initialized with 4 workers
2026-07-14 17:28:06,052 - Zovix - INFO - Database initialized successfully
2026-07-14 17:28:06,292 - Zovix - WARNING - redis not installed. Using in-memory cache.
2026-07-14 17:28:06,293 - Zovix - WARNING - celery not installed. Using threaded queue.
2026-07-14 17:28:06,294 - Zovix - WARNING - pyotp or qrcode not installed. 2FA disabled.
2026-07-14 17:28:06,297 - Zovix - INFO - Started 4 threaded workers
2026-07-14 17:28:06,297 - Zovix - INFO - Load balancer initialized with 4 workers
2026-07-14 17:28:06,303 - Zovix - INFO - Database initialized successfully
2026-07-14 17:28:06,963 - Zovix - WARNING - redis not installed. Using in-memory cache.
2026-07-14 17:28:06,964 - Zovix - WARNING - celery not installed. Using threaded queue.
2026-07-14 17:28:06,965 - Zovix - WARNING - pyotp or qrcode not installed. 2FA disabled.
2026-07-14 17:28:06,968 - Zovix - INFO - Started 4 threaded workers
2026-07-14 17:28:06,968 - Zovix - INFO - Load balancer initialized with 4 workers
2026-07-14 17:28:06,973 - Zovix - INFO - Database initialized successfully
2026-07-14 17:28:07,239 - Zovix - WARNING - redis not installed. Using in-memory cache.
2026-07-14 17:28:07,240 - Zovix - WARNING - celery not installed. Using threaded queue.
2026-07-14 17:28:07,241 - Zovix - WARNING - pyotp or qrcode not installed. 2FA disabled.
2026-07-14 17:28:07,245 - Zovix - INFO - Started 4 threaded workers
2026-07-14 17:28:07,246 - Zovix - INFO - Load balancer initialized with 4 workers
2026-07-14 17:28:07,252 - Zovix - INFO - Database initialized successfully
2026-07-14 17:28:08,871 - Zovix - WARNING - redis not installed. Using in-memory cache.
2026-07-14 17:28:08,873 - Zovix - WARNING - celery not installed. Using threaded queue.
2026-07-14 17:28:08,874 - Zovix - WARNING - pyotp or qrcode not installed. 2FA disabled.
2026-07-14 17:28:08,877 - Zovix - INFO - Started 4 threaded workers
2026-07-14 17:28:08,877 - Zovix - INFO - Load balancer initialized with 4 workers
2026-07-14 17:28:08,883 - Zovix - INFO - Database initialized successfully
2026-07-14 17:28:09,141 - Zovix - WARNING - redis not installed. Using in-memory cache.
2026-07-14 17:28:09,142 - Zovix - WARNING - celery not installed. Using threaded queue.
2026-07-14 17:28:09,142 - Zovix - WARNING - pyotp or qrcode not installed. 2FA disabled.
2026-07-14 17:28:09,145 - Zovix - INFO - Started 4 threaded workers
2026-07-14 17:28:09,145 - Zovix - INFO - Load balancer initialized with 4 workers
2026-07-14 17:28:09,149 - Zovix - INFO - Database initialized successfully
2026-07-14 17:28:12,390 - Zovix - WARNING - redis not installed. Using in-memory cache.
2026-07-14 17:28:12,391 - Zovix - WARNING - celery not installed. Using threaded queue.
2026-07-14 17:28:12,392 - Zovix - WARNING - pyotp or qrcode not installed. 2FA disabled.
2026-07-14 17:28:12,394 - Zovix - INFO - Started 4 threaded workers
2026-07-14 17:28:12,394 - Zovix - INFO - Load balancer initialized with 4 workers
2026-07-14 17:28:12,400 - Zovix - INFO - Database initialized successfully
2026-07-14 17:28:12,696 - Zovix - WARNING - redis not installed. Using in-memory cache.
2026-07-14 17:28:12,697 - Zovix - WARNING - celery not installed. Using threaded queue.
2026-07-14 17:28:12,698 - Zovix - WARNING - pyotp or qrcode not installed. 2FA disabled.
2026-07-14 17:28:12,701 - Zovix - INFO - Started 4 threaded workers
2026-07-14 17:28:12,701 - Zovix - INFO - Load balancer initialized with 4 workers
2026-07-14 17:28:12,708 - Zovix - INFO - Database initialized successfully
2026-07-14 17:28:17,939 - Zovix - WARNING - redis not installed. Using in-memory cache.
2026-07-14 17:28:17,940 - Zovix - WARNING - celery not installed. Using threaded queue.
2026-07-14 17:28:17,942 - Zovix - WARNING - pyotp or qrcode not installed. 2FA disabled.
2026-07-14 17:28:17,944 - Zovix - INFO - Started 4 threaded workers
2026-07-14 17:28:17,945 - Zovix - INFO - Load balancer initialized with 4 workers
2026-07-14 17:28:17,949 - Zovix - INFO - Database initialized successfully
2026-07-14 17:28:18,037 - Zovix - INFO - Deducted 4 credits from rajmehta886297@gmail.com
2026-07-14 17:28:18,248 - Zovix - WARNING - redis not installed. Using in-memory cache.
2026-07-14 17:28:18,249 - Zovix - WARNING - celery not installed. Using threaded queue.
2026-07-14 17:28:18,251 - Zovix - WARNING - pyotp or qrcode not installed. 2FA disabled.
2026-07-14 17:28:18,254 - Zovix - INFO - Started 4 threaded workers
2026-07-14 17:28:18,254 - Zovix - INFO - Load balancer initialized with 4 workers
2026-07-14 17:28:18,261 - Zovix - INFO - Database initialized successfully
2026-07-14 17:28:18,396 - Zovix - INFO - Deducted 1 credits from rajmehta886297@gmail.com
2026-07-14 17:28:18,572 - google_genai.models - INFO - AFC is enabled with max remote calls: 10.
2026-07-14 17:28:18,967 - httpx - INFO - HTTP Request: POST https://generativelanguage.googleapis.com/v1beta/models/gemini-2.5-pro:generateContent "HTTP/1.1 429 Too Many Requests"
2026-07-14 17:28:18,971 - Zovix - ERROR - Script generation error: 429 RESOURCE_EXHAUSTED. {'error': {'code': 429, 'message': 'You exceeded your current quota, please check your plan and billing details. For more information on this error, head to: https://ai.google.dev/gemini-api/docs/rate-limits. To monitor your current usage, head to: https://ai.dev/rate-limit. \n* Quota exceeded for metric: generativelanguage.googleapis.com/generate_content_free_tier_input_token_count, limit: 0, model: gemini-2.5-pro\n* Quota exceeded for metric: generativelanguage.googleapis.com/generate_content_free_tier_requests, limit: 0, model: gemini-2.5-pro\n* Quota exceeded for metric: generativelanguage.googleapis.com/generate_content_free_tier_requests, limit: 0, model: gemini-2.5-pro\n* Quota exceeded for metric: generativelanguage.googleapis.com/generate_content_free_tier_input_token_count, limit: 0, model: gemini-2.5-pro\nPlease retry in 39.351903194s.', 'status': 'RESOURCE_EXHAUSTED', 'details': [{'@type': 'type.googleapis.com/google.rpc.Help', 'links': [{'description': 'Learn more about Gemini API quotas', 'url': 'https://ai.google.dev/gemini-api/docs/rate-limits'}]}, {'@type': 'type.googleapis.com/google.rpc.QuotaFailure', 'violations': [{'quotaMetric': 'generativelanguage.googleapis.com/generate_content_free_tier_input_token_count', 'quotaId': 'GenerateContentInputTokensPerModelPerDay-FreeTier', 'quotaDimensions': {'model': 'gemini-2.5-pro', 'location': 'global'}}, {'quotaMetric': 'generativelanguage.googleapis.com/generate_content_free_tier_requests', 'quotaId': 'GenerateRequestsPerDayPerProjectPerModel-FreeTier', 'quotaDimensions': {'location': 'global', 'model': 'gemini-2.5-pro'}}, {'quotaMetric': 'generativelanguage.googleapis.com/generate_content_free_tier_requests', 'quotaId': 'GenerateRequestsPerMinutePerProjectPerModel-FreeTier', 'quotaDimensions': {'model': 'gemini-2.5-pro', 'location': 'global'}}, {'quotaMetric': 'generativelanguage.googleapis.com/generate_content_free_tier_input_token_count', 'quotaId': 'GenerateContentInputTokensPerModelPerMinute-FreeTier', 'quotaDimensions': {'model': 'gemini-2.5-pro', 'location': 'global'}}]}, {'@type': 'type.googleapis.com/google.rpc.RetryInfo', 'retryDelay': '39s'}]}}
2026-07-14 17:44:27,071 - Zovix - WARNING - redis not installed. Using in-memory cache.
2026-07-14 17:44:27,074 - Zovix - WARNING - celery not installed. Using threaded queue.
2026-07-14 17:44:27,084 - Zovix - WARNING - pyotp or qrcode not installed. 2FA disabled.
2026-07-14 17:44:27,087 - Zovix - INFO - Started 4 threaded workers
2026-07-14 17:44:27,088 - Zovix - INFO - Load balancer initialized with 4 workers
2026-07-14 17:44:27,109 - Zovix - INFO - Database initialized successfully
2026-07-14 17:44:44,234 - Zovix - WARNING - redis not installed. Using in-memory cache.
2026-07-14 17:44:44,236 - Zovix - WARNING - celery not installed. Using threaded queue.
2026-07-14 17:44:44,237 - Zovix - WARNING - pyotp or qrcode not installed. 2FA disabled.
2026-07-14 17:44:44,240 - Zovix - INFO - Started 4 threaded workers
2026-07-14 17:44:44,241 - Zovix - INFO - Load balancer initialized with 4 workers
2026-07-14 17:44:44,247 - Zovix - INFO - Database initialized successfully
2026-07-14 17:44:48,934 - Zovix - WARNING - redis not installed. Using in-memory cache.
2026-07-14 17:44:48,935 - Zovix - WARNING - celery not installed. Using threaded queue.
2026-07-14 17:44:48,937 - Zovix - WARNING - pyotp or qrcode not installed. 2FA disabled.
2026-07-14 17:44:48,944 - Zovix - INFO - Started 4 threaded workers
2026-07-14 17:44:48,944 - Zovix - INFO - Load balancer initialized with 4 workers
2026-07-14 17:44:48,952 - Zovix - INFO - Database initialized successfully
2026-07-14 17:45:46,205 - Zovix - WARNING - redis not installed. Using in-memory cache.
2026-07-14 17:45:46,206 - Zovix - WARNING - celery not installed. Using threaded queue.
2026-07-14 17:45:46,207 - Zovix - WARNING - pyotp or qrcode not installed. 2FA disabled.
2026-07-14 17:45:46,211 - Zovix - INFO - Started 4 threaded workers
2026-07-14 17:45:46,211 - Zovix - INFO - Load balancer initialized with 4 workers
2026-07-14 17:45:46,218 - Zovix - INFO - Database initialized successfully
2026-07-14 17:45:50,337 - Zovix - WARNING - redis not installed. Using in-memory cache.
2026-07-14 17:45:50,339 - Zovix - WARNING - celery not installed. Using threaded queue.
2026-07-14 17:45:50,342 - Zovix - WARNING - pyotp or qrcode not installed. 2FA disabled.
2026-07-14 17:45:50,346 - Zovix - INFO - Started 4 threaded workers
2026-07-14 17:45:50,347 - Zovix - INFO - Load balancer initialized with 4 workers
2026-07-14 17:45:50,354 - Zovix - INFO - Database initialized successfully
2026-07-14 17:45:50,604 - Zovix - WARNING - redis not installed. Using in-memory cache.
2026-07-14 17:45:50,608 - Zovix - WARNING - celery not installed. Using threaded queue.
2026-07-14 17:45:50,611 - Zovix - WARNING - pyotp or qrcode not installed. 2FA disabled.
2026-07-14 17:45:50,615 - Zovix - INFO - Started 4 threaded workers
2026-07-14 17:45:50,615 - Zovix - INFO - Load balancer initialized with 4 workers
2026-07-14 17:45:50,622 - Zovix - INFO - Database initialized successfully
2026-07-14 17:45:50,909 - Zovix - WARNING - redis not installed. Using in-memory cache.
2026-07-14 17:45:50,911 - Zovix - WARNING - celery not installed. Using threaded queue.
2026-07-14 17:45:50,914 - Zovix - WARNING - pyotp or qrcode not installed. 2FA disabled.
2026-07-14 17:45:50,918 - Zovix - INFO - Started 4 threaded workers
2026-07-14 17:45:50,918 - Zovix - INFO - Load balancer initialized with 4 workers
2026-07-14 17:45:50,928 - Zovix - INFO - Database initialized successfully
2026-07-14 17:45:52,652 - Zovix - WARNING - redis not installed. Using in-memory cache.
2026-07-14 17:45:52,655 - Zovix - WARNING - celery not installed. Using threaded queue.
2026-07-14 17:45:52,657 - Zovix - WARNING - pyotp or qrcode not installed. 2FA disabled.
2026-07-14 17:45:52,660 - Zovix - INFO - Started 4 threaded workers
2026-07-14 17:45:52,660 - Zovix - INFO - Load balancer initialized with 4 workers
2026-07-14 17:45:52,666 - Zovix - INFO - Database initialized successfully
2026-07-14 17:45:52,972 - Zovix - WARNING - redis not installed. Using in-memory cache.
2026-07-14 17:45:52,986 - Zovix - WARNING - celery not installed. Using threaded queue.
2026-07-14 17:45:52,992 - Zovix - WARNING - pyotp or qrcode not installed. 2FA disabled.
2026-07-14 17:45:53,036 - Zovix - INFO - Started 4 threaded workers
2026-07-14 17:45:53,036 - Zovix - INFO - Load balancer initialized with 4 workers
2026-07-14 17:45:53,041 - Zovix - INFO - Database initialized successfully
2026-07-14 17:45:54,186 - Zovix - WARNING - redis not installed. Using in-memory cache.
2026-07-14 17:45:54,187 - Zovix - WARNING - celery not installed. Using threaded queue.
2026-07-14 17:45:54,188 - Zovix - WARNING - pyotp or qrcode not installed. 2FA disabled.
2026-07-14 17:45:54,192 - Zovix - INFO - Started 4 threaded workers
2026-07-14 17:45:54,192 - Zovix - INFO - Load balancer initialized with 4 workers
2026-07-14 17:45:54,202 - Zovix - INFO - Database initialized successfully
2026-07-14 17:45:54,494 - Zovix - WARNING - redis not installed. Using in-memory cache.
2026-07-14 17:45:54,496 - Zovix - WARNING - celery not installed. Using threaded queue.
2026-07-14 17:45:54,498 - Zovix - WARNING - pyotp or qrcode not installed. 2FA disabled.
2026-07-14 17:45:54,502 - Zovix - INFO - Started 4 threaded workers
2026-07-14 17:45:54,502 - Zovix - INFO - Load balancer initialized with 4 workers
2026-07-14 17:45:54,510 - Zovix - INFO - Database initialized successfully
2026-07-14 17:45:58,140 - Zovix - WARNING - redis not installed. Using in-memory cache.
2026-07-14 17:45:58,142 - Zovix - WARNING - celery not installed. Using threaded queue.
2026-07-14 17:45:58,143 - Zovix - WARNING - pyotp or qrcode not installed. 2FA disabled.
2026-07-14 17:45:58,146 - Zovix - INFO - Started 4 threaded workers
2026-07-14 17:45:58,146 - Zovix - INFO - Load balancer initialized with 4 workers
2026-07-14 17:45:58,152 - Zovix - INFO - Database initialized successfully
2026-07-14 17:45:59,776 - Zovix - WARNING - redis not installed. Using in-memory cache.
2026-07-14 17:45:59,777 - Zovix - WARNING - celery not installed. Using threaded queue.
2026-07-14 17:45:59,779 - Zovix - WARNING - pyotp or qrcode not installed. 2FA disabled.
2026-07-14 17:45:59,782 - Zovix - INFO - Started 4 threaded workers
2026-07-14 17:45:59,782 - Zovix - INFO - Load balancer initialized with 4 workers
2026-07-14 17:45:59,789 - Zovix - INFO - Database initialized successfully
2026-07-14 17:46:00,119 - Zovix - WARNING - redis not installed. Using in-memory cache.
2026-07-14 17:46:00,122 - Zovix - WARNING - celery not installed. Using threaded queue.
2026-07-14 17:46:00,124 - Zovix - WARNING - pyotp or qrcode not installed. 2FA disabled.
2026-07-14 17:46:00,127 - Zovix - INFO - Started 4 threaded workers
2026-07-14 17:46:00,127 - Zovix - INFO - Load balancer initialized with 4 workers
2026-07-14 17:46:00,134 - Zovix - INFO - Database initialized successfully
2026-07-14 17:46:05,825 - Zovix - WARNING - redis not installed. Using in-memory cache.
2026-07-14 17:46:05,826 - Zovix - WARNING - celery not installed. Using threaded queue.
2026-07-14 17:46:05,828 - Zovix - WARNING - pyotp or qrcode not installed. 2FA disabled.
2026-07-14 17:46:05,832 - Zovix - INFO - Started 4 threaded workers
2026-07-14 17:46:05,832 - Zovix - INFO - Load balancer initialized with 4 workers
2026-07-14 17:46:05,838 - Zovix - INFO - Database initialized successfully
2026-07-14 17:46:07,205 - Zovix - WARNING - redis not installed. Using in-memory cache.
2026-07-14 17:46:07,207 - Zovix - WARNING - celery not installed. Using threaded queue.
2026-07-14 17:46:07,208 - Zovix - WARNING - pyotp or qrcode not installed. 2FA disabled.
2026-07-14 17:46:07,211 - Zovix - INFO - Started 4 threaded workers
2026-07-14 17:46:07,211 - Zovix - INFO - Load balancer initialized with 4 workers
2026-07-14 17:46:07,217 - Zovix - INFO - Database initialized successfully
2026-07-14 17:46:08,466 - Zovix - WARNING - redis not installed. Using in-memory cache.
2026-07-14 17:46:08,467 - Zovix - WARNING - celery not installed. Using threaded queue.
2026-07-14 17:46:08,471 - Zovix - WARNING - pyotp or qrcode not installed. 2FA disabled.
2026-07-14 17:46:08,474 - Zovix - INFO - Started 4 threaded workers
2026-07-14 17:46:08,474 - Zovix - INFO - Load balancer initialized with 4 workers
2026-07-14 17:46:08,481 - Zovix - INFO - Database initialized successfully
2026-07-14 17:46:10,715 - Zovix - WARNING - redis not installed. Using in-memory cache.
2026-07-14 17:46:10,717 - Zovix - WARNING - celery not installed. Using threaded queue.
2026-07-14 17:46:10,718 - Zovix - WARNING - pyotp or qrcode not installed. 2FA disabled.
2026-07-14 17:46:10,721 - Zovix - INFO - Started 4 threaded workers
2026-07-14 17:46:10,722 - Zovix - INFO - Load balancer initialized with 4 workers
2026-07-14 17:46:10,726 - Zovix - INFO - Database initialized successfully
2026-07-14 17:46:14,687 - Zovix - WARNING - redis not installed. Using in-memory cache.
2026-07-14 17:46:14,689 - Zovix - WARNING - celery not installed. Using threaded queue.
2026-07-14 17:46:14,691 - Zovix - WARNING - pyotp or qrcode not installed. 2FA disabled.
2026-07-14 17:46:14,693 - Zovix - INFO - Started 4 threaded workers
2026-07-14 17:46:14,694 - Zovix - INFO - Load balancer initialized with 4 workers
2026-07-14 17:46:14,700 - Zovix - INFO - Database initialized successfully
2026-07-14 17:46:14,785 - Zovix - INFO - Deducted 4 credits from rajmehta886297@gmail.com
2026-07-14 17:46:14,999 - Zovix - WARNING - redis not installed. Using in-memory cache.
2026-07-14 17:46:15,002 - Zovix - WARNING - celery not installed. Using threaded queue.
2026-07-14 17:46:15,004 - Zovix - WARNING - pyotp or qrcode not installed. 2FA disabled.
2026-07-14 17:46:15,008 - Zovix - INFO - Started 4 threaded workers
2026-07-14 17:46:15,008 - Zovix - INFO - Load balancer initialized with 4 workers
2026-07-14 17:46:15,019 - Zovix - INFO - Database initialized successfully
2026-07-14 17:46:15,132 - Zovix - INFO - Deducted 1 credits from rajmehta886297@gmail.com
2026-07-14 17:46:38,654 - Zovix - ERROR - Pexels error: HTTPSConnectionPool(host='videos.pexels.com', port=443): Read timed out.
2026-07-14 18:50:50,925 - Zovix - INFO - Redis connected for rate limiting
2026-07-14 18:50:50,984 - Zovix - INFO - Load balancer initialized with 4 workers
2026-07-14 18:50:53,014 - Zovix - INFO - Redis cache connected
2026-07-14 18:50:53,063 - Zovix - INFO - Database initialized successfully
2026-07-14 18:51:34,802 - Zovix - INFO - Redis connected for rate limiting
2026-07-14 18:51:34,803 - Zovix - INFO - Load balancer initialized with 4 workers
2026-07-14 18:51:36,869 - Zovix - INFO - Redis cache connected
2026-07-14 18:51:36,875 - Zovix - INFO - Database initialized successfully
2026-07-14 18:51:44,877 - Zovix - INFO - Redis connected for rate limiting
2026-07-14 18:51:44,878 - Zovix - INFO - Load balancer initialized with 4 workers
2026-07-14 18:51:46,919 - Zovix - INFO - Redis cache connected
2026-07-14 18:51:46,924 - Zovix - INFO - Database initialized successfully
2026-07-14 18:52:35,202 - Zovix - INFO - Redis connected for rate limiting
2026-07-14 18:52:35,204 - Zovix - INFO - Load balancer initialized with 4 workers
2026-07-14 18:52:37,247 - Zovix - INFO - Redis cache connected
2026-07-14 18:52:37,255 - Zovix - INFO - Database initialized successfully
2026-07-14 18:52:44,276 - Zovix - INFO - Redis connected for rate limiting
2026-07-14 18:52:44,278 - Zovix - INFO - Load balancer initialized with 4 workers
2026-07-14 18:52:46,333 - Zovix - INFO - Redis cache connected
2026-07-14 18:52:46,342 - Zovix - INFO - Database initialized successfully
2026-07-14 18:52:50,780 - Zovix - INFO - Redis connected for rate limiting
2026-07-14 18:52:50,782 - Zovix - INFO - Load balancer initialized with 4 workers
2026-07-14 18:52:52,834 - Zovix - INFO - Redis cache connected
2026-07-14 18:52:52,837 - Zovix - INFO - Database initialized successfully
2026-07-14 18:53:01,289 - Zovix - INFO - Redis connected for rate limiting
2026-07-14 18:53:01,291 - Zovix - INFO - Load balancer initialized with 4 workers
2026-07-14 18:53:03,330 - Zovix - INFO - Redis cache connected
2026-07-14 18:53:03,335 - Zovix - INFO - Database initialized successfully
2026-07-14 18:53:07,755 - Zovix - INFO - Redis connected for rate limiting
2026-07-14 18:53:07,757 - Zovix - INFO - Load balancer initialized with 4 workers
2026-07-14 18:53:09,804 - Zovix - INFO - Redis cache connected
2026-07-14 18:53:09,808 - Zovix - INFO - Database initialized successfully
2026-07-14 18:53:17,938 - Zovix - INFO - Redis connected for rate limiting
2026-07-14 18:53:17,939 - Zovix - INFO - Load balancer initialized with 4 workers
2026-07-14 18:53:19,980 - Zovix - INFO - Redis cache connected
2026-07-14 18:53:19,988 - Zovix - INFO - Database initialized successfully
2026-07-14 18:53:24,420 - Zovix - INFO - Redis connected for rate limiting
2026-07-14 18:53:24,422 - Zovix - INFO - Load balancer initialized with 4 workers
2026-07-14 18:53:26,450 - Zovix - INFO - Redis cache connected
2026-07-14 18:53:26,457 - Zovix - INFO - Database initialized successfully
2026-07-14 18:53:36,700 - Zovix - INFO - Redis connected for rate limiting
2026-07-14 18:53:36,701 - Zovix - INFO - Load balancer initialized with 4 workers
2026-07-14 18:53:38,760 - Zovix - INFO - Redis cache connected
2026-07-14 18:53:38,764 - Zovix - INFO - Database initialized successfully
2026-07-14 18:53:43,210 - Zovix - INFO - Redis connected for rate limiting
2026-07-14 18:53:43,210 - Zovix - INFO - Load balancer initialized with 4 workers
2026-07-14 18:53:45,096 - Zovix - INFO - Redis connected for rate limiting
2026-07-14 18:53:45,098 - Zovix - INFO - Load balancer initialized with 4 workers
2026-07-14 18:53:45,251 - Zovix - INFO - Redis cache connected
2026-07-14 18:53:46,929 - Zovix - INFO - Redis connected for rate limiting
2026-07-14 18:53:46,930 - Zovix - INFO - Load balancer initialized with 4 workers
2026-07-14 18:53:47,145 - Zovix - INFO - Redis cache connected
2026-07-14 18:53:48,070 - Zovix - INFO - Redis connected for rate limiting
2026-07-14 18:53:48,072 - Zovix - INFO - Load balancer initialized with 4 workers
2026-07-14 18:53:48,971 - Zovix - INFO - Redis cache connected
2026-07-14 18:53:50,128 - Zovix - INFO - Redis cache connected
2026-07-14 18:53:50,131 - Zovix - INFO - Database initialized successfully
2026-07-14 18:54:00,162 - Zovix - INFO - Redis connected for rate limiting
2026-07-14 18:54:00,163 - Zovix - INFO - Load balancer initialized with 4 workers
2026-07-14 18:54:02,207 - Zovix - INFO - Redis cache connected
2026-07-14 18:54:02,217 - Zovix - INFO - Database initialized successfully
2026-07-14 18:54:04,341 - Zovix - INFO - Deducted 4 credits from rajmehta886297@gmail.com
2026-07-14 18:54:06,668 - Zovix - INFO - Redis connected for rate limiting
2026-07-14 18:54:06,670 - Zovix - INFO - Load balancer initialized with 4 workers
2026-07-14 18:54:08,725 - Zovix - INFO - Redis cache connected
2026-07-14 18:54:08,730 - Zovix - INFO - Database initialized successfully
2026-07-14 18:54:10,926 - Zovix - INFO - Deducted 1 credits from rajmehta886297@gmail.com
2026-07-14 18:55:44,919 - Zovix - INFO - Redis connected for rate limiting
2026-07-14 18:55:44,922 - Zovix - INFO - Load balancer initialized with 4 workers
2026-07-14 18:55:46,956 - Zovix - INFO - Redis cache connected
2026-07-14 18:55:46,958 - Zovix - INFO - Database initialized successfully
2026-07-14 19:04:21,794 - Zovix - INFO - Redis connected for rate limiting
2026-07-14 19:04:21,833 - Zovix - INFO - Load balancer initialized with 4 workers
2026-07-14 19:04:23,867 - Zovix - INFO - Redis cache connected
2026-07-14 19:04:23,884 - Zovix - INFO - Database initialized successfully
2026-07-14 19:04:28,780 - Zovix - INFO - Redis connected for rate limiting
2026-07-14 19:04:28,783 - Zovix - INFO - Load balancer initialized with 4 workers
2026-07-14 19:04:30,822 - Zovix - INFO - Redis cache connected
2026-07-14 19:04:30,827 - Zovix - INFO - Database initialized successfully
2026-07-14 19:04:39,565 - Zovix - INFO - Redis connected for rate limiting
2026-07-14 19:04:39,567 - Zovix - INFO - Load balancer initialized with 4 workers
2026-07-14 19:04:41,616 - Zovix - INFO - Redis cache connected
2026-07-14 19:04:41,623 - Zovix - INFO - Database initialized successfully
2026-07-14 19:04:53,958 - Zovix - INFO - Redis connected for rate limiting
2026-07-14 19:04:53,960 - Zovix - INFO - Load balancer initialized with 4 workers
2026-07-14 19:04:56,015 - Zovix - INFO - Redis cache connected
2026-07-14 19:04:56,023 - Zovix - INFO - Database initialized successfully
2026-07-14 19:05:06,754 - Zovix - INFO - Redis connected for rate limiting
2026-07-14 19:05:06,755 - Zovix - INFO - Load balancer initialized with 4 workers
2026-07-14 19:05:08,802 - Zovix - INFO - Redis cache connected
2026-07-14 19:05:08,809 - Zovix - INFO - Database initialized successfully
2026-07-14 19:05:13,109 - Zovix - INFO - Redis connected for rate limiting
2026-07-14 19:05:13,110 - Zovix - INFO - Load balancer initialized with 4 workers
2026-07-14 19:05:15,147 - Zovix - INFO - Redis cache connected
2026-07-14 19:05:15,155 - Zovix - INFO - Database initialized successfully
2026-07-14 19:05:25,328 - Zovix - INFO - Redis connected for rate limiting
2026-07-14 19:05:25,331 - Zovix - INFO - Load balancer initialized with 4 workers
2026-07-14 19:05:27,377 - Zovix - INFO - Redis cache connected
2026-07-14 19:05:27,386 - Zovix - INFO - Database initialized successfully
2026-07-14 19:05:54,361 - Zovix - INFO - Redis connected for rate limiting
2026-07-14 19:05:54,363 - Zovix - INFO - Load balancer initialized with 4 workers
2026-07-14 19:05:56,403 - Zovix - INFO - Redis cache connected
2026-07-14 19:05:56,410 - Zovix - INFO - Database initialized successfully
2026-07-14 19:06:00,727 - Zovix - INFO - Redis connected for rate limiting
2026-07-14 19:06:00,729 - Zovix - INFO - Load balancer initialized with 4 workers
2026-07-14 19:06:02,767 - Zovix - INFO - Redis cache connected
2026-07-14 19:06:02,775 - Zovix - INFO - Database initialized successfully
2026-07-14 19:06:13,050 - Zovix - INFO - Redis connected for rate limiting
2026-07-14 19:06:13,052 - Zovix - INFO - Load balancer initialized with 4 workers
2026-07-14 19:06:15,103 - Zovix - INFO - Redis cache connected
2026-07-14 19:06:15,107 - Zovix - INFO - Database initialized successfully
2026-07-14 19:09:19,902 - Zovix - INFO - Redis connected for rate limiting
2026-07-14 19:09:19,931 - Zovix - INFO - Load balancer initialized with 4 workers
2026-07-14 19:09:21,989 - Zovix - INFO - Redis cache connected
2026-07-14 19:09:22,009 - Zovix - INFO - Database initialized successfully
2026-07-14 19:09:27,357 - Zovix - INFO - Redis connected for rate limiting
2026-07-14 19:09:27,360 - Zovix - INFO - Load balancer initialized with 4 workers
2026-07-14 19:09:29,412 - Zovix - INFO - Redis cache connected
2026-07-14 19:09:29,420 - Zovix - INFO - Database initialized successfully
2026-07-14 19:09:36,434 - Zovix - INFO - Redis connected for rate limiting
2026-07-14 19:09:36,436 - Zovix - INFO - Load balancer initialized with 4 workers
2026-07-14 19:09:38,478 - Zovix - INFO - Redis cache connected
2026-07-14 19:09:38,485 - Zovix - INFO - Database initialized successfully
2026-07-14 19:09:52,367 - Zovix - INFO - Redis connected for rate limiting
2026-07-14 19:09:52,370 - Zovix - INFO - Load balancer initialized with 4 workers
2026-07-14 19:09:54,409 - Zovix - INFO - Redis cache connected
2026-07-14 19:09:54,414 - Zovix - INFO - Database initialized successfully
2026-07-14 19:10:09,195 - Zovix - INFO - Redis connected for rate limiting
2026-07-14 19:10:09,198 - Zovix - INFO - Load balancer initialized with 4 workers
2026-07-14 19:10:11,240 - Zovix - INFO - Redis cache connected
2026-07-14 19:10:11,250 - Zovix - INFO - Database initialized successfully
2026-07-14 19:44:10,344 - Zovix - WARNING - redis not installed. Using in-memory cache.
2026-07-14 19:44:10,344 - Zovix - WARNING - celery not installed. Using threaded queue.
2026-07-14 19:44:10,352 - Zovix - WARNING - pyotp or qrcode not installed. 2FA disabled.
2026-07-14 19:44:10,355 - Zovix - INFO - Started 4 threaded workers
2026-07-14 19:44:10,355 - Zovix - INFO - Load balancer initialized with 4 workers
2026-07-14 19:44:10,371 - Zovix - INFO - Database initialized successfully
2026-07-14 19:44:13,804 - Zovix - WARNING - redis not installed. Using in-memory cache.
2026-07-14 19:44:13,809 - Zovix - WARNING - celery not installed. Using threaded queue.
2026-07-14 19:44:13,813 - Zovix - WARNING - pyotp or qrcode not installed. 2FA disabled.
2026-07-14 19:44:13,818 - Zovix - INFO - Started 4 threaded workers
2026-07-14 19:44:13,819 - Zovix - INFO - Load balancer initialized with 4 workers
2026-07-14 19:44:13,825 - Zovix - INFO - Database initialized successfully
2026-07-14 19:44:19,487 - Zovix - WARNING - redis not installed. Using in-memory cache.
2026-07-14 19:44:19,489 - Zovix - WARNING - celery not installed. Using threaded queue.
2026-07-14 19:44:19,491 - Zovix - WARNING - pyotp or qrcode not installed. 2FA disabled.
2026-07-14 19:44:19,495 - Zovix - INFO - Started 4 threaded workers
2026-07-14 19:44:19,495 - Zovix - INFO - Load balancer initialized with 4 workers
2026-07-14 19:44:19,503 - Zovix - INFO - Database initialized successfully
2026-07-14 19:45:25,913 - Zovix - WARNING - redis not installed. Using in-memory cache.
2026-07-14 19:45:25,913 - Zovix - WARNING - celery not installed. Using threaded queue.
2026-07-14 19:45:25,920 - Zovix - WARNING - pyotp or qrcode not installed. 2FA disabled.
2026-07-14 19:45:25,995 - Zovix - INFO - Started 4 threaded workers
2026-07-14 19:45:25,995 - Zovix - INFO - Load balancer initialized with 4 workers
2026-07-14 19:45:26,022 - Zovix - INFO - Database initialized successfully
2026-07-14 20:24:39,817 - Zovix - WARNING - redis not installed. Using in-memory cache.
2026-07-14 20:24:39,817 - Zovix - WARNING - celery not installed. Using threaded queue.
2026-07-14 20:24:39,821 - Zovix - WARNING - pyotp or qrcode not installed. 2FA disabled.
2026-07-14 20:24:39,823 - Zovix - INFO - Started 4 threaded workers
2026-07-14 20:24:39,823 - Zovix - INFO - Load balancer initialized with 4 workers
2026-07-14 20:24:39,829 - Zovix - INFO - Database initialized successfully
2026-07-14 20:29:34,238 - Zovix - WARNING - redis not installed. Using in-memory cache.
2026-07-14 20:29:34,240 - Zovix - WARNING - celery not installed. Using threaded queue.
2026-07-14 20:29:34,242 - Zovix - WARNING - pyotp or qrcode not installed. 2FA disabled.
2026-07-14 20:29:34,244 - Zovix - INFO - Started 4 threaded workers
2026-07-14 20:29:34,245 - Zovix - INFO - Load balancer initialized with 4 workers
2026-07-14 20:29:34,252 - Zovix - INFO - Database initialized successfully
2026-07-14 20:29:38,768 - Zovix - WARNING - redis not installed. Using in-memory cache.
2026-07-14 20:29:38,771 - Zovix - WARNING - celery not installed. Using threaded queue.
2026-07-14 20:29:38,774 - Zovix - WARNING - pyotp or qrcode not installed. 2FA disabled.
2026-07-14 20:29:38,778 - Zovix - INFO - Started 4 threaded workers
2026-07-14 20:29:38,778 - Zovix - INFO - Load balancer initialized with 4 workers
2026-07-14 20:29:38,784 - Zovix - INFO - Database initialized successfully
2026-07-14 20:30:04,051 - Zovix - WARNING - redis not installed. Using in-memory cache.
2026-07-14 20:30:04,053 - Zovix - WARNING - celery not installed. Using threaded queue.
2026-07-14 20:30:04,054 - Zovix - WARNING - pyotp or qrcode not installed. 2FA disabled.
2026-07-14 20:30:04,058 - Zovix - INFO - Started 4 threaded workers
2026-07-14 20:30:04,058 - Zovix - INFO - Load balancer initialized with 4 workers
2026-07-14 20:30:04,064 - Zovix - INFO - Database initialized successfully
2026-07-14 20:30:41,415 - Zovix - WARNING - redis not installed. Using in-memory cache.
2026-07-14 20:30:41,416 - Zovix - WARNING - celery not installed. Using threaded queue.
2026-07-14 20:30:41,417 - Zovix - WARNING - pyotp or qrcode not installed. 2FA disabled.
2026-07-14 20:30:41,422 - Zovix - INFO - Started 4 threaded workers
2026-07-14 20:30:41,422 - Zovix - INFO - Load balancer initialized with 4 workers
2026-07-14 20:30:41,428 - Zovix - INFO - Database initialized successfully
2026-07-14 20:30:41,646 - Zovix - WARNING - redis not installed. Using in-memory cache.
2026-07-14 20:30:41,650 - Zovix - WARNING - celery not installed. Using threaded queue.
2026-07-14 20:30:41,652 - Zovix - WARNING - pyotp or qrcode not installed. 2FA disabled.
2026-07-14 20:30:41,653 - Zovix - INFO - Started 4 threaded workers
2026-07-14 20:30:41,654 - Zovix - INFO - Load balancer initialized with 4 workers
2026-07-14 20:30:41,657 - Zovix - INFO - Database initialized successfully
2026-07-14 20:30:53,573 - Zovix - WARNING - redis not installed. Using in-memory cache.
2026-07-14 20:30:53,574 - Zovix - WARNING - celery not installed. Using threaded queue.
2026-07-14 20:30:53,576 - Zovix - WARNING - pyotp or qrcode not installed. 2FA disabled.
2026-07-14 20:30:53,579 - Zovix - INFO - Started 4 threaded workers
2026-07-14 20:30:53,579 - Zovix - INFO - Load balancer initialized with 4 workers
2026-07-14 20:30:53,584 - Zovix - INFO - Database initialized successfully
2026-07-14 20:30:53,792 - Zovix - WARNING - redis not installed. Using in-memory cache.
2026-07-14 20:30:53,794 - Zovix - WARNING - celery not installed. Using threaded queue.
2026-07-14 20:30:53,796 - Zovix - WARNING - pyotp or qrcode not installed. 2FA disabled.
2026-07-14 20:30:53,799 - Zovix - INFO - Started 4 threaded workers
2026-07-14 20:30:53,800 - Zovix - INFO - Load balancer initialized with 4 workers
2026-07-14 20:30:53,807 - Zovix - INFO - Database initialized successfully
2026-07-14 20:30:57,697 - Zovix - WARNING - redis not installed. Using in-memory cache.
2026-07-14 20:30:57,704 - Zovix - WARNING - celery not installed. Using threaded queue.
2026-07-14 20:30:57,711 - Zovix - WARNING - pyotp or qrcode not installed. 2FA disabled.
2026-07-14 20:30:57,746 - Zovix - INFO - Started 4 threaded workers
2026-07-14 20:30:57,747 - Zovix - INFO - Load balancer initialized with 4 workers
2026-07-14 20:30:57,763 - Zovix - INFO - Database initialized successfully
2026-07-14 20:31:00,483 - Zovix - WARNING - redis not installed. Using in-memory cache.
2026-07-14 20:31:00,486 - Zovix - WARNING - celery not installed. Using threaded queue.
2026-07-14 20:31:00,494 - Zovix - WARNING - pyotp or qrcode not installed. 2FA disabled.
2026-07-14 20:31:00,567 - Zovix - INFO - Started 4 threaded workers
2026-07-14 20:31:00,568 - Zovix - INFO - Load balancer initialized with 4 workers
2026-07-14 20:31:00,592 - Zovix - INFO - Database initialized successfully
2026-07-14 20:31:03,557 - Zovix - WARNING - redis not installed. Using in-memory cache.
2026-07-14 20:31:03,560 - Zovix - WARNING - celery not installed. Using threaded queue.
2026-07-14 20:31:03,561 - Zovix - WARNING - pyotp or qrcode not installed. 2FA disabled.
2026-07-14 20:31:03,581 - Zovix - INFO - Started 4 threaded workers
2026-07-14 20:31:03,581 - Zovix - INFO - Load balancer initialized with 4 workers
2026-07-14 20:31:03,587 - Zovix - INFO - Database initialized successfully
2026-07-14 20:31:03,800 - Zovix - WARNING - redis not installed. Using in-memory cache.
2026-07-14 20:31:03,801 - Zovix - WARNING - celery not installed. Using threaded queue.
2026-07-14 20:31:03,804 - Zovix - WARNING - pyotp or qrcode not installed. 2FA disabled.
2026-07-14 20:31:03,808 - Zovix - INFO - Started 4 threaded workers
2026-07-14 20:31:03,809 - Zovix - INFO - Load balancer initialized with 4 workers
2026-07-14 20:31:03,817 - Zovix - INFO - Database initialized successfully
2026-07-14 20:31:05,171 - Zovix - WARNING - redis not installed. Using in-memory cache.
2026-07-14 20:31:05,172 - Zovix - WARNING - celery not installed. Using threaded queue.
2026-07-14 20:31:05,174 - Zovix - WARNING - pyotp or qrcode not installed. 2FA disabled.
2026-07-14 20:31:05,177 - Zovix - INFO - Started 4 threaded workers
2026-07-14 20:31:05,177 - Zovix - INFO - Load balancer initialized with 4 workers
2026-07-14 20:31:05,184 - Zovix - INFO - Database initialized successfully
2026-07-14 20:31:09,492 - Zovix - WARNING - redis not installed. Using in-memory cache.
2026-07-14 20:31:09,493 - Zovix - WARNING - celery not installed. Using threaded queue.
2026-07-14 20:31:09,494 - Zovix - WARNING - pyotp or qrcode not installed. 2FA disabled.
2026-07-14 20:31:09,503 - Zovix - INFO - Started 4 threaded workers
2026-07-14 20:31:09,504 - Zovix - INFO - Load balancer initialized with 4 workers
2026-07-14 20:31:09,511 - Zovix - INFO - Database initialized successfully
2026-07-14 20:31:14,693 - Zovix - WARNING - redis not installed. Using in-memory cache.
2026-07-14 20:31:14,699 - Zovix - WARNING - celery not installed. Using threaded queue.
2026-07-14 20:31:14,701 - Zovix - WARNING - pyotp or qrcode not installed. 2FA disabled.
2026-07-14 20:31:14,703 - Zovix - INFO - Started 4 threaded workers
2026-07-14 20:31:14,704 - Zovix - INFO - Load balancer initialized with 4 workers
2026-07-14 20:31:14,710 - Zovix - INFO - Database initialized successfully
2026-07-14 20:31:16,163 - Zovix - WARNING - redis not installed. Using in-memory cache.
2026-07-14 20:31:16,164 - Zovix - WARNING - celery not installed. Using threaded queue.
2026-07-14 20:31:16,166 - Zovix - WARNING - pyotp or qrcode not installed. 2FA disabled.
2026-07-14 20:31:16,169 - Zovix - INFO - Started 4 threaded workers
2026-07-14 20:31:16,169 - Zovix - INFO - Load balancer initialized with 4 workers
2026-07-14 20:31:16,176 - Zovix - INFO - Database initialized successfully
2026-07-14 20:31:17,808 - Zovix - WARNING - redis not installed. Using in-memory cache.
2026-07-14 20:31:17,810 - Zovix - WARNING - celery not installed. Using threaded queue.
2026-07-14 20:31:17,811 - Zovix - WARNING - pyotp or qrcode not installed. 2FA disabled.
2026-07-14 20:31:17,816 - Zovix - INFO - Started 4 threaded workers
2026-07-14 20:31:17,816 - Zovix - INFO - Load balancer initialized with 4 workers
2026-07-14 20:31:17,823 - Zovix - INFO - Database initialized successfully
2026-07-14 20:31:18,043 - Zovix - WARNING - redis not installed. Using in-memory cache.
2026-07-14 20:31:18,045 - Zovix - WARNING - celery not installed. Using threaded queue.
2026-07-14 20:31:18,047 - Zovix - WARNING - pyotp or qrcode not installed. 2FA disabled.
2026-07-14 20:31:18,051 - Zovix - INFO - Started 4 threaded workers
2026-07-14 20:31:18,051 - Zovix - INFO - Load balancer initialized with 4 workers
2026-07-14 20:31:18,057 - Zovix - INFO - Database initialized successfully
2026-07-14 20:40:03,915 - Zovix - WARNING - redis not installed. Using in-memory cache.
2026-07-14 20:40:03,917 - Zovix - WARNING - celery not installed. Using threaded queue.
2026-07-14 20:40:03,919 - Zovix - WARNING - pyotp or qrcode not installed. 2FA disabled.
2026-07-14 20:40:03,922 - Zovix - INFO - Started 4 threaded workers
2026-07-14 20:40:03,922 - Zovix - INFO - Load balancer initialized with 4 workers
2026-07-14 20:40:03,928 - Zovix - INFO - Database initialized successfully
2026-07-14 20:40:04,117 - Zovix - WARNING - redis not installed. Using in-memory cache.
2026-07-14 20:40:04,119 - Zovix - WARNING - celery not installed. Using threaded queue.
2026-07-14 20:40:04,121 - Zovix - WARNING - pyotp or qrcode not installed. 2FA disabled.
2026-07-14 20:40:04,127 - Zovix - INFO - Started 4 threaded workers
2026-07-14 20:40:04,127 - Zovix - INFO - Load balancer initialized with 4 workers
2026-07-14 20:40:04,135 - Zovix - INFO - Database initialized successfully
2026-07-14 20:40:45,306 - Zovix - INFO - Redis connected for rate limiting
2026-07-14 20:40:45,338 - Zovix - INFO - Load balancer initialized with 4 workers
2026-07-14 20:40:47,366 - Zovix - INFO - Redis cache connected
2026-07-14 20:40:47,590 - Zovix - INFO - Database initialized successfully
2026-07-14 20:40:52,859 - Zovix - INFO - Redis connected for rate limiting
2026-07-14 20:40:52,860 - Zovix - INFO - Load balancer initialized with 4 workers
2026-07-14 20:40:54,887 - Zovix - INFO - Redis cache connected
2026-07-14 20:40:54,894 - Zovix - INFO - Database initialized successfully
2026-07-14 20:41:04,012 - Zovix - INFO - Redis connected for rate limiting
2026-07-14 20:41:04,013 - Zovix - INFO - Load balancer initialized with 4 workers
2026-07-14 20:41:06,056 - Zovix - INFO - Redis cache connected
2026-07-14 20:41:06,063 - Zovix - INFO - Database initialized successfully
2026-07-14 20:41:20,422 - Zovix - INFO - Redis connected for rate limiting
2026-07-14 20:41:20,423 - Zovix - INFO - Load balancer initialized with 4 workers
2026-07-14 20:41:22,448 - Zovix - INFO - Redis cache connected
2026-07-14 20:41:22,462 - Zovix - INFO - Database initialized successfully
2026-07-14 20:41:29,537 - Zovix - INFO - Redis connected for rate limiting
2026-07-14 20:41:29,538 - Zovix - INFO - Load balancer initialized with 4 workers
2026-07-14 20:41:31,569 - Zovix - INFO - Redis cache connected
2026-07-14 20:41:31,575 - Zovix - INFO - Database initialized successfully
2026-07-14 20:41:35,959 - Zovix - INFO - Redis connected for rate limiting
2026-07-14 20:41:35,960 - Zovix - INFO - Load balancer initialized with 4 workers
2026-07-14 20:41:37,984 - Zovix - INFO - Redis cache connected
2026-07-14 20:41:37,990 - Zovix - INFO - Database initialized successfully
2026-07-14 20:43:30,736 - Zovix - INFO - Redis connected for rate limiting
2026-07-14 20:43:30,737 - Zovix - INFO - Load balancer initialized with 4 workers
2026-07-14 20:43:32,764 - Zovix - INFO - Redis cache connected
2026-07-14 20:43:32,769 - Zovix - INFO - Database initialized successfully
2026-07-14 20:43:37,161 - Zovix - INFO - Redis connected for rate limiting
2026-07-14 20:43:37,162 - Zovix - INFO - Load balancer initialized with 4 workers
2026-07-14 20:43:39,190 - Zovix - INFO - Redis cache connected
2026-07-14 20:43:39,196 - Zovix - INFO - Database initialized successfully
2026-07-14 20:43:43,323 - Zovix - INFO - Redis connected for rate limiting
2026-07-14 20:43:43,325 - Zovix - INFO - Load balancer initialized with 4 workers
2026-07-14 20:43:45,364 - Zovix - INFO - Redis cache connected
2026-07-14 20:43:45,370 - Zovix - INFO - Database initialized successfully
2026-07-14 20:43:51,694 - Zovix - INFO - Redis connected for rate limiting
2026-07-14 20:43:51,694 - Zovix - INFO - Load balancer initialized with 4 workers
2026-07-14 20:43:53,722 - Zovix - INFO - Redis cache connected
2026-07-14 20:43:53,726 - Zovix - INFO - Database initialized successfully
2026-07-14 20:51:40,962 - Zovix - WARNING - redis not installed. Using in-memory cache.
2026-07-14 20:51:40,963 - Zovix - WARNING - celery not installed. Using threaded queue.
2026-07-14 20:51:40,966 - Zovix - WARNING - pyotp or qrcode not installed. 2FA disabled.
2026-07-14 20:51:40,968 - Zovix - INFO - Started 4 threaded workers
2026-07-14 20:51:40,968 - Zovix - INFO - Load balancer initialized with 4 workers
2026-07-14 20:51:40,974 - Zovix - INFO - Database initialized successfully
2026-07-14 20:52:40,960 - Zovix - WARNING - redis not installed. Using in-memory cache.
2026-07-14 20:52:40,961 - Zovix - WARNING - celery not installed. Using threaded queue.
2026-07-14 20:52:40,963 - Zovix - WARNING - pyotp or qrcode not installed. 2FA disabled.
2026-07-14 20:52:40,966 - Zovix - INFO - Started 4 threaded workers
2026-07-14 20:52:40,966 - Zovix - INFO - Load balancer initialized with 4 workers
2026-07-14 20:52:40,976 - Zovix - INFO - Database initialized successfully
2026-07-14 20:52:46,278 - Zovix - WARNING - redis not installed. Using in-memory cache.
2026-07-14 20:52:46,279 - Zovix - WARNING - celery not installed. Using threaded queue.
2026-07-14 20:52:46,283 - Zovix - WARNING - pyotp or qrcode not installed. 2FA disabled.
2026-07-14 20:52:46,293 - Zovix - INFO - Started 4 threaded workers
2026-07-14 20:52:46,293 - Zovix - INFO - Load balancer initialized with 4 workers
2026-07-14 20:52:46,314 - Zovix - INFO - Database initialized successfully
2026-07-14 20:52:49,347 - Zovix - WARNING - redis not installed. Using in-memory cache.
2026-07-14 20:52:49,348 - Zovix - WARNING - celery not installed. Using threaded queue.
2026-07-14 20:52:49,352 - Zovix - WARNING - pyotp or qrcode not installed. 2FA disabled.
2026-07-14 20:52:49,359 - Zovix - INFO - Started 4 threaded workers
2026-07-14 20:52:49,359 - Zovix - INFO - Load balancer initialized with 4 workers
2026-07-14 20:52:49,368 - Zovix - INFO - Database initialized successfully
2026-07-14 20:52:51,530 - Zovix - WARNING - redis not installed. Using in-memory cache.
2026-07-14 20:52:51,533 - Zovix - WARNING - celery not installed. Using threaded queue.
2026-07-14 20:52:51,534 - Zovix - WARNING - pyotp or qrcode not installed. 2FA disabled.
2026-07-14 20:52:51,538 - Zovix - INFO - Started 4 threaded workers
2026-07-14 20:52:51,538 - Zovix - INFO - Load balancer initialized with 4 workers
2026-07-14 20:52:51,545 - Zovix - INFO - Database initialized successfully
2026-07-14 20:52:51,769 - Zovix - WARNING - redis not installed. Using in-memory cache.
2026-07-14 20:52:51,773 - Zovix - WARNING - celery not installed. Using threaded queue.
2026-07-14 20:52:51,777 - Zovix - WARNING - pyotp or qrcode not installed. 2FA disabled.
2026-07-14 20:52:51,780 - Zovix - INFO - Started 4 threaded workers
2026-07-14 20:52:51,780 - Zovix - INFO - Load balancer initialized with 4 workers
2026-07-14 20:52:51,791 - Zovix - INFO - Database initialized successfully
2026-07-14 20:52:55,854 - Zovix - WARNING - redis not installed. Using in-memory cache.
2026-07-14 20:52:55,855 - Zovix - WARNING - celery not installed. Using threaded queue.
2026-07-14 20:52:55,857 - Zovix - WARNING - pyotp or qrcode not installed. 2FA disabled.
2026-07-14 20:52:55,861 - Zovix - INFO - Started 4 threaded workers
2026-07-14 20:52:55,861 - Zovix - INFO - Load balancer initialized with 4 workers
2026-07-14 20:52:55,867 - Zovix - INFO - Database initialized successfully
2026-07-14 20:52:56,109 - Zovix - WARNING - redis not installed. Using in-memory cache.
2026-07-14 20:52:56,111 - Zovix - WARNING - celery not installed. Using threaded queue.
2026-07-14 20:52:56,113 - Zovix - WARNING - pyotp or qrcode not installed. 2FA disabled.
2026-07-14 20:52:56,119 - Zovix - INFO - Started 4 threaded workers
2026-07-14 20:52:56,119 - Zovix - INFO - Load balancer initialized with 4 workers
2026-07-14 20:52:56,128 - Zovix - INFO - Database initialized successfully
2026-07-14 20:52:57,122 - Zovix - WARNING - redis not installed. Using in-memory cache.
2026-07-14 20:52:57,128 - Zovix - WARNING - celery not installed. Using threaded queue.
2026-07-14 20:52:57,134 - Zovix - WARNING - pyotp or qrcode not installed. 2FA disabled.
2026-07-14 20:52:57,137 - Zovix - INFO - Started 4 threaded workers
2026-07-14 20:52:57,138 - Zovix - INFO - Load balancer initialized with 4 workers
2026-07-14 20:52:57,143 - Zovix - INFO - Database initialized successfully
2026-07-14 20:52:57,587 - Zovix - WARNING - redis not installed. Using in-memory cache.
2026-07-14 20:52:57,588 - Zovix - WARNING - celery not installed. Using threaded queue.
2026-07-14 20:52:57,589 - Zovix - WARNING - pyotp or qrcode not installed. 2FA disabled.
2026-07-14 20:52:57,591 - Zovix - INFO - Started 4 threaded workers
2026-07-14 20:52:57,593 - Zovix - INFO - Load balancer initialized with 4 workers
2026-07-14 20:52:57,600 - Zovix - INFO - Database initialized successfully
2026-07-14 20:53:22,802 - Zovix - WARNING - redis not installed. Using in-memory cache.
2026-07-14 20:53:22,804 - Zovix - WARNING - celery not installed. Using threaded queue.
2026-07-14 20:53:22,806 - Zovix - WARNING - pyotp or qrcode not installed. 2FA disabled.
2026-07-14 20:53:22,809 - Zovix - INFO - Started 4 threaded workers
2026-07-14 20:53:22,811 - Zovix - INFO - Load balancer initialized with 4 workers
2026-07-14 20:53:22,817 - Zovix - INFO - Database initialized successfully
2026-07-14 20:53:23,095 - Zovix - WARNING - redis not installed. Using in-memory cache.
2026-07-14 20:53:23,096 - Zovix - WARNING - celery not installed. Using threaded queue.
2026-07-14 20:53:23,098 - Zovix - WARNING - pyotp or qrcode not installed. 2FA disabled.
2026-07-14 20:53:23,102 - Zovix - INFO - Started 4 threaded workers
2026-07-14 20:53:23,103 - Zovix - INFO - Load balancer initialized with 4 workers
2026-07-14 20:53:23,108 - Zovix - INFO - Database initialized successfully
2026-07-14 21:20:04,068 - Zovix - WARNING - redis not installed. Using in-memory cache.
2026-07-14 21:20:04,069 - Zovix - WARNING - celery not installed. Using threaded queue.
2026-07-14 21:20:04,070 - Zovix - WARNING - pyotp or qrcode not installed. 2FA disabled.
2026-07-14 21:20:04,071 - Zovix - INFO - Started 4 threaded workers
2026-07-14 21:20:04,071 - Zovix - INFO - Load balancer initialized with 4 workers
2026-07-14 21:20:04,087 - Zovix - INFO - MIGRATION: Added generation_type column
2026-07-14 21:20:04,094 - Zovix - INFO - MIGRATION: Added cost_inr column
2026-07-14 21:20:04,094 - Zovix - INFO - Database initialized successfully
2026-07-14 21:32:14,356 - Zovix - WARNING - redis not installed. Using in-memory cache.
2026-07-14 21:32:14,357 - Zovix - WARNING - celery not installed. Using threaded queue.
2026-07-14 21:32:14,359 - Zovix - WARNING - pyotp or qrcode not installed. 2FA disabled.
2026-07-14 21:32:14,361 - Zovix - INFO - Started 4 threaded workers
2026-07-14 21:32:14,362 - Zovix - INFO - Load balancer initialized with 4 workers
2026-07-14 21:32:14,375 - Zovix - INFO - Database initialized successfully
2026-07-14 21:32:20,057 - Zovix - WARNING - redis not installed. Using in-memory cache.
2026-07-14 21:32:20,059 - Zovix - WARNING - celery not installed. Using threaded queue.
2026-07-14 21:32:20,061 - Zovix - WARNING - pyotp or qrcode not installed. 2FA disabled.
2026-07-14 21:32:20,069 - Zovix - INFO - Started 4 threaded workers
2026-07-14 21:32:20,069 - Zovix - INFO - Load balancer initialized with 4 workers
2026-07-14 21:32:20,077 - Zovix - INFO - Database initialized successfully
2026-07-14 21:32:24,983 - Zovix - WARNING - redis not installed. Using in-memory cache.
2026-07-14 21:32:24,984 - Zovix - WARNING - celery not installed. Using threaded queue.
2026-07-14 21:32:24,986 - Zovix - WARNING - pyotp or qrcode not installed. 2FA disabled.
2026-07-14 21:32:24,989 - Zovix - INFO - Started 4 threaded workers
2026-07-14 21:32:24,989 - Zovix - INFO - Load balancer initialized with 4 workers
2026-07-14 21:32:24,994 - Zovix - INFO - Database initialized successfully
2026-07-14 21:32:26,125 - Zovix - WARNING - redis not installed. Using in-memory cache.
2026-07-14 21:32:26,126 - Zovix - WARNING - celery not installed. Using threaded queue.
2026-07-14 21:32:26,128 - Zovix - WARNING - pyotp or qrcode not installed. 2FA disabled.
2026-07-14 21:32:26,133 - Zovix - INFO - Started 4 threaded workers
2026-07-14 21:32:26,133 - Zovix - INFO - Load balancer initialized with 4 workers
2026-07-14 21:32:26,138 - Zovix - INFO - Database initialized successfully
2026-07-14 21:32:26,343 - Zovix - WARNING - redis not installed. Using in-memory cache.
2026-07-14 21:32:26,345 - Zovix - WARNING - celery not installed. Using threaded queue.
2026-07-14 21:32:26,347 - Zovix - WARNING - pyotp or qrcode not installed. 2FA disabled.
2026-07-14 21:32:26,351 - Zovix - INFO - Started 4 threaded workers
2026-07-14 21:32:26,351 - Zovix - INFO - Load balancer initialized with 4 workers
2026-07-14 21:32:26,356 - Zovix - INFO - Database initialized successfully
2026-07-14 22:04:21,976 - Zovix - WARNING - redis not installed. Using in-memory cache.
2026-07-14 22:04:21,979 - Zovix - WARNING - celery not installed. Using threaded queue.
2026-07-14 22:04:21,982 - Zovix - WARNING - pyotp or qrcode not installed. 2FA disabled.
2026-07-14 22:04:21,987 - Zovix - INFO - Started 4 threaded workers
2026-07-14 22:04:21,987 - Zovix - INFO - Load balancer initialized with 4 workers
2026-07-14 22:04:22,007 - Zovix - INFO - Database initialized successfully
2026-07-14 22:04:28,013 - Zovix - WARNING - redis not installed. Using in-memory cache.
2026-07-14 22:04:28,021 - Zovix - WARNING - celery not installed. Using threaded queue.
2026-07-14 22:04:28,035 - Zovix - WARNING - pyotp or qrcode not installed. 2FA disabled.
2026-07-14 22:04:28,062 - Zovix - INFO - Started 4 threaded workers
2026-07-14 22:04:28,063 - Zovix - INFO - Load balancer initialized with 4 workers
2026-07-14 22:04:28,331 - Zovix - WARNING - redis not installed. Using in-memory cache.
2026-07-14 22:04:28,335 - Zovix - WARNING - celery not installed. Using threaded queue.
2026-07-14 22:04:28,341 - Zovix - WARNING - pyotp or qrcode not installed. 2FA disabled.
2026-07-14 22:04:28,350 - Zovix - INFO - Started 4 threaded workers
2026-07-14 22:04:28,352 - Zovix - INFO - Load balancer initialized with 4 workers
2026-07-14 22:04:28,369 - Zovix - INFO - Database initialized successfully
2026-07-14 22:04:33,754 - Zovix - WARNING - redis not installed. Using in-memory cache.
2026-07-14 22:04:33,759 - Zovix - WARNING - celery not installed. Using threaded queue.
2026-07-14 22:04:33,762 - Zovix - WARNING - pyotp or qrcode not installed. 2FA disabled.
2026-07-14 22:04:33,769 - Zovix - INFO - Started 4 threaded workers
2026-07-14 22:04:33,770 - Zovix - INFO - Load balancer initialized with 4 workers
2026-07-14 22:04:33,780 - Zovix - INFO - Database initialized successfully
2026-07-14 22:04:36,305 - Zovix - WARNING - redis not installed. Using in-memory cache.
2026-07-14 22:04:36,307 - Zovix - WARNING - celery not installed. Using threaded queue.
2026-07-14 22:04:36,308 - Zovix - WARNING - pyotp or qrcode not installed. 2FA disabled.
2026-07-14 22:04:36,312 - Zovix - INFO - Started 4 threaded workers
2026-07-14 22:04:36,312 - Zovix - INFO - Load balancer initialized with 4 workers
2026-07-14 22:04:36,333 - Zovix - INFO - Database initialized successfully
2026-07-14 22:04:37,757 - Zovix - WARNING - redis not installed. Using in-memory cache.
2026-07-14 22:04:37,759 - Zovix - WARNING - celery not installed. Using threaded queue.
2026-07-14 22:04:37,761 - Zovix - WARNING - pyotp or qrcode not installed. 2FA disabled.
2026-07-14 22:04:37,765 - Zovix - INFO - Started 4 threaded workers
2026-07-14 22:04:37,765 - Zovix - INFO - Load balancer initialized with 4 workers
2026-07-14 22:04:37,775 - Zovix - INFO - Database initialized successfully
2026-07-14 22:04:38,631 - Zovix - WARNING - redis not installed. Using in-memory cache.
2026-07-14 22:04:38,635 - Zovix - WARNING - celery not installed. Using threaded queue.
2026-07-14 22:04:38,639 - Zovix - WARNING - pyotp or qrcode not installed. 2FA disabled.
2026-07-14 22:04:38,650 - Zovix - INFO - Started 4 threaded workers
2026-07-14 22:04:38,651 - Zovix - INFO - Load balancer initialized with 4 workers
2026-07-14 22:04:38,664 - Zovix - INFO - Database initialized successfully
2026-07-14 22:22:55,775 - Zovix - WARNING - redis not installed. Using in-memory cache.
2026-07-14 22:22:55,778 - Zovix - WARNING - celery not installed. Using threaded queue.
2026-07-14 22:22:55,781 - Zovix - WARNING - pyotp or qrcode not installed. 2FA disabled.
2026-07-14 22:22:55,789 - Zovix - INFO - Started 4 threaded workers
2026-07-14 22:22:55,790 - Zovix - INFO - Load balancer initialized with 4 workers
2026-07-14 22:22:55,820 - Zovix - INFO - Database initialized successfully
2026-07-14 22:23:03,909 - Zovix - WARNING - redis not installed. Using in-memory cache.
2026-07-14 22:23:03,911 - Zovix - WARNING - celery not installed. Using threaded queue.
2026-07-14 22:23:03,913 - Zovix - WARNING - pyotp or qrcode not installed. 2FA disabled.
2026-07-14 22:23:03,919 - Zovix - INFO - Started 4 threaded workers
2026-07-14 22:23:03,919 - Zovix - INFO - Load balancer initialized with 4 workers
2026-07-14 22:23:03,929 - Zovix - INFO - Database initialized successfully
2026-07-14 22:23:12,104 - Zovix - WARNING - redis not installed. Using in-memory cache.
2026-07-14 22:23:12,108 - Zovix - WARNING - celery not installed. Using threaded queue.
2026-07-14 22:23:12,113 - Zovix - WARNING - pyotp or qrcode not installed. 2FA disabled.
2026-07-14 22:23:12,125 - Zovix - INFO - Started 4 threaded workers
2026-07-14 22:23:12,126 - Zovix - INFO - Load balancer initialized with 4 workers
2026-07-14 22:23:12,140 - Zovix - INFO - Database initialized successfully
2026-07-14 22:23:17,104 - Zovix - WARNING - redis not installed. Using in-memory cache.
2026-07-14 22:23:17,107 - Zovix - WARNING - celery not installed. Using threaded queue.
2026-07-14 22:23:17,109 - Zovix - WARNING - pyotp or qrcode not installed. 2FA disabled.
2026-07-14 22:23:17,113 - Zovix - INFO - Started 4 threaded workers
2026-07-14 22:23:17,114 - Zovix - INFO - Load balancer initialized with 4 workers
2026-07-14 22:23:17,126 - Zovix - INFO - Database initialized successfully
2026-07-14 22:23:18,321 - Zovix - WARNING - redis not installed. Using in-memory cache.
2026-07-14 22:23:18,326 - Zovix - WARNING - celery not installed. Using threaded queue.
2026-07-14 22:23:18,331 - Zovix - WARNING - pyotp or qrcode not installed. 2FA disabled.
2026-07-14 22:23:18,339 - Zovix - INFO - Started 4 threaded workers
2026-07-14 22:23:18,340 - Zovix - INFO - Load balancer initialized with 4 workers
2026-07-14 22:23:18,356 - Zovix - INFO - Database initialized successfully
2026-07-14 22:23:18,809 - Zovix - WARNING - redis not installed. Using in-memory cache.
2026-07-14 22:23:18,814 - Zovix - WARNING - celery not installed. Using threaded queue.
2026-07-14 22:23:18,819 - Zovix - WARNING - pyotp or qrcode not installed. 2FA disabled.
2026-07-14 22:23:18,830 - Zovix - INFO - Started 4 threaded workers
2026-07-14 22:23:18,831 - Zovix - INFO - Load balancer initialized with 4 workers
2026-07-14 22:23:18,843 - Zovix - INFO - Database initialized successfully
2026-07-14 22:23:26,183 - Zovix - WARNING - redis not installed. Using in-memory cache.
2026-07-14 22:23:26,184 - Zovix - WARNING - celery not installed. Using threaded queue.
2026-07-14 22:23:26,188 - Zovix - WARNING - pyotp or qrcode not installed. 2FA disabled.
2026-07-14 22:23:26,195 - Zovix - INFO - Started 4 threaded workers
2026-07-14 22:23:26,196 - Zovix - INFO - Load balancer initialized with 4 workers
2026-07-14 22:23:26,210 - Zovix - INFO - Database initialized successfully
2026-07-14 22:23:26,675 - Zovix - WARNING - redis not installed. Using in-memory cache.
2026-07-14 22:23:26,680 - Zovix - WARNING - celery not installed. Using threaded queue.
2026-07-14 22:23:26,683 - Zovix - WARNING - pyotp or qrcode not installed. 2FA disabled.
2026-07-14 22:23:26,688 - Zovix - INFO - Started 4 threaded workers
2026-07-14 22:23:26,689 - Zovix - INFO - Load balancer initialized with 4 workers
2026-07-14 22:23:26,702 - Zovix - INFO - Database initialized successfully
2026-07-14 22:23:45,553 - Zovix - WARNING - redis not installed. Using in-memory cache.
2026-07-14 22:23:45,555 - Zovix - WARNING - celery not installed. Using threaded queue.
2026-07-14 22:23:45,559 - Zovix - WARNING - pyotp or qrcode not installed. 2FA disabled.
2026-07-14 22:23:45,568 - Zovix - INFO - Started 4 threaded workers
2026-07-14 22:23:45,568 - Zovix - INFO - Load balancer initialized with 4 workers
2026-07-14 22:23:45,580 - Zovix - INFO - Database initialized successfully
2026-07-14 22:23:46,100 - Zovix - WARNING - redis not installed. Using in-memory cache.
2026-07-14 22:23:46,102 - Zovix - WARNING - celery not installed. Using threaded queue.
2026-07-14 22:23:46,107 - Zovix - WARNING - pyotp or qrcode not installed. 2FA disabled.
2026-07-14 22:23:46,117 - Zovix - INFO - Started 4 threaded workers
2026-07-14 22:23:46,117 - Zovix - INFO - Load balancer initialized with 4 workers
2026-07-14 22:23:46,129 - Zovix - INFO - Database initialized successfully
2026-07-14 22:23:48,656 - Zovix - WARNING - redis not installed. Using in-memory cache.
2026-07-14 22:23:48,659 - Zovix - WARNING - celery not installed. Using threaded queue.
2026-07-14 22:23:48,661 - Zovix - WARNING - pyotp or qrcode not installed. 2FA disabled.
2026-07-14 22:23:48,668 - Zovix - INFO - Started 4 threaded workers
2026-07-14 22:23:48,668 - Zovix - INFO - Load balancer initialized with 4 workers
2026-07-14 22:23:48,678 - Zovix - INFO - Database initialized successfully
2026-07-14 22:23:49,187 - Zovix - WARNING - redis not installed. Using in-memory cache.
2026-07-14 22:23:49,190 - Zovix - WARNING - celery not installed. Using threaded queue.
2026-07-14 22:23:49,196 - Zovix - WARNING - pyotp or qrcode not installed. 2FA disabled.
2026-07-14 22:23:49,201 - Zovix - INFO - Started 4 threaded workers
2026-07-14 22:23:49,202 - Zovix - INFO - Load balancer initialized with 4 workers
2026-07-14 22:23:49,215 - Zovix - INFO - Database initialized successfully
2026-07-14 22:23:52,259 - Zovix - WARNING - redis not installed. Using in-memory cache.
2026-07-14 22:23:52,261 - Zovix - WARNING - celery not installed. Using threaded queue.
2026-07-14 22:23:52,263 - Zovix - WARNING - pyotp or qrcode not installed. 2FA disabled.
2026-07-14 22:23:52,269 - Zovix - INFO - Started 4 threaded workers
2026-07-14 22:23:52,270 - Zovix - INFO - Load balancer initialized with 4 workers
2026-07-14 22:23:52,282 - Zovix - INFO - Database initialized successfully
2026-07-14 22:23:52,767 - Zovix - WARNING - redis not installed. Using in-memory cache.
2026-07-14 22:23:52,774 - Zovix - WARNING - celery not installed. Using threaded queue.
2026-07-14 22:23:52,778 - Zovix - WARNING - pyotp or qrcode not installed. 2FA disabled.
2026-07-14 22:23:52,786 - Zovix - INFO - Started 4 threaded workers
2026-07-14 22:23:52,788 - Zovix - INFO - Load balancer initialized with 4 workers
2026-07-14 22:23:52,804 - Zovix - INFO - Database initialized successfully
2026-07-14 22:28:43,059 - Zovix - WARNING - redis not installed. Using in-memory cache.
2026-07-14 22:28:43,061 - Zovix - WARNING - celery not installed. Using threaded queue.
2026-07-14 22:28:43,063 - Zovix - WARNING - pyotp or qrcode not installed. 2FA disabled.
2026-07-14 22:28:43,069 - Zovix - INFO - Started 4 threaded workers
2026-07-14 22:28:43,070 - Zovix - INFO - Load balancer initialized with 4 workers
2026-07-14 22:28:43,088 - Zovix - INFO - Database initialized successfully
2026-07-14 22:28:43,994 - Zovix - WARNING - redis not installed. Using in-memory cache.
2026-07-14 22:28:43,998 - Zovix - WARNING - celery not installed. Using threaded queue.
2026-07-14 22:28:44,000 - Zovix - WARNING - pyotp or qrcode not installed. 2FA disabled.
2026-07-14 22:28:44,006 - Zovix - INFO - Started 4 threaded workers
2026-07-14 22:28:44,008 - Zovix - INFO - Load balancer initialized with 4 workers
2026-07-14 22:28:44,019 - Zovix - INFO - Database initialized successfully
2026-07-14 22:34:43,568 - Zovix - WARNING - redis not installed. Using in-memory cache.
2026-07-14 22:34:43,570 - Zovix - WARNING - celery not installed. Using threaded queue.
2026-07-14 22:34:43,571 - Zovix - WARNING - pyotp or qrcode not installed. 2FA disabled.
2026-07-14 22:34:43,575 - Zovix - INFO - Started 4 threaded workers
2026-07-14 22:34:43,576 - Zovix - INFO - Load balancer initialized with 4 workers
2026-07-14 22:34:43,583 - Zovix - INFO - Database initialized successfully
2026-07-14 22:34:43,965 - Zovix - WARNING - redis not installed. Using in-memory cache.
2026-07-14 22:34:43,973 - Zovix - WARNING - celery not installed. Using threaded queue.
2026-07-14 22:34:43,976 - Zovix - WARNING - pyotp or qrcode not installed. 2FA disabled.
2026-07-14 22:34:43,982 - Zovix - INFO - Started 4 threaded workers
2026-07-14 22:34:43,982 - Zovix - INFO - Load balancer initialized with 4 workers
2026-07-14 22:34:43,991 - Zovix - INFO - Database initialized successfully
2026-07-14 22:34:45,745 - Zovix - WARNING - redis not installed. Using in-memory cache.
2026-07-14 22:34:45,753 - Zovix - WARNING - celery not installed. Using threaded queue.
2026-07-14 22:34:45,758 - Zovix - WARNING - pyotp or qrcode not installed. 2FA disabled.
2026-07-14 22:34:45,769 - Zovix - INFO - Started 4 threaded workers
2026-07-14 22:34:45,773 - Zovix - INFO - Load balancer initialized with 4 workers
2026-07-14 22:34:45,786 - Zovix - INFO - Database initialized successfully
2026-07-14 22:34:46,299 - Zovix - WARNING - redis not installed. Using in-memory cache.
2026-07-14 22:34:46,302 - Zovix - WARNING - celery not installed. Using threaded queue.
2026-07-14 22:34:46,304 - Zovix - WARNING - pyotp or qrcode not installed. 2FA disabled.
2026-07-14 22:34:46,311 - Zovix - INFO - Started 4 threaded workers
2026-07-14 22:34:46,312 - Zovix - INFO - Load balancer initialized with 4 workers
2026-07-14 22:34:46,321 - Zovix - INFO - Database initialized successfully
2026-07-14 22:37:37,669 - Zovix - WARNING - redis not installed. Using in-memory cache.
2026-07-14 22:37:37,671 - Zovix - WARNING - celery not installed. Using threaded queue.
2026-07-14 22:37:37,673 - Zovix - WARNING - pyotp or qrcode not installed. 2FA disabled.
2026-07-14 22:37:37,677 - Zovix - INFO - Started 4 threaded workers
2026-07-14 22:37:37,678 - Zovix - INFO - Load balancer initialized with 4 workers
2026-07-14 22:37:37,685 - Zovix - INFO - Database initialized successfully
2026-07-14 22:37:38,044 - Zovix - WARNING - redis not installed. Using in-memory cache.
2026-07-14 22:37:38,045 - Zovix - WARNING - celery not installed. Using threaded queue.
2026-07-14 22:37:38,049 - Zovix - WARNING - pyotp or qrcode not installed. 2FA disabled.
2026-07-14 22:37:38,054 - Zovix - INFO - Started 4 threaded workers
2026-07-14 22:37:38,054 - Zovix - INFO - Load balancer initialized with 4 workers
2026-07-14 22:37:38,064 - Zovix - INFO - Database initialized successfully
2026-07-14 22:37:39,676 - Zovix - WARNING - redis not installed. Using in-memory cache.
2026-07-14 22:37:39,678 - Zovix - WARNING - celery not installed. Using threaded queue.
2026-07-14 22:37:39,680 - Zovix - WARNING - pyotp or qrcode not installed. 2FA disabled.
2026-07-14 22:37:39,683 - Zovix - INFO - Started 4 threaded workers
2026-07-14 22:37:39,685 - Zovix - INFO - Load balancer initialized with 4 workers
2026-07-14 22:37:39,693 - Zovix - INFO - Database initialized successfully
2026-07-14 22:37:40,136 - Zovix - WARNING - redis not installed. Using in-memory cache.
2026-07-14 22:37:40,139 - Zovix - WARNING - celery not installed. Using threaded queue.
2026-07-14 22:37:40,141 - Zovix - WARNING - pyotp or qrcode not installed. 2FA disabled.
2026-07-14 22:37:40,146 - Zovix - INFO - Started 4 threaded workers
2026-07-14 22:37:40,147 - Zovix - INFO - Load balancer initialized with 4 workers
2026-07-14 22:37:40,159 - Zovix - INFO - Database initialized successfully
2026-07-14 23:02:11,007 - Zovix - WARNING - redis not installed. Using in-memory cache.
2026-07-14 23:02:11,008 - Zovix - WARNING - celery not installed. Using threaded queue.
2026-07-14 23:02:11,010 - Zovix - WARNING - pyotp or qrcode not installed. 2FA disabled.
2026-07-14 23:02:11,014 - Zovix - INFO - Started 4 threaded workers
2026-07-14 23:02:11,015 - Zovix - INFO - Load balancer initialized with 4 workers
2026-07-14 23:02:11,032 - Zovix - INFO - Database initialized successfully
2026-07-14 23:02:15,969 - Zovix - WARNING - redis not installed. Using in-memory cache.
2026-07-14 23:02:15,971 - Zovix - WARNING - celery not installed. Using threaded queue.
2026-07-14 23:02:15,974 - Zovix - WARNING - pyotp or qrcode not installed. 2FA disabled.
2026-07-14 23:02:15,982 - Zovix - INFO - Started 4 threaded workers
2026-07-14 23:02:15,983 - Zovix - INFO - Load balancer initialized with 4 workers
2026-07-14 23:02:15,993 - Zovix - INFO - Database initialized successfully
2026-07-14 23:02:24,958 - Zovix - WARNING - redis not installed. Using in-memory cache.
2026-07-14 23:02:24,961 - Zovix - WARNING - celery not installed. Using threaded queue.
2026-07-14 23:02:24,967 - Zovix - WARNING - pyotp or qrcode not installed. 2FA disabled.
2026-07-14 23:02:24,982 - Zovix - INFO - Started 4 threaded workers
2026-07-14 23:02:24,983 - Zovix - INFO - Load balancer initialized with 4 workers
2026-07-14 23:02:24,998 - Zovix - INFO - Database initialized successfully
2026-07-14 23:02:27,122 - Zovix - WARNING - redis not installed. Using in-memory cache.
2026-07-14 23:02:27,127 - Zovix - WARNING - celery not installed. Using threaded queue.
2026-07-14 23:02:27,128 - Zovix - WARNING - pyotp or qrcode not installed. 2FA disabled.
2026-07-14 23:02:27,144 - Zovix - INFO - Started 4 threaded workers
2026-07-14 23:02:27,145 - Zovix - INFO - Load balancer initialized with 4 workers
2026-07-14 23:02:27,158 - Zovix - INFO - Database initialized successfully
2026-07-14 23:02:28,999 - Zovix - WARNING - redis not installed. Using in-memory cache.
2026-07-14 23:02:29,003 - Zovix - WARNING - celery not installed. Using threaded queue.
2026-07-14 23:02:29,005 - Zovix - WARNING - pyotp or qrcode not installed. 2FA disabled.
2026-07-14 23:02:29,010 - Zovix - INFO - Started 4 threaded workers
2026-07-14 23:02:29,011 - Zovix - INFO - Load balancer initialized with 4 workers
2026-07-14 23:02:29,019 - Zovix - INFO - Database initialized successfully
2026-07-14 23:02:29,570 - Zovix - WARNING - redis not installed. Using in-memory cache.
2026-07-14 23:02:29,574 - Zovix - WARNING - celery not installed. Using threaded queue.
2026-07-14 23:02:29,577 - Zovix - WARNING - pyotp or qrcode not installed. 2FA disabled.
2026-07-14 23:02:29,587 - Zovix - INFO - Started 4 threaded workers
2026-07-14 23:02:29,588 - Zovix - INFO - Load balancer initialized with 4 workers
2026-07-14 23:02:29,604 - Zovix - INFO - Database initialized successfully
2026-07-15 11:33:00,734 - Zovix - WARNING - redis not installed. Using in-memory cache.
2026-07-15 11:33:00,734 - Zovix - WARNING - celery not installed. Using threaded queue.
2026-07-15 11:33:00,738 - Zovix - WARNING - pyotp or qrcode not installed. 2FA disabled.
2026-07-15 11:33:00,740 - Zovix - INFO - Started 4 threaded workers
2026-07-15 11:33:00,740 - Zovix - INFO - Load balancer initialized with 4 workers
2026-07-15 11:33:00,752 - Zovix - INFO - Database initialized successfully
2026-07-15 11:34:38,524 - Zovix - WARNING - redis not installed. Using in-memory cache.
2026-07-15 11:34:38,525 - Zovix - WARNING - celery not installed. Using threaded queue.
2026-07-15 11:34:38,526 - Zovix - WARNING - pyotp or qrcode not installed. 2FA disabled.
2026-07-15 11:34:38,529 - Zovix - INFO - Started 4 threaded workers
2026-07-15 11:34:38,530 - Zovix - INFO - Load balancer initialized with 4 workers
2026-07-15 11:34:38,536 - Zovix - INFO - Database initialized successfully
2026-07-15 11:34:48,090 - Zovix - WARNING - redis not installed. Using in-memory cache.
2026-07-15 11:34:48,091 - Zovix - WARNING - celery not installed. Using threaded queue.
2026-07-15 11:34:48,093 - Zovix - WARNING - pyotp or qrcode not installed. 2FA disabled.
2026-07-15 11:34:48,095 - Zovix - INFO - Started 4 threaded workers
2026-07-15 11:34:48,095 - Zovix - INFO - Load balancer initialized with 4 workers
2026-07-15 11:34:48,102 - Zovix - INFO - Database initialized successfully
2026-07-15 11:35:03,813 - Zovix - WARNING - redis not installed. Using in-memory cache.
2026-07-15 11:35:03,814 - Zovix - WARNING - celery not installed. Using threaded queue.
2026-07-15 11:35:03,815 - Zovix - WARNING - pyotp or qrcode not installed. 2FA disabled.
2026-07-15 11:35:03,818 - Zovix - INFO - Started 4 threaded workers
2026-07-15 11:35:03,818 - Zovix - INFO - Load balancer initialized with 4 workers
2026-07-15 11:35:03,824 - Zovix - INFO - Database initialized successfully
2026-07-15 11:35:03,992 - Zovix - WARNING - redis not installed. Using in-memory cache.
2026-07-15 11:35:03,993 - Zovix - WARNING - celery not installed. Using threaded queue.
2026-07-15 11:35:03,994 - Zovix - WARNING - pyotp or qrcode not installed. 2FA disabled.
2026-07-15 11:35:03,997 - Zovix - INFO - Started 4 threaded workers
2026-07-15 11:35:03,997 - Zovix - INFO - Load balancer initialized with 4 workers
2026-07-15 11:35:04,002 - Zovix - INFO - Database initialized successfully
2026-07-15 11:36:11,084 - Zovix - WARNING - redis not installed. Using in-memory cache.
2026-07-15 11:36:11,087 - Zovix - WARNING - celery not installed. Using threaded queue.
2026-07-15 11:36:11,088 - Zovix - WARNING - pyotp or qrcode not installed. 2FA disabled.
2026-07-15 11:36:11,090 - Zovix - INFO - Started 4 threaded workers
2026-07-15 11:36:11,090 - Zovix - INFO - Load balancer initialized with 4 workers
2026-07-15 11:36:11,096 - Zovix - INFO - Database initialized successfully
2026-07-15 11:36:13,203 - Zovix - WARNING - redis not installed. Using in-memory cache.
2026-07-15 11:36:13,205 - Zovix - WARNING - celery not installed. Using threaded queue.
2026-07-15 11:36:13,205 - Zovix - WARNING - pyotp or qrcode not installed. 2FA disabled.
2026-07-15 11:36:13,207 - Zovix - INFO - Started 4 threaded workers
2026-07-15 11:36:13,207 - Zovix - INFO - Load balancer initialized with 4 workers
2026-07-15 11:36:13,213 - Zovix - INFO - Database initialized successfully
2026-07-15 11:36:13,390 - Zovix - WARNING - redis not installed. Using in-memory cache.
2026-07-15 11:36:13,391 - Zovix - WARNING - celery not installed. Using threaded queue.
2026-07-15 11:36:13,392 - Zovix - WARNING - pyotp or qrcode not installed. 2FA disabled.
2026-07-15 11:36:13,395 - Zovix - INFO - Started 4 threaded workers
2026-07-15 11:36:13,396 - Zovix - INFO - Load balancer initialized with 4 workers
2026-07-15 11:36:13,400 - Zovix - INFO - Database initialized successfully
2026-07-15 11:40:23,302 - Zovix - WARNING - redis not installed. Using in-memory cache.
2026-07-15 11:40:23,305 - Zovix - WARNING - celery not installed. Using threaded queue.
2026-07-15 11:40:23,306 - Zovix - WARNING - pyotp or qrcode not installed. 2FA disabled.
2026-07-15 11:40:23,309 - Zovix - INFO - Started 4 threaded workers
2026-07-15 11:40:23,310 - Zovix - INFO - Load balancer initialized with 4 workers
2026-07-15 11:40:23,317 - Zovix - INFO - Database initialized successfully
2026-07-15 11:40:23,497 - Zovix - WARNING - redis not installed. Using in-memory cache.
2026-07-15 11:40:23,498 - Zovix - WARNING - celery not installed. Using threaded queue.
2026-07-15 11:40:23,499 - Zovix - WARNING - pyotp or qrcode not installed. 2FA disabled.
2026-07-15 11:40:23,501 - Zovix - INFO - Started 4 threaded workers
2026-07-15 11:40:23,501 - Zovix - INFO - Load balancer initialized with 4 workers
2026-07-15 11:40:23,506 - Zovix - INFO - Database initialized successfully
2026-07-15 12:07:54,593 - Zovix - WARNING - redis not installed. Using in-memory cache.
2026-07-15 12:07:54,595 - Zovix - WARNING - celery not installed. Using threaded queue.
2026-07-15 12:07:54,606 - Zovix - WARNING - pyotp or qrcode not installed. 2FA disabled.
2026-07-15 12:07:54,610 - Zovix - INFO - Started 4 threaded workers
2026-07-15 12:07:54,610 - Zovix - INFO - Load balancer initialized with 4 workers
2026-07-15 12:07:54,640 - Zovix - INFO - Database initialized successfully
2026-07-15 12:21:18,654 - Zovix - WARNING - redis not installed. Using in-memory cache.
2026-07-15 12:21:18,656 - Zovix - WARNING - celery not installed. Using threaded queue.
2026-07-15 12:21:18,664 - Zovix - WARNING - pyotp or qrcode not installed. 2FA disabled.
2026-07-15 12:21:18,667 - Zovix - INFO - Started 4 threaded workers
2026-07-15 12:21:18,667 - Zovix - INFO - Load balancer initialized with 4 workers
2026-07-15 12:21:18,697 - Zovix - INFO - Database initialized successfully
2026-07-15 12:31:42,135 - Zovix - WARNING - redis not installed. Using in-memory cache.
2026-07-15 12:31:42,135 - Zovix - WARNING - celery not installed. Using threaded queue.
2026-07-15 12:31:42,137 - Zovix - WARNING - pyotp or qrcode not installed. 2FA disabled.
2026-07-15 12:31:42,138 - Zovix - INFO - Started 4 threaded workers
2026-07-15 12:31:42,138 - Zovix - INFO - Load balancer initialized with 4 workers
2026-07-15 12:31:42,142 - Zovix - INFO - Database initialized successfully
2026-07-15 13:37:37,878 - Zovix - WARNING - redis not installed. Using in-memory cache.
2026-07-15 13:37:37,880 - Zovix - WARNING - celery not installed. Using threaded queue.
2026-07-15 13:37:37,882 - Zovix - WARNING - pyotp or qrcode not installed. 2FA disabled.
2026-07-15 13:37:37,885 - Zovix - INFO - Started 4 threaded workers
2026-07-15 13:37:37,885 - Zovix - INFO - Load balancer initialized with 4 workers
2026-07-15 13:37:37,910 - Zovix - INFO - Database initialized successfully
2026-07-15 13:37:40,911 - Zovix - WARNING - redis not installed. Using in-memory cache.
2026-07-15 13:37:40,912 - Zovix - WARNING - celery not installed. Using threaded queue.
2026-07-15 13:37:40,914 - Zovix - WARNING - pyotp or qrcode not installed. 2FA disabled.
2026-07-15 13:37:40,917 - Zovix - INFO - Started 4 threaded workers
2026-07-15 13:37:40,917 - Zovix - INFO - Load balancer initialized with 4 workers
2026-07-15 13:37:40,925 - Zovix - INFO - Database initialized successfully
2026-07-15 13:37:46,830 - Zovix - WARNING - redis not installed. Using in-memory cache.
2026-07-15 13:37:46,831 - Zovix - WARNING - celery not installed. Using threaded queue.
2026-07-15 13:37:46,833 - Zovix - WARNING - pyotp or qrcode not installed. 2FA disabled.
2026-07-15 13:37:46,836 - Zovix - INFO - Started 4 threaded workers
2026-07-15 13:37:46,836 - Zovix - INFO - Load balancer initialized with 4 workers
2026-07-15 13:37:46,844 - Zovix - INFO - Database initialized successfully
2026-07-15 13:37:55,573 - Zovix - WARNING - redis not installed. Using in-memory cache.
2026-07-15 13:37:55,574 - Zovix - WARNING - celery not installed. Using threaded queue.
2026-07-15 13:37:55,575 - Zovix - WARNING - pyotp or qrcode not installed. 2FA disabled.
2026-07-15 13:37:55,579 - Zovix - INFO - Started 4 threaded workers
2026-07-15 13:37:55,580 - Zovix - INFO - Load balancer initialized with 4 workers
2026-07-15 13:37:55,587 - Zovix - INFO - Database initialized successfully
2026-07-15 13:37:56,722 - Zovix - WARNING - redis not installed. Using in-memory cache.
2026-07-15 13:37:56,724 - Zovix - WARNING - celery not installed. Using threaded queue.
2026-07-15 13:37:56,725 - Zovix - WARNING - pyotp or qrcode not installed. 2FA disabled.
2026-07-15 13:37:56,728 - Zovix - INFO - Started 4 threaded workers
2026-07-15 13:37:56,729 - Zovix - INFO - Load balancer initialized with 4 workers
2026-07-15 13:37:56,735 - Zovix - INFO - Database initialized successfully
2026-07-15 13:37:56,913 - Zovix - WARNING - redis not installed. Using in-memory cache.
2026-07-15 13:37:56,914 - Zovix - WARNING - celery not installed. Using threaded queue.
2026-07-15 13:37:56,915 - Zovix - WARNING - pyotp or qrcode not installed. 2FA disabled.
2026-07-15 13:37:56,917 - Zovix - INFO - Started 4 threaded workers
2026-07-15 13:37:56,917 - Zovix - INFO - Load balancer initialized with 4 workers
2026-07-15 13:37:56,922 - Zovix - INFO - Database initialized successfully
2026-07-15 14:06:16,294 - Zovix - INFO - Redis connected for rate limiting
2026-07-15 14:06:16,323 - Zovix - INFO - Load balancer initialized with 4 workers
2026-07-15 14:06:18,355 - Zovix - INFO - Redis cache connected
2026-07-15 14:06:18,399 - Zovix - INFO - Database initialized successfully
2026-07-15 14:06:48,887 - Zovix - INFO - Redis connected for rate limiting
2026-07-15 14:06:48,890 - Zovix - INFO - Load balancer initialized with 4 workers
2026-07-15 14:06:50,941 - Zovix - INFO - Redis cache connected
2026-07-15 14:06:50,951 - Zovix - INFO - Database initialized successfully
2026-07-15 14:07:00,985 - Zovix - INFO - Redis connected for rate limiting
2026-07-15 14:07:00,987 - Zovix - INFO - Load balancer initialized with 4 workers
2026-07-15 14:07:03,019 - Zovix - INFO - Redis cache connected
2026-07-15 14:07:03,030 - Zovix - INFO - Database initialized successfully
2026-07-15 14:07:14,285 - Zovix - INFO - Redis connected for rate limiting
2026-07-15 14:07:14,287 - Zovix - INFO - Load balancer initialized with 4 workers
2026-07-15 14:07:16,337 - Zovix - INFO - Redis cache connected
2026-07-15 14:07:16,339 - Zovix - INFO - Database initialized successfully
2026-07-15 14:07:20,714 - Zovix - INFO - Redis connected for rate limiting
2026-07-15 14:07:20,716 - Zovix - INFO - Load balancer initialized with 4 workers
2026-07-15 14:07:22,766 - Zovix - INFO - Redis cache connected
2026-07-15 14:07:22,773 - Zovix - INFO - Database initialized successfully
2026-07-15 21:01:50,834 - Zovix - INFO - Redis connected for rate limiting
2026-07-15 21:01:50,879 - Zovix - INFO - Load balancer initialized with 4 workers
2026-07-15 21:01:52,913 - Zovix - INFO - Redis cache connected
2026-07-15 21:01:52,946 - Zovix - INFO - Database initialized successfully
2026-07-15 21:02:01,681 - Zovix - INFO - Redis connected for rate limiting
2026-07-15 21:02:01,682 - Zovix - INFO - Load balancer initialized with 4 workers
2026-07-15 21:02:03,704 - Zovix - INFO - Redis cache connected
2026-07-15 21:02:03,740 - Zovix - INFO - Database initialized successfully
2026-07-15 21:02:11,145 - Zovix - INFO - Redis connected for rate limiting
2026-07-15 21:02:11,147 - Zovix - INFO - Load balancer initialized with 4 workers
2026-07-15 21:02:13,177 - Zovix - INFO - Redis cache connected
2026-07-15 21:02:13,187 - Zovix - INFO - Database initialized successfully
2026-07-15 22:52:29,908 - Zovix - INFO - Redis connected for rate limiting
2026-07-15 22:52:29,949 - Zovix - INFO - Load balancer initialized with 4 workers
2026-07-15 22:52:31,996 - Zovix - INFO - Redis cache connected
2026-07-15 22:52:32,024 - Zovix - INFO - Database initialized successfully
2026-07-15 22:53:38,349 - Zovix - INFO - Redis connected for rate limiting
2026-07-15 22:53:38,352 - Zovix - INFO - Load balancer initialized with 4 workers
2026-07-15 22:53:39,031 - Zovix - INFO - Redis connected for rate limiting
2026-07-15 22:53:39,035 - Zovix - INFO - Load balancer initialized with 4 workers
2026-07-15 22:53:40,376 - Zovix - INFO - Redis cache connected
2026-07-15 22:53:41,063 - Zovix - INFO - Redis cache connected
2026-07-15 22:53:41,070 - Zovix - INFO - Database initialized successfully
2026-07-15 22:54:37,784 - Zovix - INFO - Redis connected for rate limiting
2026-07-15 22:54:37,785 - Zovix - INFO - Load balancer initialized with 4 workers
2026-07-15 22:54:39,829 - Zovix - INFO - Redis cache connected
2026-07-15 22:54:39,852 - Zovix - INFO - Database initialized successfully
2026-07-15 22:54:56,938 - Zovix - INFO - Redis connected for rate limiting
2026-07-15 22:54:56,940 - Zovix - INFO - Load balancer initialized with 4 workers
2026-07-15 22:54:58,988 - Zovix - INFO - Redis cache connected
2026-07-15 22:54:58,996 - Zovix - INFO - Database initialized successfully
2026-07-15 22:55:03,152 - Zovix - WARNING - Failed login attempt for user: rajmehta886297@gmail.com
2026-07-15 22:55:12,486 - Zovix - INFO - Redis connected for rate limiting
2026-07-15 22:55:12,488 - Zovix - INFO - Load balancer initialized with 4 workers
2026-07-15 22:55:14,532 - Zovix - INFO - Redis cache connected
2026-07-15 22:55:14,540 - Zovix - INFO - Database initialized successfully
2026-07-16 06:32:51,342 - asyncio - ERROR - Exception in callback _ProactorBasePipeTransport._call_connection_lost(None)
handle: <Handle _ProactorBasePipeTransport._call_connection_lost(None)>
Traceback (most recent call last):
  File "C:\Users\rajme\AppData\Local\Programs\Python\Python310\lib\asyncio\events.py", line 80, in _run
    self._context.run(self._callback, *self._args)
  File "C:\Users\rajme\AppData\Local\Programs\Python\Python310\lib\asyncio\proactor_events.py", line 162, in _call_connection_lost
    self._sock.shutdown(socket.SHUT_RDWR)
ConnectionResetError: [WinError 10054] An existing connection was forcibly closed by the remote host
2026-07-16 06:32:51,471 - asyncio - ERROR - Exception in callback _ProactorBasePipeTransport._call_connection_lost(None)
handle: <Handle _ProactorBasePipeTransport._call_connection_lost(None)>
Traceback (most recent call last):
  File "C:\Users\rajme\AppData\Local\Programs\Python\Python310\lib\asyncio\events.py", line 80, in _run
    self._context.run(self._callback, *self._args)
  File "C:\Users\rajme\AppData\Local\Programs\Python\Python310\lib\asyncio\proactor_events.py", line 162, in _call_connection_lost
    self._sock.shutdown(socket.SHUT_RDWR)
ConnectionResetError: [WinError 10054] An existing connection was forcibly closed by the remote host
2026-07-16 13:49:18,636 - Zovix - INFO - Redis connected for rate limiting
2026-07-16 13:49:18,664 - Zovix - INFO - Load balancer initialized with 4 workers
2026-07-16 13:49:20,692 - Zovix - INFO - Redis cache connected
2026-07-16 13:49:20,717 - Zovix - INFO - Database initialized successfully
2026-07-16 13:49:33,040 - Zovix - INFO - Redis connected for rate limiting
2026-07-16 13:49:33,041 - Zovix - INFO - Load balancer initialized with 4 workers
2026-07-16 13:49:35,066 - Zovix - INFO - Redis cache connected
2026-07-16 13:49:35,075 - Zovix - INFO - Database initialized successfully
2026-07-16 13:49:43,534 - Zovix - INFO - Redis connected for rate limiting
2026-07-16 13:49:43,535 - Zovix - INFO - Load balancer initialized with 4 workers
2026-07-16 13:49:45,565 - Zovix - INFO - Redis cache connected
2026-07-16 13:49:45,570 - Zovix - INFO - Database initialized successfully
2026-07-16 13:50:50,406 - Zovix - INFO - Redis connected for rate limiting
2026-07-16 13:50:50,408 - Zovix - INFO - Load balancer initialized with 4 workers
2026-07-16 13:50:52,434 - Zovix - INFO - Redis cache connected
2026-07-16 13:50:52,439 - Zovix - INFO - Database initialized successfully
2026-07-16 13:50:54,698 - Zovix - INFO - Redis connected for rate limiting
2026-07-16 13:50:54,699 - Zovix - INFO - Load balancer initialized with 4 workers
2026-07-16 13:50:56,725 - Zovix - INFO - Redis cache connected
2026-07-16 13:50:56,730 - Zovix - INFO - Database initialized successfully
2026-07-16 13:51:12,804 - Zovix - INFO - Redis connected for rate limiting
2026-07-16 13:51:12,805 - Zovix - INFO - Load balancer initialized with 4 workers
2026-07-16 13:51:14,842 - Zovix - INFO - Redis cache connected
2026-07-16 13:51:14,848 - Zovix - INFO - Database initialized successfully
2026-07-16 13:51:19,170 - Zovix - INFO - Redis connected for rate limiting
2026-07-16 13:51:19,171 - Zovix - INFO - Load balancer initialized with 4 workers
2026-07-16 13:51:21,214 - Zovix - INFO - Redis cache connected
2026-07-16 13:51:21,219 - Zovix - INFO - Database initialized successfully
2026-07-16 13:52:43,058 - Zovix - INFO - Redis connected for rate limiting
2026-07-16 13:52:43,058 - Zovix - INFO - Load balancer initialized with 4 workers
2026-07-16 13:52:45,088 - Zovix - INFO - Redis cache connected
2026-07-16 13:52:45,102 - Zovix - INFO - Database initialized successfully
2026-07-16 13:52:49,940 - Zovix - INFO - Redis connected for rate limiting
2026-07-16 13:52:49,942 - Zovix - INFO - Load balancer initialized with 4 workers
2026-07-16 13:52:51,984 - Zovix - INFO - Redis cache connected
2026-07-16 13:52:51,990 - Zovix - INFO - Database initialized successfully
2026-07-16 13:53:00,015 - Zovix - INFO - Redis connected for rate limiting
2026-07-16 13:53:00,019 - Zovix - INFO - Load balancer initialized with 4 workers
2026-07-16 13:53:02,057 - Zovix - INFO - Redis cache connected
2026-07-16 13:53:02,063 - Zovix - INFO - Database initialized successfully
2026-07-16 13:53:58,209 - Zovix - INFO - Redis connected for rate limiting
2026-07-16 13:53:58,211 - Zovix - INFO - Load balancer initialized with 4 workers
2026-07-16 13:54:00,246 - Zovix - INFO - Redis cache connected
2026-07-16 13:54:00,260 - Zovix - INFO - Database initialized successfully
2026-07-16 13:54:04,787 - Zovix - INFO - Redis connected for rate limiting
2026-07-16 13:54:04,788 - Zovix - INFO - Load balancer initialized with 4 workers
2026-07-16 13:54:06,810 - Zovix - INFO - Redis cache connected
2026-07-16 13:54:06,815 - Zovix - INFO - Database initialized successfully
2026-07-16 13:54:14,085 - Zovix - INFO - Redis connected for rate limiting
2026-07-16 13:54:14,087 - Zovix - INFO - Load balancer initialized with 4 workers
2026-07-16 13:54:16,125 - Zovix - INFO - Redis cache connected
2026-07-16 13:54:16,133 - Zovix - INFO - Database initialized successfully
2026-07-16 13:54:54,590 - Zovix - INFO - Redis connected for rate limiting
2026-07-16 13:54:54,591 - Zovix - INFO - Load balancer initialized with 4 workers
2026-07-16 13:54:56,620 - Zovix - INFO - Redis cache connected
2026-07-16 13:54:56,627 - Zovix - INFO - Database initialized successfully
2026-07-16 13:55:00,937 - Zovix - INFO - Redis connected for rate limiting
2026-07-16 13:55:00,938 - Zovix - INFO - Load balancer initialized with 4 workers
2026-07-16 13:55:02,977 - Zovix - INFO - Redis cache connected
2026-07-16 13:55:02,985 - Zovix - INFO - Database initialized successfully
2026-07-16 13:56:15,405 - Zovix - INFO - Redis connected for rate limiting
2026-07-16 13:56:15,406 - Zovix - INFO - Load balancer initialized with 4 workers
2026-07-16 13:56:17,448 - Zovix - INFO - Redis cache connected
2026-07-16 13:56:17,460 - Zovix - INFO - Database initialized successfully
2026-07-16 13:58:15,924 - Zovix - INFO - Redis connected for rate limiting
2026-07-16 13:58:15,925 - Zovix - INFO - Load balancer initialized with 4 workers
2026-07-16 13:58:17,964 - Zovix - INFO - Redis cache connected
2026-07-16 13:58:17,968 - Zovix - INFO - Database initialized successfully
2026-07-16 14:57:49,391 - Zovix - INFO - Redis connected for rate limiting
2026-07-16 14:57:49,392 - Zovix - INFO - Load balancer initialized with 4 workers
2026-07-16 14:57:51,432 - Zovix - INFO - Redis cache connected
2026-07-16 14:57:51,454 - Zovix - INFO - Database initialized successfully
2026-07-16 14:58:28,407 - Zovix - INFO - Redis connected for rate limiting
2026-07-16 14:58:28,409 - Zovix - INFO - Load balancer initialized with 4 workers
2026-07-16 14:58:30,436 - Zovix - INFO - Redis cache connected
2026-07-16 14:58:30,453 - Zovix - INFO - Database initialized successfully
2026-07-16 14:58:56,671 - Zovix - INFO - Redis connected for rate limiting
2026-07-16 14:58:56,672 - Zovix - INFO - Load balancer initialized with 4 workers
2026-07-16 14:58:58,714 - Zovix - INFO - Redis cache connected
2026-07-16 14:58:58,734 - Zovix - INFO - Database initialized successfully
2026-07-16 14:59:06,646 - Zovix - INFO - Redis connected for rate limiting
2026-07-16 14:59:06,649 - Zovix - INFO - Load balancer initialized with 4 workers
2026-07-16 14:59:08,689 - Zovix - INFO - Redis cache connected
2026-07-16 14:59:08,700 - Zovix - INFO - Database initialized successfully
2026-07-16 14:59:16,871 - Zovix - INFO - Redis connected for rate limiting
2026-07-16 14:59:16,874 - Zovix - INFO - Load balancer initialized with 4 workers
2026-07-16 14:59:18,915 - Zovix - INFO - Redis cache connected
2026-07-16 14:59:18,924 - Zovix - INFO - Database initialized successfully
2026-07-16 15:19:07,129 - Zovix - INFO - Redis connected for rate limiting
2026-07-16 15:19:07,131 - Zovix - INFO - Load balancer initialized with 4 workers
2026-07-16 15:19:09,163 - Zovix - INFO - Redis cache connected
2026-07-16 15:19:09,182 - Zovix - INFO - Database initialized successfully
2026-07-16 15:19:15,551 - Zovix - INFO - Redis connected for rate limiting
2026-07-16 15:19:15,553 - Zovix - INFO - Load balancer initialized with 4 workers
2026-07-16 15:19:17,578 - Zovix - INFO - Redis cache connected
2026-07-16 15:19:17,589 - Zovix - INFO - Database initialized successfully
2026-07-16 15:19:25,565 - Zovix - INFO - Redis connected for rate limiting
2026-07-16 15:19:25,566 - Zovix - INFO - Load balancer initialized with 4 workers
2026-07-16 15:19:27,598 - Zovix - INFO - Redis cache connected
2026-07-16 15:19:27,606 - Zovix - INFO - Database initialized successfully
2026-07-16 15:19:53,187 - Zovix - INFO - Redis connected for rate limiting
2026-07-16 15:19:53,188 - Zovix - INFO - Load balancer initialized with 4 workers
2026-07-16 15:19:55,231 - Zovix - INFO - Redis cache connected
2026-07-16 15:19:55,240 - Zovix - INFO - Database initialized successfully
2026-07-16 15:19:57,619 - Zovix - INFO - Redis connected for rate limiting
2026-07-16 15:19:57,621 - Zovix - INFO - Load balancer initialized with 4 workers
2026-07-16 15:19:59,657 - Zovix - INFO - Redis cache connected
2026-07-16 15:19:59,667 - Zovix - INFO - Database initialized successfully
2026-07-16 15:20:41,025 - Zovix - INFO - Redis connected for rate limiting
2026-07-16 15:20:41,027 - Zovix - INFO - Load balancer initialized with 4 workers
2026-07-16 15:20:43,063 - Zovix - INFO - Redis cache connected
2026-07-16 15:20:43,073 - Zovix - INFO - Database initialized successfully
2026-07-16 15:20:45,642 - Zovix - INFO - Redis connected for rate limiting
2026-07-16 15:20:45,644 - Zovix - INFO - Load balancer initialized with 4 workers
2026-07-16 15:20:47,684 - Zovix - INFO - Redis cache connected
2026-07-16 15:20:47,695 - Zovix - INFO - Database initialized successfully
2026-07-16 15:33:56,757 - Zovix - INFO - Redis connected for rate limiting
2026-07-16 15:33:56,759 - Zovix - INFO - Load balancer initialized with 4 workers
2026-07-16 15:33:58,795 - Zovix - INFO - Redis cache connected
2026-07-16 15:33:58,813 - Zovix - INFO - Database initialized successfully
2026-07-16 15:34:04,378 - Zovix - INFO - Redis connected for rate limiting
2026-07-16 15:34:04,381 - Zovix - INFO - Load balancer initialized with 4 workers
2026-07-16 15:34:06,420 - Zovix - INFO - Redis cache connected
2026-07-16 15:34:06,430 - Zovix - INFO - Database initialized successfully
2026-07-16 15:34:14,535 - Zovix - INFO - Redis connected for rate limiting
2026-07-16 15:34:14,537 - Zovix - INFO - Load balancer initialized with 4 workers
2026-07-16 15:34:16,571 - Zovix - INFO - Redis cache connected
2026-07-16 15:34:16,581 - Zovix - INFO - Database initialized successfully
2026-07-16 15:36:58,041 - Zovix - INFO - Redis connected for rate limiting
2026-07-16 15:36:58,042 - Zovix - INFO - Load balancer initialized with 4 workers
2026-07-16 15:37:00,076 - Zovix - INFO - Redis cache connected
2026-07-16 15:37:00,094 - Zovix - INFO - Database initialized successfully
2026-07-16 15:37:06,082 - Zovix - INFO - Redis connected for rate limiting
2026-07-16 15:37:06,084 - Zovix - INFO - Load balancer initialized with 4 workers
2026-07-16 15:37:08,108 - Zovix - INFO - Redis cache connected
2026-07-16 15:37:08,117 - Zovix - INFO - Database initialized successfully
2026-07-16 15:37:14,790 - Zovix - INFO - Redis connected for rate limiting
2026-07-16 15:37:14,793 - Zovix - INFO - Load balancer initialized with 4 workers
2026-07-16 15:37:16,821 - Zovix - INFO - Redis cache connected
2026-07-16 15:37:16,830 - Zovix - INFO - Database initialized successfully
2026-07-16 15:38:09,189 - Zovix - INFO - Redis connected for rate limiting
2026-07-16 15:38:09,190 - Zovix - INFO - Load balancer initialized with 4 workers
2026-07-16 15:38:11,224 - Zovix - INFO - Redis cache connected
2026-07-16 15:38:11,245 - Zovix - INFO - Database initialized successfully
2026-07-16 15:38:23,409 - Zovix - INFO - Redis connected for rate limiting
2026-07-16 15:38:23,411 - Zovix - INFO - Load balancer initialized with 4 workers
2026-07-16 15:38:25,455 - Zovix - INFO - Redis cache connected
2026-07-16 15:38:25,463 - Zovix - INFO - Database initialized successfully
2026-07-16 15:38:32,779 - Zovix - INFO - Redis connected for rate limiting
2026-07-16 15:38:32,781 - Zovix - INFO - Load balancer initialized with 4 workers
2026-07-16 15:38:34,812 - Zovix - INFO - Redis cache connected
2026-07-16 15:38:34,821 - Zovix - INFO - Database initialized successfully
2026-07-16 15:44:19,844 - Zovix - INFO - Redis connected for rate limiting
2026-07-16 15:44:19,845 - Zovix - INFO - Load balancer initialized with 4 workers
2026-07-16 15:44:21,881 - Zovix - INFO - Redis cache connected
2026-07-16 15:44:21,900 - Zovix - INFO - Database initialized successfully
2026-07-16 15:44:40,769 - Zovix - INFO - Redis connected for rate limiting
2026-07-16 15:44:40,771 - Zovix - INFO - Load balancer initialized with 4 workers
2026-07-16 15:44:42,813 - Zovix - INFO - Redis cache connected
2026-07-16 15:44:42,822 - Zovix - INFO - Database initialized successfully
2026-07-16 15:44:49,686 - Zovix - INFO - Redis connected for rate limiting
2026-07-16 15:44:49,688 - Zovix - INFO - Load balancer initialized with 4 workers
2026-07-16 15:44:51,725 - Zovix - INFO - Redis cache connected
2026-07-16 15:44:51,732 - Zovix - INFO - Database initialized successfully
2026-07-16 15:51:20,403 - Zovix - INFO - Redis connected for rate limiting
2026-07-16 15:51:20,405 - Zovix - INFO - Load balancer initialized with 4 workers
2026-07-16 15:51:22,437 - Zovix - INFO - Redis cache connected
2026-07-16 15:51:22,538 - Zovix - INFO - Database initialized successfully
2026-07-16 15:51:28,857 - Zovix - INFO - Redis connected for rate limiting
2026-07-16 15:51:28,859 - Zovix - INFO - Load balancer initialized with 4 workers
2026-07-16 15:51:30,891 - Zovix - INFO - Redis cache connected
2026-07-16 15:51:30,905 - Zovix - INFO - Database initialized successfully
2026-07-16 15:51:37,965 - Zovix - INFO - Redis connected for rate limiting
2026-07-16 15:51:37,966 - Zovix - INFO - Load balancer initialized with 4 workers
2026-07-16 15:51:39,995 - Zovix - INFO - Redis cache connected
2026-07-16 15:51:40,003 - Zovix - INFO - Database initialized successfully
2026-07-16 15:52:24,132 - Zovix - INFO - Redis connected for rate limiting
2026-07-16 15:52:24,134 - Zovix - INFO - Load balancer initialized with 4 workers
2026-07-16 15:52:26,168 - Zovix - INFO - Redis cache connected
2026-07-16 15:52:26,177 - Zovix - INFO - Database initialized successfully
2026-07-16 15:52:30,565 - Zovix - INFO - Redis connected for rate limiting
2026-07-16 15:52:30,567 - Zovix - INFO - Load balancer initialized with 4 workers
2026-07-16 15:52:32,592 - Zovix - INFO - Redis cache connected
2026-07-16 15:52:32,600 - Zovix - INFO - Database initialized successfully
2026-07-16 15:57:05,635 - Zovix - INFO - Redis connected for rate limiting
2026-07-16 15:57:05,637 - Zovix - INFO - Load balancer initialized with 4 workers
2026-07-16 15:57:07,677 - Zovix - INFO - Redis cache connected
2026-07-16 15:57:07,696 - Zovix - INFO - Database initialized successfully
2026-07-16 15:57:13,654 - Zovix - INFO - Redis connected for rate limiting
2026-07-16 15:57:13,656 - Zovix - INFO - Load balancer initialized with 4 workers
2026-07-16 15:57:15,695 - Zovix - INFO - Redis cache connected
2026-07-16 15:57:15,703 - Zovix - INFO - Database initialized successfully
2026-07-16 15:57:23,874 - Zovix - INFO - Redis connected for rate limiting
2026-07-16 15:57:23,876 - Zovix - INFO - Load balancer initialized with 4 workers
2026-07-16 15:57:25,918 - Zovix - INFO - Redis cache connected
2026-07-16 15:57:25,927 - Zovix - INFO - Database initialized successfully
2026-07-16 16:09:48,976 - Zovix - INFO - Redis connected for rate limiting
2026-07-16 16:09:48,978 - Zovix - INFO - Load balancer initialized with 4 workers
2026-07-16 16:09:51,012 - Zovix - INFO - Redis cache connected
2026-07-16 16:09:51,031 - Zovix - INFO - Database initialized successfully
2026-07-16 16:09:57,290 - Zovix - INFO - Redis connected for rate limiting
2026-07-16 16:09:57,291 - Zovix - INFO - Load balancer initialized with 4 workers
2026-07-16 16:09:59,309 - Zovix - INFO - Redis cache connected
2026-07-16 16:09:59,328 - Zovix - INFO - Database initialized successfully
2026-07-16 16:10:08,666 - Zovix - INFO - Redis connected for rate limiting
2026-07-16 16:10:08,667 - Zovix - INFO - Load balancer initialized with 4 workers
2026-07-16 16:10:10,709 - Zovix - INFO - Redis cache connected
2026-07-16 16:10:10,719 - Zovix - INFO - Database initialized successfully
2026-07-16 16:13:12,233 - Zovix - INFO - Redis connected for rate limiting
2026-07-16 16:13:12,236 - Zovix - INFO - Load balancer initialized with 4 workers
2026-07-16 16:13:14,265 - Zovix - INFO - Redis cache connected
2026-07-16 16:13:14,284 - Zovix - INFO - Database initialized successfully
2026-07-16 16:13:20,115 - Zovix - INFO - Redis connected for rate limiting
2026-07-16 16:13:20,119 - Zovix - INFO - Load balancer initialized with 4 workers
2026-07-16 16:13:22,148 - Zovix - INFO - Redis cache connected
2026-07-16 16:13:22,160 - Zovix - INFO - Database initialized successfully
2026-07-16 16:13:31,632 - Zovix - INFO - Redis connected for rate limiting
2026-07-16 16:13:31,634 - Zovix - INFO - Load balancer initialized with 4 workers
2026-07-16 16:13:33,657 - Zovix - INFO - Redis cache connected
2026-07-16 16:13:33,662 - Zovix - INFO - Database initialized successfully
2026-07-16 16:13:52,111 - Zovix - INFO - Redis connected for rate limiting
2026-07-16 16:13:52,114 - Zovix - INFO - Load balancer initialized with 4 workers
2026-07-16 16:13:54,152 - Zovix - INFO - Redis cache connected
2026-07-16 16:13:54,160 - Zovix - INFO - Database initialized successfully
2026-07-16 16:13:56,463 - Zovix - INFO - Redis connected for rate limiting
2026-07-16 16:13:56,464 - Zovix - INFO - Load balancer initialized with 4 workers
2026-07-16 16:13:58,490 - Zovix - INFO - Redis cache connected
2026-07-16 16:13:58,499 - Zovix - INFO - Database initialized successfully
2026-07-16 16:14:05,939 - Zovix - INFO - Redis connected for rate limiting
2026-07-16 16:14:05,941 - Zovix - INFO - Load balancer initialized with 4 workers
2026-07-16 16:14:07,986 - Zovix - INFO - Redis cache connected
2026-07-16 16:14:07,991 - Zovix - INFO - Database initialized successfully
2026-07-16 16:14:10,301 - Zovix - INFO - Redis connected for rate limiting
2026-07-16 16:14:10,304 - Zovix - INFO - Load balancer initialized with 4 workers
2026-07-16 16:14:12,329 - Zovix - INFO - Redis cache connected
2026-07-16 16:14:12,333 - Zovix - INFO - Database initialized successfully
2026-07-16 16:14:17,145 - Zovix - INFO - Redis connected for rate limiting
2026-07-16 16:14:17,147 - Zovix - INFO - Load balancer initialized with 4 workers
2026-07-16 16:14:19,190 - Zovix - INFO - Redis cache connected
2026-07-16 16:14:19,197 - Zovix - INFO - Database initialized successfully
2026-07-16 16:14:21,551 - Zovix - INFO - Redis connected for rate limiting
2026-07-16 16:14:21,552 - Zovix - INFO - Load balancer initialized with 4 workers
2026-07-16 16:14:23,583 - Zovix - INFO - Redis cache connected
2026-07-16 16:14:23,589 - Zovix - INFO - Database initialized successfully
2026-07-16 16:14:33,056 - Zovix - INFO - Redis connected for rate limiting
2026-07-16 16:14:33,057 - Zovix - INFO - Load balancer initialized with 4 workers
2026-07-16 16:14:35,085 - Zovix - INFO - Redis cache connected
2026-07-16 16:14:35,093 - Zovix - INFO - Database initialized successfully
2026-07-16 16:14:37,469 - Zovix - INFO - Redis connected for rate limiting
2026-07-16 16:14:37,470 - Zovix - INFO - Load balancer initialized with 4 workers
2026-07-16 16:14:39,495 - Zovix - INFO - Redis cache connected
2026-07-16 16:14:39,501 - Zovix - INFO - Database initialized successfully
2026-07-16 16:15:11,597 - Zovix - INFO - Redis connected for rate limiting
2026-07-16 16:15:11,598 - Zovix - INFO - Load balancer initialized with 4 workers
2026-07-16 16:15:13,633 - Zovix - INFO - Redis cache connected
2026-07-16 16:15:13,638 - Zovix - INFO - Database initialized successfully
2026-07-16 16:15:15,984 - Zovix - INFO - Redis connected for rate limiting
2026-07-16 16:15:15,985 - Zovix - INFO - Load balancer initialized with 4 workers
2026-07-16 16:15:18,014 - Zovix - INFO - Redis cache connected
2026-07-16 16:15:18,020 - Zovix - INFO - Database initialized successfully
2026-07-16 16:27:35,286 - Zovix - INFO - Redis connected for rate limiting
2026-07-16 16:27:35,287 - Zovix - INFO - Load balancer initialized with 4 workers
2026-07-16 16:27:37,317 - Zovix - INFO - Redis cache connected
2026-07-16 16:27:37,331 - Zovix - INFO - Database initialized successfully
2026-07-16 16:27:42,379 - Zovix - INFO - Redis connected for rate limiting
2026-07-16 16:27:42,381 - Zovix - INFO - Load balancer initialized with 4 workers
2026-07-16 16:27:44,407 - Zovix - INFO - Redis cache connected
2026-07-16 16:27:44,417 - Zovix - INFO - Database initialized successfully
2026-07-16 16:27:51,483 - Zovix - INFO - Redis connected for rate limiting
2026-07-16 16:27:51,485 - Zovix - INFO - Load balancer initialized with 4 workers
2026-07-16 16:27:53,515 - Zovix - INFO - Redis cache connected
2026-07-16 16:27:53,522 - Zovix - INFO - Database initialized successfully
2026-07-16 16:28:01,536 - Zovix - INFO - Redis connected for rate limiting
2026-07-16 16:28:01,537 - Zovix - INFO - Load balancer initialized with 4 workers
2026-07-16 16:28:03,580 - Zovix - INFO - Redis cache connected
2026-07-16 16:28:03,585 - Zovix - INFO - Database initialized successfully
2026-07-16 16:28:05,941 - Zovix - INFO - Redis connected for rate limiting
2026-07-16 16:28:05,942 - Zovix - INFO - Load balancer initialized with 4 workers
2026-07-16 16:28:07,966 - Zovix - INFO - Redis cache connected
2026-07-16 16:28:07,974 - Zovix - INFO - Database initialized successfully
2026-07-16 16:28:19,295 - Zovix - INFO - Redis connected for rate limiting
2026-07-16 16:28:19,296 - Zovix - INFO - Load balancer initialized with 4 workers
2026-07-16 16:28:21,326 - Zovix - INFO - Redis cache connected
2026-07-16 16:28:21,331 - Zovix - INFO - Database initialized successfully
2026-07-16 16:28:23,719 - Zovix - INFO - Redis connected for rate limiting
2026-07-16 16:28:23,720 - Zovix - INFO - Load balancer initialized with 4 workers
2026-07-16 16:28:25,752 - Zovix - INFO - Redis cache connected
2026-07-16 16:28:25,757 - Zovix - INFO - Database initialized successfully
2026-07-16 16:28:42,582 - Zovix - INFO - Redis connected for rate limiting
2026-07-16 16:28:42,584 - Zovix - INFO - Load balancer initialized with 4 workers
2026-07-16 16:28:44,623 - Zovix - INFO - Redis cache connected
2026-07-16 16:28:44,629 - Zovix - INFO - Database initialized successfully
2026-07-16 16:28:46,996 - Zovix - INFO - Redis connected for rate limiting
2026-07-16 16:28:46,997 - Zovix - INFO - Load balancer initialized with 4 workers
2026-07-16 16:28:49,021 - Zovix - INFO - Redis cache connected
2026-07-16 16:28:49,027 - Zovix - INFO - Database initialized successfully
2026-07-16 16:29:02,204 - Zovix - INFO - Redis connected for rate limiting
2026-07-16 16:29:02,204 - Zovix - INFO - Load balancer initialized with 4 workers
2026-07-16 16:29:04,224 - Zovix - INFO - Redis cache connected
2026-07-16 16:29:04,228 - Zovix - INFO - Database initialized successfully
2026-07-16 16:29:20,127 - Zovix - INFO - Redis connected for rate limiting
2026-07-16 16:29:20,128 - Zovix - INFO - Load balancer initialized with 4 workers
2026-07-16 16:29:22,150 - Zovix - INFO - Redis cache connected
2026-07-16 16:29:22,158 - Zovix - INFO - Database initialized successfully
2026-07-16 16:29:24,525 - Zovix - INFO - Redis connected for rate limiting
2026-07-16 16:29:24,526 - Zovix - INFO - Load balancer initialized with 4 workers
2026-07-16 16:29:26,554 - Zovix - INFO - Redis cache connected
2026-07-16 16:29:26,559 - Zovix - INFO - Database initialized successfully
2026-07-16 16:30:19,771 - Zovix - INFO - Redis connected for rate limiting
2026-07-16 16:30:19,772 - Zovix - INFO - Load balancer initialized with 4 workers
2026-07-16 16:30:21,803 - Zovix - INFO - Redis cache connected
2026-07-16 16:30:21,808 - Zovix - INFO - Database initialized successfully
2026-07-16 16:30:24,191 - Zovix - INFO - Redis connected for rate limiting
2026-07-16 16:30:24,194 - Zovix - INFO - Load balancer initialized with 4 workers
2026-07-16 16:30:26,222 - Zovix - INFO - Redis cache connected
2026-07-16 16:30:26,228 - Zovix - INFO - Database initialized successfully
2026-07-16 16:30:49,292 - Zovix - INFO - Redis connected for rate limiting
2026-07-16 16:30:49,294 - Zovix - INFO - Load balancer initialized with 4 workers
2026-07-16 16:30:51,327 - Zovix - INFO - Redis cache connected
2026-07-16 16:30:51,333 - Zovix - INFO - Database initialized successfully
2026-07-16 16:30:53,681 - Zovix - INFO - Redis connected for rate limiting
2026-07-16 16:30:53,682 - Zovix - INFO - Load balancer initialized with 4 workers
2026-07-16 16:30:55,716 - Zovix - INFO - Redis cache connected
2026-07-16 16:30:55,721 - Zovix - INFO - Database initialized successfully
2026-07-16 16:31:03,294 - Zovix - INFO - Redis connected for rate limiting
2026-07-16 16:31:03,296 - Zovix - INFO - Load balancer initialized with 4 workers
2026-07-16 16:31:05,337 - Zovix - INFO - Redis cache connected
2026-07-16 16:31:05,347 - Zovix - INFO - Database initialized successfully
2026-07-16 16:31:12,175 - Zovix - INFO - Added 30 credits to rajmehta886297@gmail.com (standard)
2026-07-16 16:31:14,468 - Zovix - INFO - Redis connected for rate limiting
2026-07-16 16:31:14,470 - Zovix - INFO - Load balancer initialized with 4 workers
2026-07-16 16:31:16,498 - Zovix - INFO - Redis cache connected
2026-07-16 16:31:16,506 - Zovix - INFO - Database initialized successfully
2026-07-16 16:31:25,305 - Zovix - INFO - Redis connected for rate limiting
2026-07-16 16:31:25,306 - Zovix - INFO - Load balancer initialized with 4 workers
2026-07-16 16:31:27,349 - Zovix - INFO - Redis cache connected
2026-07-16 16:31:27,356 - Zovix - INFO - Database initialized successfully
2026-07-16 16:31:29,731 - Zovix - INFO - Redis connected for rate limiting
2026-07-16 16:31:29,732 - Zovix - INFO - Load balancer initialized with 4 workers
2026-07-16 16:31:31,759 - Zovix - INFO - Redis cache connected
2026-07-16 16:31:31,764 - Zovix - INFO - Database initialized successfully
2026-07-16 16:32:14,386 - Zovix - INFO - Redis connected for rate limiting
2026-07-16 16:32:14,387 - Zovix - INFO - Load balancer initialized with 4 workers
2026-07-16 16:32:16,419 - Zovix - INFO - Redis cache connected
2026-07-16 16:32:16,429 - Zovix - INFO - Database initialized successfully
2026-07-16 16:32:18,916 - Zovix - INFO - Redis connected for rate limiting
2026-07-16 16:32:18,917 - Zovix - INFO - Load balancer initialized with 4 workers
2026-07-16 16:32:20,945 - Zovix - INFO - Redis cache connected
2026-07-16 16:32:20,951 - Zovix - INFO - Database initialized successfully
2026-07-16 16:33:16,132 - Zovix - INFO - Redis connected for rate limiting
2026-07-16 16:33:16,132 - Zovix - INFO - Load balancer initialized with 4 workers
2026-07-16 16:33:18,165 - Zovix - INFO - Redis cache connected
2026-07-16 16:33:18,172 - Zovix - INFO - Database initialized successfully
2026-07-16 16:33:20,520 - Zovix - INFO - Redis connected for rate limiting
2026-07-16 16:33:20,522 - Zovix - INFO - Load balancer initialized with 4 workers
2026-07-16 16:33:22,552 - Zovix - INFO - Redis cache connected
2026-07-16 16:33:22,559 - Zovix - INFO - Database initialized successfully
2026-07-16 16:39:03,836 - Zovix - INFO - Redis connected for rate limiting
2026-07-16 16:39:03,838 - Zovix - INFO - Load balancer initialized with 4 workers
2026-07-16 16:39:05,860 - Zovix - INFO - Redis cache connected
2026-07-16 16:39:05,868 - Zovix - INFO - Database initialized successfully
2026-07-16 16:39:08,228 - Zovix - INFO - Redis connected for rate limiting
2026-07-16 16:39:08,230 - Zovix - INFO - Load balancer initialized with 4 workers
2026-07-16 16:39:10,258 - Zovix - INFO - Redis cache connected
2026-07-16 16:39:10,264 - Zovix - INFO - Database initialized successfully
2026-07-16 16:40:48,552 - Zovix - INFO - Redis connected for rate limiting
2026-07-16 16:40:48,553 - Zovix - INFO - Load balancer initialized with 4 workers
2026-07-16 16:40:50,578 - Zovix - INFO - Redis cache connected
2026-07-16 16:40:50,583 - Zovix - INFO - Database initialized successfully
2026-07-16 16:40:52,950 - Zovix - INFO - Redis connected for rate limiting
2026-07-16 16:40:52,951 - Zovix - INFO - Load balancer initialized with 4 workers
2026-07-16 16:40:54,978 - Zovix - INFO - Redis cache connected
2026-07-16 16:40:54,983 - Zovix - INFO - Database initialized successfully
2026-07-16 17:48:24,536 - Zovix - INFO - Redis connected for rate limiting
2026-07-16 17:48:24,536 - Zovix - INFO - Load balancer initialized with 4 workers
2026-07-16 17:48:26,561 - Zovix - INFO - Redis cache connected
2026-07-16 17:48:26,572 - Zovix - INFO - Database initialized successfully
2026-07-16 17:48:31,333 - Zovix - INFO - Redis connected for rate limiting
2026-07-16 17:48:31,335 - Zovix - INFO - Load balancer initialized with 4 workers
2026-07-16 17:48:33,358 - Zovix - INFO - Redis cache connected
2026-07-16 17:48:33,364 - Zovix - INFO - Database initialized successfully
2026-07-16 17:48:41,494 - Zovix - INFO - Redis connected for rate limiting
2026-07-16 17:48:41,495 - Zovix - INFO - Load balancer initialized with 4 workers
2026-07-16 17:48:43,529 - Zovix - INFO - Redis cache connected
2026-07-16 17:48:43,537 - Zovix - INFO - Database initialized successfully
2026-07-16 17:49:14,741 - Zovix - INFO - Redis connected for rate limiting
2026-07-16 17:49:14,742 - Zovix - INFO - Load balancer initialized with 4 workers
2026-07-16 17:49:16,771 - Zovix - INFO - Redis cache connected
2026-07-16 17:49:16,777 - Zovix - INFO - Database initialized successfully
2026-07-16 17:49:19,165 - Zovix - INFO - Redis connected for rate limiting
2026-07-16 17:49:19,166 - Zovix - INFO - Load balancer initialized with 4 workers
2026-07-16 17:49:21,193 - Zovix - INFO - Redis cache connected
2026-07-16 17:49:21,199 - Zovix - INFO - Database initialized successfully
2026-07-16 17:57:04,784 - Zovix - INFO - Redis connected for rate limiting
2026-07-16 17:57:04,788 - Zovix - INFO - Load balancer initialized with 4 workers
2026-07-16 17:57:06,814 - Zovix - INFO - Redis cache connected
2026-07-16 17:57:06,824 - Zovix - INFO - Database initialized successfully
2026-07-16 17:57:09,209 - Zovix - INFO - Redis connected for rate limiting
2026-07-16 17:57:09,214 - Zovix - INFO - Load balancer initialized with 4 workers
2026-07-16 17:57:11,236 - Zovix - INFO - Redis cache connected
2026-07-16 17:57:11,240 - Zovix - INFO - Database initialized successfully
2026-07-16 17:57:19,967 - Zovix - INFO - Redis connected for rate limiting
2026-07-16 17:57:19,969 - Zovix - INFO - Load balancer initialized with 4 workers
2026-07-16 17:57:21,989 - Zovix - INFO - Redis cache connected
2026-07-16 17:57:21,993 - Zovix - INFO - Database initialized successfully
2026-07-16 17:57:32,634 - Zovix - INFO - Redis connected for rate limiting
2026-07-16 17:57:32,640 - Zovix - INFO - Load balancer initialized with 4 workers
2026-07-16 17:57:34,682 - Zovix - INFO - Redis cache connected
2026-07-16 17:57:34,691 - Zovix - INFO - Database initialized successfully
2026-07-16 17:57:41,629 - Zovix - INFO - Redis connected for rate limiting
2026-07-16 17:57:41,631 - Zovix - INFO - Load balancer initialized with 4 workers
2026-07-16 17:57:43,669 - Zovix - INFO - Redis cache connected
2026-07-16 17:57:43,676 - Zovix - INFO - Database initialized successfully
2026-07-16 17:59:05,334 - Zovix - INFO - Redis connected for rate limiting
2026-07-16 17:59:05,337 - Zovix - INFO - Load balancer initialized with 4 workers
2026-07-16 17:59:07,369 - Zovix - INFO - Redis cache connected
2026-07-16 17:59:07,381 - Zovix - INFO - Database initialized successfully
2026-07-16 17:59:09,728 - Zovix - INFO - Redis connected for rate limiting
2026-07-16 17:59:09,730 - Zovix - INFO - Load balancer initialized with 4 workers
2026-07-16 17:59:11,772 - Zovix - INFO - Redis cache connected
2026-07-16 17:59:11,780 - Zovix - INFO - Database initialized successfully
2026-07-16 18:00:28,144 - Zovix - INFO - Redis connected for rate limiting
2026-07-16 18:00:28,184 - Zovix - INFO - Load balancer initialized with 4 workers
2026-07-16 18:00:30,223 - Zovix - INFO - Redis cache connected
2026-07-16 18:00:30,244 - Zovix - INFO - Database initialized successfully
2026-07-16 18:00:36,203 - Zovix - INFO - Redis connected for rate limiting
2026-07-16 18:00:36,203 - Zovix - INFO - Load balancer initialized with 4 workers
2026-07-16 18:00:38,228 - Zovix - INFO - Redis cache connected
2026-07-16 18:00:38,230 - Zovix - INFO - Database initialized successfully
2026-07-16 18:00:55,645 - Zovix - INFO - Redis connected for rate limiting
2026-07-16 18:00:55,646 - Zovix - INFO - Load balancer initialized with 4 workers
2026-07-16 18:00:57,671 - Zovix - INFO - Redis cache connected
2026-07-16 18:00:57,673 - Zovix - INFO - Database initialized successfully
2026-07-16 18:03:33,663 - Zovix - INFO - Redis connected for rate limiting
2026-07-16 18:03:33,664 - Zovix - INFO - Load balancer initialized with 4 workers
2026-07-16 18:03:35,697 - Zovix - INFO - Redis cache connected
2026-07-16 18:03:35,706 - Zovix - INFO - Database initialized successfully
2026-07-16 18:03:38,073 - Zovix - INFO - Redis connected for rate limiting
2026-07-16 18:03:38,074 - Zovix - INFO - Load balancer initialized with 4 workers
2026-07-16 18:03:40,105 - Zovix - INFO - Redis cache connected
2026-07-16 18:03:40,110 - Zovix - INFO - Database initialized successfully
2026-07-16 18:03:52,715 - Zovix - INFO - Redis connected for rate limiting
2026-07-16 18:03:52,716 - Zovix - INFO - Load balancer initialized with 4 workers
2026-07-16 18:03:54,750 - Zovix - INFO - Redis cache connected
2026-07-16 18:03:54,761 - Zovix - INFO - Database initialized successfully
2026-07-16 18:03:58,989 - Zovix - INFO - Redis connected for rate limiting
2026-07-16 18:03:58,990 - Zovix - INFO - Load balancer initialized with 4 workers
2026-07-16 18:04:01,018 - Zovix - INFO - Redis cache connected
2026-07-16 18:04:01,024 - Zovix - INFO - Database initialized successfully
2026-07-16 18:04:09,346 - Zovix - INFO - Redis connected for rate limiting
2026-07-16 18:04:09,347 - Zovix - INFO - Load balancer initialized with 4 workers
2026-07-16 18:04:11,377 - Zovix - INFO - Redis cache connected
2026-07-16 18:04:11,385 - Zovix - INFO - Database initialized successfully
2026-07-16 18:16:45,603 - Zovix - INFO - Redis connected for rate limiting
2026-07-16 18:16:45,604 - Zovix - INFO - Load balancer initialized with 4 workers
2026-07-16 18:16:47,643 - Zovix - INFO - Redis cache connected
2026-07-16 18:16:47,655 - Zovix - INFO - Database initialized successfully
2026-07-16 18:16:52,006 - Zovix - INFO - Redis connected for rate limiting
2026-07-16 18:16:52,008 - Zovix - INFO - Load balancer initialized with 4 workers
2026-07-16 18:16:54,034 - Zovix - INFO - Redis cache connected
2026-07-16 18:16:54,042 - Zovix - INFO - Database initialized successfully
2026-07-16 18:17:00,566 - Zovix - INFO - Redis connected for rate limiting
2026-07-16 18:17:00,568 - Zovix - INFO - Load balancer initialized with 4 workers
2026-07-16 18:17:02,593 - Zovix - INFO - Redis cache connected
2026-07-16 18:17:02,600 - Zovix - INFO - Database initialized successfully
2026-07-16 18:22:21,954 - Zovix - INFO - Redis connected for rate limiting
2026-07-16 18:22:21,954 - Zovix - INFO - Load balancer initialized with 4 workers
2026-07-16 18:22:23,983 - Zovix - INFO - Redis cache connected
2026-07-16 18:22:23,993 - Zovix - INFO - Database initialized successfully
2026-07-16 18:22:30,517 - Zovix - INFO - Redis connected for rate limiting
2026-07-16 18:22:30,518 - Zovix - INFO - Load balancer initialized with 4 workers
2026-07-16 18:22:32,547 - Zovix - INFO - Redis cache connected
2026-07-16 18:22:32,556 - Zovix - INFO - Database initialized successfully
2026-07-16 18:22:39,478 - Zovix - INFO - Redis connected for rate limiting
2026-07-16 18:22:39,480 - Zovix - INFO - Load balancer initialized with 4 workers
2026-07-16 18:22:41,508 - Zovix - INFO - Redis cache connected
2026-07-16 18:22:41,514 - Zovix - INFO - Database initialized successfully
2026-07-16 18:22:53,272 - Zovix - INFO - Redis connected for rate limiting
2026-07-16 18:22:53,277 - Zovix - INFO - Load balancer initialized with 4 workers
2026-07-16 18:22:55,304 - Zovix - INFO - Redis cache connected
2026-07-16 18:22:55,308 - Zovix - INFO - Database initialized successfully
2026-07-16 18:22:57,617 - Zovix - INFO - Redis connected for rate limiting
2026-07-16 18:22:57,618 - Zovix - INFO - Load balancer initialized with 4 workers
2026-07-16 18:22:59,647 - Zovix - INFO - Redis cache connected
2026-07-16 18:22:59,655 - Zovix - INFO - Database initialized successfully
2026-07-16 18:26:21,310 - Zovix - INFO - Redis connected for rate limiting
2026-07-16 18:26:21,311 - Zovix - INFO - Load balancer initialized with 4 workers
2026-07-16 18:26:23,347 - Zovix - INFO - Redis cache connected
2026-07-16 18:26:23,359 - Zovix - INFO - Database initialized successfully
2026-07-16 18:26:27,743 - Zovix - INFO - Redis connected for rate limiting
2026-07-16 18:26:27,744 - Zovix - INFO - Load balancer initialized with 4 workers
2026-07-16 18:26:29,783 - Zovix - INFO - Redis cache connected
2026-07-16 18:26:29,790 - Zovix - INFO - Database initialized successfully
2026-07-16 18:26:36,247 - Zovix - INFO - Redis connected for rate limiting
2026-07-16 18:26:36,248 - Zovix - INFO - Load balancer initialized with 4 workers
2026-07-16 18:26:38,283 - Zovix - INFO - Redis cache connected
2026-07-16 18:26:38,288 - Zovix - INFO - Database initialized successfully
2026-07-16 18:27:11,433 - Zovix - INFO - Redis connected for rate limiting
2026-07-16 18:27:11,434 - Zovix - INFO - Load balancer initialized with 4 workers
2026-07-16 18:27:13,471 - Zovix - INFO - Redis cache connected
2026-07-16 18:27:13,483 - Zovix - INFO - Database initialized successfully
2026-07-16 18:27:17,998 - Zovix - INFO - Redis connected for rate limiting
2026-07-16 18:27:18,000 - Zovix - INFO - Load balancer initialized with 4 workers
2026-07-16 18:27:20,039 - Zovix - INFO - Redis cache connected
2026-07-16 18:27:20,045 - Zovix - INFO - Database initialized successfully
2026-07-16 18:27:27,564 - Zovix - INFO - Redis connected for rate limiting
2026-07-16 18:27:27,566 - Zovix - INFO - Load balancer initialized with 4 workers
2026-07-16 18:27:29,602 - Zovix - INFO - Redis cache connected
2026-07-16 18:27:29,608 - Zovix - INFO - Database initialized successfully
2026-07-16 18:27:56,503 - Zovix - INFO - Redis connected for rate limiting
2026-07-16 18:27:56,503 - Zovix - INFO - Load balancer initialized with 4 workers
2026-07-16 18:27:58,541 - Zovix - INFO - Redis cache connected
2026-07-16 18:27:58,547 - Zovix - INFO - Database initialized successfully
2026-07-16 18:28:00,855 - Zovix - INFO - Redis connected for rate limiting
2026-07-16 18:28:00,856 - Zovix - INFO - Load balancer initialized with 4 workers
2026-07-16 18:28:02,895 - Zovix - INFO - Redis cache connected
2026-07-16 18:28:02,899 - Zovix - INFO - Database initialized successfully
2026-07-16 18:28:36,847 - Zovix - INFO - Redis connected for rate limiting
2026-07-16 18:28:36,847 - Zovix - INFO - Load balancer initialized with 4 workers
2026-07-16 18:28:38,890 - Zovix - INFO - Redis cache connected
2026-07-16 18:28:38,895 - Zovix - INFO - Database initialized successfully
2026-07-16 18:28:41,153 - Zovix - INFO - Redis connected for rate limiting
2026-07-16 18:28:41,154 - Zovix - INFO - Load balancer initialized with 4 workers
2026-07-16 18:28:43,196 - Zovix - INFO - Redis cache connected
2026-07-16 18:28:43,202 - Zovix - INFO - Database initialized successfully
2026-07-16 18:28:57,478 - Zovix - INFO - Redis connected for rate limiting
2026-07-16 18:28:57,479 - Zovix - INFO - Load balancer initialized with 4 workers
2026-07-16 18:28:59,517 - Zovix - INFO - Redis cache connected
2026-07-16 18:28:59,522 - Zovix - INFO - Database initialized successfully
2026-07-16 18:29:01,809 - Zovix - INFO - Redis connected for rate limiting
2026-07-16 18:29:01,809 - Zovix - INFO - Load balancer initialized with 4 workers
2026-07-16 18:29:03,850 - Zovix - INFO - Redis cache connected
2026-07-16 18:29:03,855 - Zovix - INFO - Database initialized successfully
2026-07-16 18:29:09,252 - Zovix - INFO - Redis connected for rate limiting
2026-07-16 18:29:09,254 - Zovix - INFO - Load balancer initialized with 4 workers
2026-07-16 18:29:11,294 - Zovix - INFO - Redis cache connected
2026-07-16 18:29:11,299 - Zovix - INFO - Database initialized successfully
2026-07-16 18:29:13,622 - Zovix - INFO - Redis connected for rate limiting
2026-07-16 18:29:13,624 - Zovix - INFO - Load balancer initialized with 4 workers
2026-07-16 18:29:15,661 - Zovix - INFO - Redis cache connected
2026-07-16 18:29:15,666 - Zovix - INFO - Database initialized successfully
2026-07-16 18:29:24,103 - Zovix - INFO - Redis connected for rate limiting
2026-07-16 18:29:24,104 - Zovix - INFO - Load balancer initialized with 4 workers
2026-07-16 18:29:26,142 - Zovix - INFO - Redis cache connected
2026-07-16 18:29:26,147 - Zovix - INFO - Database initialized successfully
2026-07-16 18:29:28,458 - Zovix - INFO - Redis connected for rate limiting
2026-07-16 18:29:28,459 - Zovix - INFO - Load balancer initialized with 4 workers
2026-07-16 18:29:30,490 - Zovix - INFO - Redis cache connected
2026-07-16 18:29:30,496 - Zovix - INFO - Database initialized successfully
2026-07-16 18:29:38,639 - Zovix - INFO - Redis connected for rate limiting
2026-07-16 18:29:38,640 - Zovix - INFO - Load balancer initialized with 4 workers
2026-07-16 18:29:40,670 - Zovix - INFO - Redis cache connected
2026-07-16 18:29:40,675 - Zovix - INFO - Database initialized successfully
2026-07-16 18:29:42,970 - Zovix - INFO - Redis connected for rate limiting
2026-07-16 18:29:42,972 - Zovix - INFO - Load balancer initialized with 4 workers
2026-07-16 18:29:45,002 - Zovix - INFO - Redis cache connected
2026-07-16 18:29:45,007 - Zovix - INFO - Database initialized successfully
2026-07-16 18:30:13,954 - Zovix - INFO - Redis connected for rate limiting
2026-07-16 18:30:13,955 - Zovix - INFO - Load balancer initialized with 4 workers
2026-07-16 18:30:15,997 - Zovix - INFO - Redis cache connected
2026-07-16 18:30:16,003 - Zovix - INFO - Database initialized successfully
2026-07-16 18:30:18,234 - Zovix - INFO - Redis connected for rate limiting
2026-07-16 18:30:18,235 - Zovix - INFO - Load balancer initialized with 4 workers
2026-07-16 18:30:20,274 - Zovix - INFO - Redis cache connected
2026-07-16 18:30:20,280 - Zovix - INFO - Database initialized successfully
2026-07-16 18:31:05,882 - Zovix - INFO - Redis connected for rate limiting
2026-07-16 18:31:05,882 - Zovix - INFO - Load balancer initialized with 4 workers
2026-07-16 18:31:07,912 - Zovix - INFO - Redis cache connected
2026-07-16 18:31:07,921 - Zovix - INFO - Database initialized successfully
2026-07-16 18:31:10,292 - Zovix - INFO - Redis connected for rate limiting
2026-07-16 18:31:10,293 - Zovix - INFO - Load balancer initialized with 4 workers
2026-07-16 18:31:12,327 - Zovix - INFO - Redis cache connected
2026-07-16 18:31:12,332 - Zovix - INFO - Database initialized successfully
2026-07-16 18:48:33,015 - Zovix - WARNING - redis not installed. Using in-memory cache.
2026-07-16 18:48:33,017 - Zovix - WARNING - celery not installed. Using threaded queue.
2026-07-16 18:48:33,018 - Zovix - WARNING - pyotp or qrcode not installed. 2FA disabled.
2026-07-16 18:48:33,021 - Zovix - INFO - Started 4 threaded workers
2026-07-16 18:48:33,021 - Zovix - INFO - Load balancer initialized with 4 workers
2026-07-16 18:48:33,035 - Zovix - INFO - Database initialized successfully
2026-07-16 18:48:36,317 - Zovix - WARNING - redis not installed. Using in-memory cache.
2026-07-16 18:48:36,319 - Zovix - WARNING - celery not installed. Using threaded queue.
2026-07-16 18:48:36,320 - Zovix - WARNING - pyotp or qrcode not installed. 2FA disabled.
2026-07-16 18:48:36,322 - Zovix - INFO - Started 4 threaded workers
2026-07-16 18:48:36,322 - Zovix - INFO - Load balancer initialized with 4 workers
2026-07-16 18:48:36,328 - Zovix - INFO - Database initialized successfully
2026-07-16 18:48:47,040 - Zovix - WARNING - redis not installed. Using in-memory cache.
2026-07-16 18:48:47,042 - Zovix - WARNING - celery not installed. Using threaded queue.
2026-07-16 18:48:47,045 - Zovix - WARNING - pyotp or qrcode not installed. 2FA disabled.
2026-07-16 18:48:47,051 - Zovix - INFO - Started 4 threaded workers
2026-07-16 18:48:47,051 - Zovix - INFO - Load balancer initialized with 4 workers
2026-07-16 18:48:47,060 - Zovix - INFO - Database initialized successfully
2026-07-16 18:49:09,859 - Zovix - WARNING - redis not installed. Using in-memory cache.
2026-07-16 18:49:09,860 - Zovix - WARNING - celery not installed. Using threaded queue.
2026-07-16 18:49:09,861 - Zovix - WARNING - pyotp or qrcode not installed. 2FA disabled.
2026-07-16 18:49:09,864 - Zovix - INFO - Started 4 threaded workers
2026-07-16 18:49:09,864 - Zovix - INFO - Load balancer initialized with 4 workers
2026-07-16 18:49:09,876 - Zovix - INFO - Database initialized successfully
2026-07-16 18:49:12,712 - Zovix - WARNING - redis not installed. Using in-memory cache.
2026-07-16 18:49:12,713 - Zovix - WARNING - celery not installed. Using threaded queue.
2026-07-16 18:49:12,714 - Zovix - WARNING - pyotp or qrcode not installed. 2FA disabled.
2026-07-16 18:49:12,717 - Zovix - INFO - Started 4 threaded workers
2026-07-16 18:49:12,717 - Zovix - INFO - Load balancer initialized with 4 workers
2026-07-16 18:49:12,725 - Zovix - INFO - Database initialized successfully
2026-07-16 18:49:17,686 - Zovix - WARNING - redis not installed. Using in-memory cache.
2026-07-16 18:49:17,689 - Zovix - WARNING - celery not installed. Using threaded queue.
2026-07-16 18:49:17,691 - Zovix - WARNING - pyotp or qrcode not installed. 2FA disabled.
2026-07-16 18:49:17,695 - Zovix - INFO - Started 4 threaded workers
2026-07-16 18:49:17,696 - Zovix - INFO - Load balancer initialized with 4 workers
2026-07-16 18:49:17,705 - Zovix - INFO - Database initialized successfully
2026-07-16 18:57:07,178 - Zovix - WARNING - redis not installed. Using in-memory cache.
2026-07-16 18:57:07,180 - Zovix - WARNING - celery not installed. Using threaded queue.
2026-07-16 18:57:07,181 - Zovix - WARNING - pyotp or qrcode not installed. 2FA disabled.
2026-07-16 18:57:07,185 - Zovix - INFO - Started 4 threaded workers
2026-07-16 18:57:07,185 - Zovix - INFO - Load balancer initialized with 4 workers
2026-07-16 18:57:07,200 - Zovix - INFO - Database initialized successfully
2026-07-16 18:57:11,394 - Zovix - WARNING - redis not installed. Using in-memory cache.
2026-07-16 18:57:11,396 - Zovix - WARNING - celery not installed. Using threaded queue.
2026-07-16 18:57:11,398 - Zovix - WARNING - pyotp or qrcode not installed. 2FA disabled.
2026-07-16 18:57:11,404 - Zovix - INFO - Started 4 threaded workers
2026-07-16 18:57:11,404 - Zovix - INFO - Load balancer initialized with 4 workers
2026-07-16 18:57:11,415 - Zovix - INFO - Database initialized successfully
2026-07-16 18:57:16,698 - Zovix - WARNING - redis not installed. Using in-memory cache.
2026-07-16 18:57:16,701 - Zovix - WARNING - celery not installed. Using threaded queue.
2026-07-16 18:57:16,704 - Zovix - WARNING - pyotp or qrcode not installed. 2FA disabled.
2026-07-16 18:57:16,710 - Zovix - INFO - Started 4 threaded workers
2026-07-16 18:57:16,711 - Zovix - INFO - Load balancer initialized with 4 workers
2026-07-16 18:57:16,722 - Zovix - INFO - Database initialized successfully
2026-07-16 18:57:35,158 - Zovix - WARNING - redis not installed. Using in-memory cache.
2026-07-16 18:57:35,159 - Zovix - WARNING - celery not installed. Using threaded queue.
2026-07-16 18:57:35,161 - Zovix - WARNING - pyotp or qrcode not installed. 2FA disabled.
2026-07-16 18:57:35,166 - Zovix - INFO - Started 4 threaded workers
2026-07-16 18:57:35,166 - Zovix - INFO - Load balancer initialized with 4 workers
2026-07-16 18:57:35,174 - Zovix - INFO - Database initialized successfully
2026-07-16 18:57:35,479 - Zovix - WARNING - redis not installed. Using in-memory cache.
2026-07-16 18:57:35,481 - Zovix - WARNING - celery not installed. Using threaded queue.
2026-07-16 18:57:35,482 - Zovix - WARNING - pyotp or qrcode not installed. 2FA disabled.
2026-07-16 18:57:35,486 - Zovix - INFO - Started 4 threaded workers
2026-07-16 18:57:35,486 - Zovix - INFO - Load balancer initialized with 4 workers
2026-07-16 18:57:35,494 - Zovix - INFO - Database initialized successfully
2026-07-16 18:57:36,636 - Zovix - WARNING - redis not installed. Using in-memory cache.
2026-07-16 18:57:36,638 - Zovix - WARNING - celery not installed. Using threaded queue.
2026-07-16 18:57:36,639 - Zovix - WARNING - pyotp or qrcode not installed. 2FA disabled.
2026-07-16 18:57:36,644 - Zovix - INFO - Started 4 threaded workers
2026-07-16 18:57:36,644 - Zovix - INFO - Load balancer initialized with 4 workers
2026-07-16 18:57:36,652 - Zovix - INFO - Database initialized successfully
2026-07-16 18:57:37,000 - Zovix - WARNING - redis not installed. Using in-memory cache.
2026-07-16 18:57:37,002 - Zovix - WARNING - celery not installed. Using threaded queue.
2026-07-16 18:57:37,004 - Zovix - WARNING - pyotp or qrcode not installed. 2FA disabled.
2026-07-16 18:57:37,009 - Zovix - INFO - Started 4 threaded workers
2026-07-16 18:57:37,010 - Zovix - INFO - Load balancer initialized with 4 workers
2026-07-16 18:57:37,020 - Zovix - INFO - Database initialized successfully
2026-07-16 19:00:51,540 - Zovix - WARNING - redis not installed. Using in-memory cache.
2026-07-16 19:00:51,541 - Zovix - WARNING - celery not installed. Using threaded queue.
2026-07-16 19:00:51,542 - Zovix - WARNING - pyotp or qrcode not installed. 2FA disabled.
2026-07-16 19:00:51,545 - Zovix - INFO - Started 4 threaded workers
2026-07-16 19:00:51,545 - Zovix - INFO - Load balancer initialized with 4 workers
2026-07-16 19:00:51,551 - Zovix - INFO - Database initialized successfully
2026-07-16 19:00:51,761 - Zovix - WARNING - redis not installed. Using in-memory cache.
2026-07-16 19:00:51,762 - Zovix - WARNING - celery not installed. Using threaded queue.
2026-07-16 19:00:51,763 - Zovix - WARNING - pyotp or qrcode not installed. 2FA disabled.
2026-07-16 19:00:51,766 - Zovix - INFO - Started 4 threaded workers
2026-07-16 19:00:51,766 - Zovix - INFO - Load balancer initialized with 4 workers
2026-07-16 19:00:51,772 - Zovix - INFO - Database initialized successfully
2026-07-16 19:00:58,239 - Zovix - WARNING - redis not installed. Using in-memory cache.
2026-07-16 19:00:58,240 - Zovix - WARNING - celery not installed. Using threaded queue.
2026-07-16 19:00:58,241 - Zovix - WARNING - pyotp or qrcode not installed. 2FA disabled.
2026-07-16 19:00:58,244 - Zovix - INFO - Started 4 threaded workers
2026-07-16 19:00:58,244 - Zovix - INFO - Load balancer initialized with 4 workers
2026-07-16 19:00:58,248 - Zovix - INFO - Database initialized successfully
2026-07-16 19:00:58,458 - Zovix - WARNING - redis not installed. Using in-memory cache.
2026-07-16 19:00:58,459 - Zovix - WARNING - celery not installed. Using threaded queue.
2026-07-16 19:00:58,460 - Zovix - WARNING - pyotp or qrcode not installed. 2FA disabled.
2026-07-16 19:00:58,465 - Zovix - INFO - Started 4 threaded workers
2026-07-16 19:00:58,465 - Zovix - INFO - Load balancer initialized with 4 workers
2026-07-16 19:00:58,470 - Zovix - INFO - Database initialized successfully
2026-07-16 19:26:08,879 - Zovix - WARNING - redis not installed. Using in-memory cache.
2026-07-16 19:26:08,880 - Zovix - WARNING - celery not installed. Using threaded queue.
2026-07-16 19:26:08,881 - Zovix - WARNING - pyotp or qrcode not installed. 2FA disabled.
2026-07-16 19:26:08,883 - Zovix - INFO - Started 4 threaded workers
2026-07-16 19:26:08,883 - Zovix - INFO - Load balancer initialized with 4 workers
2026-07-16 19:26:08,896 - Zovix - INFO - Database initialized successfully
2026-07-16 19:26:11,798 - Zovix - WARNING - redis not installed. Using in-memory cache.
2026-07-16 19:26:11,799 - Zovix - WARNING - celery not installed. Using threaded queue.
2026-07-16 19:26:11,800 - Zovix - WARNING - pyotp or qrcode not installed. 2FA disabled.
2026-07-16 19:26:11,803 - Zovix - INFO - Started 4 threaded workers
2026-07-16 19:26:11,803 - Zovix - INFO - Load balancer initialized with 4 workers
2026-07-16 19:26:11,809 - Zovix - INFO - Database initialized successfully
2026-07-16 19:26:17,212 - Zovix - WARNING - redis not installed. Using in-memory cache.
2026-07-16 19:26:17,214 - Zovix - WARNING - celery not installed. Using threaded queue.
2026-07-16 19:26:17,215 - Zovix - WARNING - pyotp or qrcode not installed. 2FA disabled.
2026-07-16 19:26:17,218 - Zovix - INFO - Started 4 threaded workers
2026-07-16 19:26:17,218 - Zovix - INFO - Load balancer initialized with 4 workers
2026-07-16 19:26:17,227 - Zovix - INFO - Database initialized successfully
2026-07-16 19:26:31,862 - Zovix - WARNING - redis not installed. Using in-memory cache.
2026-07-16 19:26:31,863 - Zovix - WARNING - celery not installed. Using threaded queue.
2026-07-16 19:26:31,864 - Zovix - WARNING - pyotp or qrcode not installed. 2FA disabled.
2026-07-16 19:26:31,866 - Zovix - INFO - Started 4 threaded workers
2026-07-16 19:26:31,866 - Zovix - INFO - Load balancer initialized with 4 workers
2026-07-16 19:26:31,871 - Zovix - INFO - Database initialized successfully
2026-07-16 19:26:32,081 - Zovix - WARNING - redis not installed. Using in-memory cache.
2026-07-16 19:26:32,082 - Zovix - WARNING - celery not installed. Using threaded queue.
2026-07-16 19:26:32,083 - Zovix - WARNING - pyotp or qrcode not installed. 2FA disabled.
2026-07-16 19:26:32,086 - Zovix - INFO - Started 4 threaded workers
2026-07-16 19:26:32,086 - Zovix - INFO - Load balancer initialized with 4 workers
2026-07-16 19:26:32,094 - Zovix - INFO - Database initialized successfully
2026-07-16 19:27:47,403 - Zovix - WARNING - redis not installed. Using in-memory cache.
2026-07-16 19:27:47,404 - Zovix - WARNING - celery not installed. Using threaded queue.
2026-07-16 19:27:47,405 - Zovix - WARNING - pyotp or qrcode not installed. 2FA disabled.
2026-07-16 19:27:47,408 - Zovix - INFO - Started 4 threaded workers
2026-07-16 19:27:47,408 - Zovix - INFO - Load balancer initialized with 4 workers
2026-07-16 19:27:47,413 - Zovix - INFO - Database initialized successfully
2026-07-16 19:27:47,659 - Zovix - WARNING - redis not installed. Using in-memory cache.
2026-07-16 19:27:47,661 - Zovix - WARNING - celery not installed. Using threaded queue.
2026-07-16 19:27:47,663 - Zovix - WARNING - pyotp or qrcode not installed. 2FA disabled.
2026-07-16 19:27:47,665 - Zovix - INFO - Started 4 threaded workers
2026-07-16 19:27:47,666 - Zovix - INFO - Load balancer initialized with 4 workers
2026-07-16 19:27:47,672 - Zovix - INFO - Database initialized successfully
2026-07-16 19:29:57,047 - Zovix - WARNING - redis not installed. Using in-memory cache.
2026-07-16 19:29:57,049 - Zovix - WARNING - celery not installed. Using threaded queue.
2026-07-16 19:29:57,050 - Zovix - WARNING - pyotp or qrcode not installed. 2FA disabled.
2026-07-16 19:29:57,052 - Zovix - INFO - Started 4 threaded workers
2026-07-16 19:29:57,053 - Zovix - INFO - Load balancer initialized with 4 workers
2026-07-16 19:29:57,058 - Zovix - INFO - Database initialized successfully
2026-07-16 19:29:57,247 - Zovix - WARNING - redis not installed. Using in-memory cache.
2026-07-16 19:29:57,248 - Zovix - WARNING - celery not installed. Using threaded queue.
2026-07-16 19:29:57,250 - Zovix - WARNING - pyotp or qrcode not installed. 2FA disabled.
2026-07-16 19:29:57,252 - Zovix - INFO - Started 4 threaded workers
2026-07-16 19:29:57,253 - Zovix - INFO - Load balancer initialized with 4 workers
2026-07-16 19:29:57,257 - Zovix - INFO - Database initialized successfully
2026-07-16 19:33:46,156 - Zovix - WARNING - redis not installed. Using in-memory cache.
2026-07-16 19:33:46,157 - Zovix - WARNING - celery not installed. Using threaded queue.
2026-07-16 19:33:46,160 - Zovix - WARNING - pyotp or qrcode not installed. 2FA disabled.
2026-07-16 19:33:46,164 - Zovix - INFO - Started 4 threaded workers
2026-07-16 19:33:46,164 - Zovix - INFO - Load balancer initialized with 4 workers
2026-07-16 19:33:46,169 - Zovix - INFO - Database initialized successfully
2026-07-16 19:33:46,413 - Zovix - WARNING - redis not installed. Using in-memory cache.
2026-07-16 19:33:46,416 - Zovix - WARNING - celery not installed. Using threaded queue.
2026-07-16 19:33:46,420 - Zovix - WARNING - pyotp or qrcode not installed. 2FA disabled.
2026-07-16 19:33:46,429 - Zovix - INFO - Started 4 threaded workers
2026-07-16 19:33:46,430 - Zovix - INFO - Load balancer initialized with 4 workers
2026-07-16 19:33:46,442 - Zovix - INFO - Database initialized successfully
2026-07-16 19:36:01,496 - Zovix - WARNING - redis not installed. Using in-memory cache.
2026-07-16 19:36:01,497 - Zovix - WARNING - celery not installed. Using threaded queue.
2026-07-16 19:36:01,498 - Zovix - WARNING - pyotp or qrcode not installed. 2FA disabled.
2026-07-16 19:36:01,501 - Zovix - INFO - Started 4 threaded workers
2026-07-16 19:36:01,501 - Zovix - INFO - Load balancer initialized with 4 workers
2026-07-16 19:36:01,506 - Zovix - INFO - Database initialized successfully
2026-07-16 19:36:23,286 - Zovix - WARNING - redis not installed. Using in-memory cache.
2026-07-16 19:36:23,287 - Zovix - WARNING - celery not installed. Using threaded queue.
2026-07-16 19:36:23,288 - Zovix - WARNING - pyotp or qrcode not installed. 2FA disabled.
2026-07-16 19:36:23,291 - Zovix - INFO - Started 4 threaded workers
2026-07-16 19:36:23,291 - Zovix - INFO - Load balancer initialized with 4 workers
2026-07-16 19:36:23,298 - Zovix - INFO - Database initialized successfully
2026-07-16 19:36:23,538 - Zovix - WARNING - redis not installed. Using in-memory cache.
2026-07-16 19:36:23,540 - Zovix - WARNING - celery not installed. Using threaded queue.
2026-07-16 19:36:23,541 - Zovix - WARNING - pyotp or qrcode not installed. 2FA disabled.
2026-07-16 19:36:23,544 - Zovix - INFO - Started 4 threaded workers
2026-07-16 19:36:23,544 - Zovix - INFO - Load balancer initialized with 4 workers
2026-07-16 19:36:23,551 - Zovix - INFO - Database initialized successfully
2026-07-16 19:36:59,382 - Zovix - WARNING - redis not installed. Using in-memory cache.
2026-07-16 19:36:59,383 - Zovix - WARNING - celery not installed. Using threaded queue.
2026-07-16 19:36:59,384 - Zovix - WARNING - pyotp or qrcode not installed. 2FA disabled.
2026-07-16 19:36:59,387 - Zovix - INFO - Started 4 threaded workers
2026-07-16 19:36:59,387 - Zovix - INFO - Load balancer initialized with 4 workers
2026-07-16 19:36:59,392 - Zovix - INFO - Database initialized successfully
2026-07-16 19:36:59,715 - Zovix - WARNING - redis not installed. Using in-memory cache.
2026-07-16 19:36:59,717 - Zovix - WARNING - celery not installed. Using threaded queue.
2026-07-16 19:36:59,718 - Zovix - WARNING - pyotp or qrcode not installed. 2FA disabled.
2026-07-16 19:36:59,722 - Zovix - INFO - Started 4 threaded workers
2026-07-16 19:36:59,722 - Zovix - INFO - Load balancer initialized with 4 workers
2026-07-16 19:36:59,728 - Zovix - INFO - Database initialized successfully
2026-07-16 19:37:27,088 - Zovix - WARNING - redis not installed. Using in-memory cache.
2026-07-16 19:37:27,089 - Zovix - WARNING - celery not installed. Using threaded queue.
2026-07-16 19:37:27,090 - Zovix - WARNING - pyotp or qrcode not installed. 2FA disabled.
2026-07-16 19:37:27,093 - Zovix - INFO - Started 4 threaded workers
2026-07-16 19:37:27,094 - Zovix - INFO - Load balancer initialized with 4 workers
2026-07-16 19:37:27,100 - Zovix - INFO - Database initialized successfully
2026-07-16 19:37:27,330 - Zovix - WARNING - redis not installed. Using in-memory cache.
2026-07-16 19:37:27,331 - Zovix - WARNING - celery not installed. Using threaded queue.
2026-07-16 19:37:27,332 - Zovix - WARNING - pyotp or qrcode not installed. 2FA disabled.
2026-07-16 19:37:27,335 - Zovix - INFO - Started 4 threaded workers
2026-07-16 19:37:27,335 - Zovix - INFO - Load balancer initialized with 4 workers
2026-07-16 19:37:27,342 - Zovix - INFO - Database initialized successfully
2026-07-16 19:37:46,966 - Zovix - WARNING - redis not installed. Using in-memory cache.
2026-07-16 19:37:46,967 - Zovix - WARNING - celery not installed. Using threaded queue.
2026-07-16 19:37:46,968 - Zovix - WARNING - pyotp or qrcode not installed. 2FA disabled.
2026-07-16 19:37:46,971 - Zovix - INFO - Started 4 threaded workers
2026-07-16 19:37:46,971 - Zovix - INFO - Load balancer initialized with 4 workers
2026-07-16 19:37:46,977 - Zovix - INFO - Database initialized successfully
2026-07-16 19:37:47,230 - Zovix - WARNING - redis not installed. Using in-memory cache.
2026-07-16 19:37:47,232 - Zovix - WARNING - celery not installed. Using threaded queue.
2026-07-16 19:37:47,233 - Zovix - WARNING - pyotp or qrcode not installed. 2FA disabled.
2026-07-16 19:37:47,236 - Zovix - INFO - Started 4 threaded workers
2026-07-16 19:37:47,236 - Zovix - INFO - Load balancer initialized with 4 workers
2026-07-16 19:37:47,242 - Zovix - INFO - Database initialized successfully
2026-07-16 19:40:16,983 - Zovix - WARNING - redis not installed. Using in-memory cache.
2026-07-16 19:40:16,984 - Zovix - WARNING - celery not installed. Using threaded queue.
2026-07-16 19:40:16,985 - Zovix - WARNING - pyotp or qrcode not installed. 2FA disabled.
2026-07-16 19:40:16,988 - Zovix - INFO - Started 4 threaded workers
2026-07-16 19:40:16,988 - Zovix - INFO - Load balancer initialized with 4 workers
2026-07-16 19:40:16,993 - Zovix - INFO - Database initialized successfully
2026-07-16 19:40:17,232 - Zovix - WARNING - redis not installed. Using in-memory cache.
2026-07-16 19:40:17,233 - Zovix - WARNING - celery not installed. Using threaded queue.
2026-07-16 19:40:17,234 - Zovix - WARNING - pyotp or qrcode not installed. 2FA disabled.
2026-07-16 19:40:17,236 - Zovix - INFO - Started 4 threaded workers
2026-07-16 19:40:17,236 - Zovix - INFO - Load balancer initialized with 4 workers
2026-07-16 19:40:17,244 - Zovix - INFO - Database initialized successfully
2026-07-16 19:55:00,425 - Zovix - WARNING - redis not installed. Using in-memory cache.
2026-07-16 19:55:00,426 - Zovix - WARNING - celery not installed. Using threaded queue.
2026-07-16 19:55:00,428 - Zovix - WARNING - pyotp or qrcode not installed. 2FA disabled.
2026-07-16 19:55:00,431 - Zovix - INFO - Started 4 threaded workers
2026-07-16 19:55:00,431 - Zovix - INFO - Load balancer initialized with 4 workers
2026-07-16 19:55:00,437 - Zovix - INFO - Database initialized successfully
2026-07-16 19:55:00,692 - Zovix - WARNING - redis not installed. Using in-memory cache.
2026-07-16 19:55:00,694 - Zovix - WARNING - celery not installed. Using threaded queue.
2026-07-16 19:55:00,696 - Zovix - WARNING - pyotp or qrcode not installed. 2FA disabled.
2026-07-16 19:55:00,699 - Zovix - INFO - Started 4 threaded workers
2026-07-16 19:55:00,699 - Zovix - INFO - Load balancer initialized with 4 workers
2026-07-16 19:55:00,706 - Zovix - INFO - Database initialized successfully
2026-07-16 19:55:49,065 - Zovix - WARNING - redis not installed. Using in-memory cache.
2026-07-16 19:55:49,066 - Zovix - WARNING - celery not installed. Using threaded queue.
2026-07-16 19:55:49,067 - Zovix - WARNING - pyotp or qrcode not installed. 2FA disabled.
2026-07-16 19:55:49,070 - Zovix - INFO - Started 4 threaded workers
2026-07-16 19:55:49,070 - Zovix - INFO - Load balancer initialized with 4 workers
2026-07-16 19:55:49,085 - Zovix - INFO - Database initialized successfully
2026-07-16 19:55:59,886 - Zovix - WARNING - redis not installed. Using in-memory cache.
2026-07-16 19:55:59,887 - Zovix - WARNING - celery not installed. Using threaded queue.
2026-07-16 19:55:59,891 - Zovix - WARNING - pyotp or qrcode not installed. 2FA disabled.
2026-07-16 19:55:59,896 - Zovix - INFO - Started 4 threaded workers
2026-07-16 19:55:59,896 - Zovix - INFO - Load balancer initialized with 4 workers
2026-07-16 19:55:59,902 - Zovix - INFO - Database initialized successfully
2026-07-16 19:56:07,892 - Zovix - WARNING - redis not installed. Using in-memory cache.
2026-07-16 19:56:07,894 - Zovix - WARNING - celery not installed. Using threaded queue.
2026-07-16 19:56:07,896 - Zovix - WARNING - pyotp or qrcode not installed. 2FA disabled.
2026-07-16 19:56:07,899 - Zovix - INFO - Started 4 threaded workers
2026-07-16 19:56:07,899 - Zovix - INFO - Load balancer initialized with 4 workers
2026-07-16 19:56:07,908 - Zovix - INFO - Database initialized successfully
2026-07-16 19:57:16,661 - Zovix - INFO - Redis connected for rate limiting
2026-07-16 19:57:16,898 - Zovix - INFO - Load balancer initialized with 4 workers
2026-07-16 19:57:18,933 - Zovix - INFO - Redis cache connected
2026-07-16 19:57:18,937 - Zovix - INFO - Database initialized successfully
2026-07-16 19:57:33,811 - Zovix - INFO - Redis connected for rate limiting
2026-07-16 19:57:33,813 - Zovix - INFO - Load balancer initialized with 4 workers
2026-07-16 19:57:35,842 - Zovix - INFO - Redis cache connected
2026-07-16 19:57:35,849 - Zovix - INFO - Database initialized successfully
2026-07-16 19:57:42,457 - Zovix - INFO - Redis connected for rate limiting
2026-07-16 19:57:42,459 - Zovix - INFO - Load balancer initialized with 4 workers
2026-07-16 19:57:44,509 - Zovix - INFO - Redis cache connected
2026-07-16 19:57:44,516 - Zovix - INFO - Database initialized successfully
2026-07-16 20:05:05,430 - Zovix - INFO - Redis connected for rate limiting
2026-07-16 20:05:05,430 - Zovix - INFO - Load balancer initialized with 4 workers
2026-07-16 20:05:07,468 - Zovix - INFO - Redis cache connected
2026-07-16 20:05:07,474 - Zovix - INFO - Database initialized successfully
2026-07-16 20:05:11,931 - Zovix - INFO - Redis connected for rate limiting
2026-07-16 20:05:11,931 - Zovix - INFO - Load balancer initialized with 4 workers
2026-07-16 20:05:13,970 - Zovix - INFO - Redis cache connected
2026-07-16 20:05:13,975 - Zovix - INFO - Database initialized successfully
2026-07-16 20:05:49,073 - Zovix - INFO - Redis connected for rate limiting
2026-07-16 20:05:49,073 - Zovix - INFO - Load balancer initialized with 4 workers
2026-07-16 20:05:51,113 - Zovix - INFO - Redis cache connected
2026-07-16 20:05:51,128 - Zovix - INFO - Database initialized successfully
2026-07-16 20:05:55,480 - Zovix - INFO - Redis connected for rate limiting
2026-07-16 20:05:55,529 - Zovix - INFO - Load balancer initialized with 4 workers
2026-07-16 20:05:57,633 - Zovix - INFO - Redis cache connected
2026-07-16 20:05:57,641 - Zovix - INFO - Database initialized successfully
2026-07-16 20:06:11,569 - Zovix - INFO - Redis connected for rate limiting
2026-07-16 20:06:11,570 - Zovix - INFO - Load balancer initialized with 4 workers
2026-07-16 20:06:13,592 - Zovix - INFO - Redis cache connected
2026-07-16 20:06:13,598 - Zovix - INFO - Database initialized successfully
2026-07-16 20:06:43,794 - Zovix - INFO - Redis connected for rate limiting
2026-07-16 20:06:43,795 - Zovix - INFO - Load balancer initialized with 4 workers
2026-07-16 20:06:45,822 - Zovix - INFO - Redis cache connected
2026-07-16 20:06:45,828 - Zovix - INFO - Database initialized successfully
2026-07-16 20:06:50,134 - Zovix - INFO - Redis connected for rate limiting
2026-07-16 20:06:50,136 - Zovix - INFO - Load balancer initialized with 4 workers
2026-07-16 20:06:52,161 - Zovix - INFO - Redis cache connected
2026-07-16 20:06:52,170 - Zovix - INFO - Database initialized successfully
2026-07-16 20:07:29,457 - Zovix - INFO - Redis connected for rate limiting
2026-07-16 20:07:29,459 - Zovix - INFO - Load balancer initialized with 4 workers
2026-07-16 20:07:31,485 - Zovix - INFO - Redis cache connected
2026-07-16 20:07:31,491 - Zovix - INFO - Database initialized successfully
2026-07-16 20:07:35,768 - Zovix - INFO - Redis connected for rate limiting
2026-07-16 20:07:35,769 - Zovix - INFO - Load balancer initialized with 4 workers
2026-07-16 20:07:37,805 - Zovix - INFO - Redis cache connected
2026-07-16 20:07:37,809 - Zovix - INFO - Database initialized successfully
2026-07-16 20:12:56,227 - Zovix - INFO - Redis connected for rate limiting
2026-07-16 20:12:56,228 - Zovix - INFO - Load balancer initialized with 4 workers
2026-07-16 20:12:58,257 - Zovix - INFO - Redis cache connected
2026-07-16 20:12:58,287 - Zovix - INFO - Database initialized successfully
2026-07-16 20:13:05,829 - Zovix - INFO - Redis connected for rate limiting
2026-07-16 20:13:05,833 - Zovix - INFO - Load balancer initialized with 4 workers
2026-07-16 20:13:07,855 - Zovix - INFO - Redis cache connected
2026-07-16 20:13:07,864 - Zovix - INFO - Database initialized successfully
2026-07-16 20:13:14,943 - Zovix - INFO - Redis connected for rate limiting
2026-07-16 20:13:14,944 - Zovix - INFO - Load balancer initialized with 4 workers
2026-07-16 20:13:16,965 - Zovix - INFO - Redis cache connected
2026-07-16 20:13:16,972 - Zovix - INFO - Database initialized successfully
2026-07-16 20:13:47,207 - Zovix - INFO - Redis connected for rate limiting
2026-07-16 20:13:47,210 - Zovix - INFO - Load balancer initialized with 4 workers
2026-07-16 20:13:49,236 - Zovix - INFO - Redis cache connected
2026-07-16 20:13:49,246 - Zovix - INFO - Database initialized successfully
2026-07-16 20:13:53,598 - Zovix - INFO - Redis connected for rate limiting
2026-07-16 20:13:53,599 - Zovix - INFO - Load balancer initialized with 4 workers
2026-07-16 20:13:55,630 - Zovix - INFO - Redis cache connected
2026-07-16 20:13:55,640 - Zovix - INFO - Database initialized successfully
2026-07-16 20:14:04,806 - Zovix - INFO - Redis connected for rate limiting
2026-07-16 20:14:04,807 - Zovix - INFO - Load balancer initialized with 4 workers
2026-07-16 20:14:06,838 - Zovix - INFO - Redis cache connected
2026-07-16 20:14:06,852 - Zovix - INFO - Database initialized successfully
2026-07-16 20:14:11,150 - Zovix - INFO - Redis connected for rate limiting
2026-07-16 20:14:11,151 - Zovix - INFO - Load balancer initialized with 4 workers
2026-07-16 20:14:13,176 - Zovix - INFO - Redis cache connected
2026-07-16 20:14:13,190 - Zovix - INFO - Database initialized successfully
2026-07-16 20:16:47,382 - Zovix - INFO - Redis connected for rate limiting
2026-07-16 20:16:47,383 - Zovix - INFO - Load balancer initialized with 4 workers
2026-07-16 20:16:49,411 - Zovix - INFO - Redis cache connected
2026-07-16 20:16:49,422 - Zovix - INFO - Database initialized successfully
2026-07-16 20:16:53,793 - Zovix - INFO - Redis connected for rate limiting
2026-07-16 20:16:53,794 - Zovix - INFO - Load balancer initialized with 4 workers
2026-07-16 20:16:55,852 - Zovix - INFO - Redis cache connected
2026-07-16 20:16:55,862 - Zovix - INFO - Database initialized successfully
2026-07-16 20:17:02,455 - Zovix - INFO - Redis connected for rate limiting
2026-07-16 20:17:02,457 - Zovix - INFO - Load balancer initialized with 4 workers
2026-07-16 20:17:04,493 - Zovix - INFO - Redis cache connected
2026-07-16 20:17:04,499 - Zovix - INFO - Database initialized successfully
2026-07-16 20:17:11,441 - Zovix - INFO - Redis connected for rate limiting
2026-07-16 20:17:11,443 - Zovix - INFO - Load balancer initialized with 4 workers
2026-07-16 20:17:13,467 - Zovix - INFO - Redis cache connected
2026-07-16 20:17:13,470 - Zovix - INFO - Database initialized successfully
2026-07-16 20:17:17,778 - Zovix - INFO - Redis connected for rate limiting
2026-07-16 20:17:17,779 - Zovix - INFO - Load balancer initialized with 4 workers
2026-07-16 20:17:19,812 - Zovix - INFO - Redis cache connected
2026-07-16 20:17:19,818 - Zovix - INFO - Database initialized successfully
2026-07-16 20:18:54,379 - Zovix - INFO - Redis connected for rate limiting
2026-07-16 20:18:54,379 - Zovix - INFO - Load balancer initialized with 4 workers
2026-07-16 20:18:56,409 - Zovix - INFO - Redis cache connected
2026-07-16 20:18:56,421 - Zovix - INFO - Database initialized successfully
2026-07-16 20:19:01,249 - Zovix - INFO - Redis connected for rate limiting
2026-07-16 20:19:01,251 - Zovix - INFO - Load balancer initialized with 4 workers
2026-07-16 20:19:03,304 - Zovix - INFO - Redis cache connected
2026-07-16 20:19:03,311 - Zovix - INFO - Database initialized successfully
2026-07-16 20:19:10,589 - Zovix - INFO - Redis connected for rate limiting
2026-07-16 20:19:10,590 - Zovix - INFO - Load balancer initialized with 4 workers
2026-07-16 20:19:12,618 - Zovix - INFO - Redis cache connected
2026-07-16 20:19:12,625 - Zovix - INFO - Database initialized successfully
2026-07-16 20:19:20,314 - Zovix - INFO - Redis connected for rate limiting
2026-07-16 20:19:20,315 - Zovix - INFO - Load balancer initialized with 4 workers
2026-07-16 20:19:22,352 - Zovix - INFO - Redis cache connected
2026-07-16 20:19:22,358 - Zovix - INFO - Database initialized successfully
2026-07-16 20:19:26,715 - Zovix - INFO - Redis connected for rate limiting
2026-07-16 20:19:26,716 - Zovix - INFO - Load balancer initialized with 4 workers
2026-07-16 20:19:28,747 - Zovix - INFO - Redis cache connected
2026-07-16 20:19:28,752 - Zovix - INFO - Database initialized successfully
2026-07-16 20:21:31,956 - Zovix - INFO - Redis connected for rate limiting
2026-07-16 20:21:31,956 - Zovix - INFO - Load balancer initialized with 4 workers
2026-07-16 20:21:33,988 - Zovix - INFO - Redis cache connected
2026-07-16 20:21:34,000 - Zovix - INFO - Database initialized successfully
2026-07-16 20:21:38,969 - Zovix - INFO - Redis connected for rate limiting
2026-07-16 20:21:38,971 - Zovix - INFO - Load balancer initialized with 4 workers
2026-07-16 20:21:41,025 - Zovix - INFO - Redis cache connected
2026-07-16 20:21:41,033 - Zovix - INFO - Database initialized successfully
2026-07-16 20:21:47,622 - Zovix - INFO - Redis connected for rate limiting
2026-07-16 20:21:47,624 - Zovix - INFO - Load balancer initialized with 4 workers
2026-07-16 20:21:49,653 - Zovix - INFO - Redis cache connected
2026-07-16 20:21:49,663 - Zovix - INFO - Database initialized successfully
2026-07-16 20:21:57,393 - Zovix - INFO - Redis connected for rate limiting
2026-07-16 20:21:57,394 - Zovix - INFO - Load balancer initialized with 4 workers
2026-07-16 20:21:59,430 - Zovix - INFO - Redis cache connected
2026-07-16 20:21:59,436 - Zovix - INFO - Database initialized successfully
2026-07-16 20:22:03,758 - Zovix - INFO - Redis connected for rate limiting
2026-07-16 20:22:03,759 - Zovix - INFO - Load balancer initialized with 4 workers
2026-07-16 20:22:05,783 - Zovix - INFO - Redis cache connected
2026-07-16 20:22:05,787 - Zovix - INFO - Database initialized successfully
2026-07-16 20:24:35,984 - Zovix - INFO - Redis connected for rate limiting
2026-07-16 20:24:35,985 - Zovix - INFO - Load balancer initialized with 4 workers
2026-07-16 20:24:38,014 - Zovix - INFO - Redis cache connected
2026-07-16 20:24:38,027 - Zovix - INFO - Database initialized successfully
2026-07-16 20:24:45,840 - Zovix - INFO - Redis connected for rate limiting
2026-07-16 20:24:45,843 - Zovix - INFO - Load balancer initialized with 4 workers
2026-07-16 20:24:47,903 - Zovix - INFO - Redis cache connected
2026-07-16 20:24:47,911 - Zovix - INFO - Database initialized successfully
2026-07-16 20:27:11,075 - Zovix - INFO - Redis connected for rate limiting
2026-07-16 20:27:11,076 - Zovix - INFO - Load balancer initialized with 4 workers
2026-07-16 20:27:13,111 - Zovix - INFO - Redis cache connected
2026-07-16 20:27:13,118 - Zovix - INFO - Database initialized successfully
2026-07-16 20:27:20,277 - Zovix - INFO - Redis connected for rate limiting
2026-07-16 20:27:20,277 - Zovix - INFO - Load balancer initialized with 4 workers
2026-07-16 20:27:22,322 - Zovix - INFO - Redis cache connected
2026-07-16 20:27:22,329 - Zovix - INFO - Database initialized successfully
2026-07-16 20:27:26,706 - Zovix - INFO - Redis connected for rate limiting
2026-07-16 20:27:26,707 - Zovix - INFO - Load balancer initialized with 4 workers
2026-07-16 20:27:28,745 - Zovix - INFO - Redis cache connected
2026-07-16 20:27:28,750 - Zovix - INFO - Database initialized successfully
2026-07-16 20:27:52,447 - Zovix - INFO - Redis connected for rate limiting
2026-07-16 20:27:52,448 - Zovix - INFO - Load balancer initialized with 4 workers
2026-07-16 20:27:54,471 - Zovix - INFO - Redis cache connected
2026-07-16 20:27:54,477 - Zovix - INFO - Database initialized successfully
2026-07-16 20:27:58,813 - Zovix - INFO - Redis connected for rate limiting
2026-07-16 20:27:58,814 - Zovix - INFO - Load balancer initialized with 4 workers
2026-07-16 20:28:00,837 - Zovix - INFO - Redis cache connected
2026-07-16 20:28:00,842 - Zovix - INFO - Database initialized successfully
2026-07-16 20:32:40,370 - Zovix - INFO - Redis connected for rate limiting
2026-07-16 20:32:40,371 - Zovix - INFO - Load balancer initialized with 4 workers
2026-07-16 20:32:42,407 - Zovix - INFO - Redis cache connected
2026-07-16 20:32:42,421 - Zovix - INFO - Database initialized successfully
2026-07-16 20:32:47,224 - Zovix - INFO - Redis connected for rate limiting
2026-07-16 20:32:47,226 - Zovix - INFO - Load balancer initialized with 4 workers
2026-07-16 20:32:49,265 - Zovix - INFO - Redis cache connected
2026-07-16 20:32:49,272 - Zovix - INFO - Database initialized successfully
2026-07-16 20:32:56,619 - Zovix - INFO - Redis connected for rate limiting
2026-07-16 20:32:56,620 - Zovix - INFO - Load balancer initialized with 4 workers
2026-07-16 20:32:58,641 - Zovix - INFO - Redis cache connected
2026-07-16 20:32:58,647 - Zovix - INFO - Database initialized successfully
2026-07-16 20:33:13,193 - Zovix - INFO - Redis connected for rate limiting
2026-07-16 20:33:13,194 - Zovix - INFO - Load balancer initialized with 4 workers
2026-07-16 20:33:15,224 - Zovix - INFO - Redis cache connected
2026-07-16 20:33:15,230 - Zovix - INFO - Database initialized successfully
2026-07-16 20:33:19,606 - Zovix - INFO - Redis connected for rate limiting
2026-07-16 20:33:19,607 - Zovix - INFO - Load balancer initialized with 4 workers
2026-07-16 20:33:21,629 - Zovix - INFO - Redis cache connected
2026-07-16 20:33:21,639 - Zovix - INFO - Database initialized successfully
2026-07-16 20:33:28,533 - Zovix - INFO - Redis connected for rate limiting
2026-07-16 20:33:28,535 - Zovix - INFO - Load balancer initialized with 4 workers
2026-07-16 20:33:30,579 - Zovix - INFO - Redis cache connected
2026-07-16 20:33:30,584 - Zovix - INFO - Database initialized successfully
2026-07-16 20:33:34,983 - Zovix - INFO - Redis connected for rate limiting
2026-07-16 20:33:34,984 - Zovix - INFO - Load balancer initialized with 4 workers
2026-07-16 20:33:37,023 - Zovix - INFO - Redis cache connected
2026-07-16 20:33:37,028 - Zovix - INFO - Database initialized successfully
2026-07-16 20:34:02,569 - Zovix - INFO - Redis connected for rate limiting
2026-07-16 20:34:02,570 - Zovix - INFO - Load balancer initialized with 4 workers
2026-07-16 20:34:04,599 - Zovix - INFO - Redis cache connected
2026-07-16 20:34:04,603 - Zovix - INFO - Database initialized successfully
2026-07-16 20:34:08,951 - Zovix - INFO - Redis connected for rate limiting
2026-07-16 20:34:08,951 - Zovix - INFO - Load balancer initialized with 4 workers
2026-07-16 20:34:10,985 - Zovix - INFO - Redis cache connected
2026-07-16 20:34:10,989 - Zovix - INFO - Database initialized successfully
2026-07-16 20:35:06,033 - Zovix - INFO - Redis connected for rate limiting
2026-07-16 20:35:06,035 - Zovix - INFO - Load balancer initialized with 4 workers
2026-07-16 20:35:08,065 - Zovix - INFO - Redis cache connected
2026-07-16 20:35:08,070 - Zovix - INFO - Database initialized successfully
2026-07-16 20:35:12,435 - Zovix - INFO - Redis connected for rate limiting
2026-07-16 20:35:12,436 - Zovix - INFO - Load balancer initialized with 4 workers
2026-07-16 20:35:14,469 - Zovix - INFO - Redis cache connected
2026-07-16 20:35:14,475 - Zovix - INFO - Database initialized successfully
2026-07-16 20:35:23,303 - Zovix - INFO - Redis connected for rate limiting
2026-07-16 20:35:23,304 - Zovix - INFO - Load balancer initialized with 4 workers
2026-07-16 20:35:25,340 - Zovix - INFO - Redis cache connected
2026-07-16 20:35:25,345 - Zovix - INFO - Database initialized successfully
2026-07-16 20:35:29,701 - Zovix - INFO - Redis connected for rate limiting
2026-07-16 20:35:29,702 - Zovix - INFO - Load balancer initialized with 4 workers
2026-07-16 20:35:31,730 - Zovix - INFO - Redis cache connected
2026-07-16 20:35:31,735 - Zovix - INFO - Database initialized successfully
2026-07-16 20:35:56,355 - Zovix - INFO - Redis connected for rate limiting
2026-07-16 20:35:56,356 - Zovix - INFO - Load balancer initialized with 4 workers
2026-07-16 20:35:58,393 - Zovix - INFO - Redis cache connected
2026-07-16 20:35:58,398 - Zovix - INFO - Database initialized successfully
2026-07-16 20:36:02,748 - Zovix - INFO - Redis connected for rate limiting
2026-07-16 20:36:02,748 - Zovix - INFO - Load balancer initialized with 4 workers
2026-07-16 20:36:04,778 - Zovix - INFO - Redis cache connected
2026-07-16 20:36:04,783 - Zovix - INFO - Database initialized successfully
2026-07-16 20:36:17,214 - Zovix - INFO - Redis connected for rate limiting
2026-07-16 20:36:17,215 - Zovix - INFO - Load balancer initialized with 4 workers
2026-07-16 20:36:19,245 - Zovix - INFO - Redis cache connected
2026-07-16 20:36:19,251 - Zovix - INFO - Database initialized successfully
2026-07-16 20:36:23,671 - Zovix - INFO - Redis connected for rate limiting
2026-07-16 20:36:23,672 - Zovix - INFO - Load balancer initialized with 4 workers
2026-07-16 20:36:25,705 - Zovix - INFO - Redis cache connected
2026-07-16 20:36:25,709 - Zovix - INFO - Database initialized successfully
2026-07-16 20:41:08,322 - Zovix - INFO - Redis connected for rate limiting
2026-07-16 20:41:08,324 - Zovix - INFO - Load balancer initialized with 4 workers
2026-07-16 20:41:10,352 - Zovix - INFO - Redis cache connected
2026-07-16 20:41:10,358 - Zovix - INFO - Database initialized successfully
2026-07-16 20:41:14,762 - Zovix - INFO - Redis connected for rate limiting
2026-07-16 20:41:14,763 - Zovix - INFO - Load balancer initialized with 4 workers
2026-07-16 20:41:16,797 - Zovix - INFO - Redis cache connected
2026-07-16 20:41:16,802 - Zovix - INFO - Database initialized successfully
2026-07-16 20:41:34,488 - Zovix - INFO - Redis connected for rate limiting
2026-07-16 20:41:34,488 - Zovix - INFO - Load balancer initialized with 4 workers
2026-07-16 20:41:36,522 - Zovix - INFO - Redis cache connected
2026-07-16 20:41:36,527 - Zovix - INFO - Database initialized successfully
2026-07-16 20:41:40,871 - Zovix - INFO - Redis connected for rate limiting
2026-07-16 20:41:40,873 - Zovix - INFO - Load balancer initialized with 4 workers
2026-07-16 20:41:42,902 - Zovix - INFO - Redis cache connected
2026-07-16 20:41:42,906 - Zovix - INFO - Database initialized successfully
2026-07-16 20:45:07,275 - Zovix - INFO - Redis connected for rate limiting
2026-07-16 20:45:07,276 - Zovix - INFO - Load balancer initialized with 4 workers
2026-07-16 20:45:09,305 - Zovix - INFO - Redis cache connected
2026-07-16 20:45:09,317 - Zovix - INFO - Database initialized successfully
2026-07-16 20:45:14,401 - Zovix - INFO - Redis connected for rate limiting
2026-07-16 20:45:14,403 - Zovix - INFO - Load balancer initialized with 4 workers
2026-07-16 20:45:16,447 - Zovix - INFO - Redis cache connected
2026-07-16 20:45:16,456 - Zovix - INFO - Database initialized successfully
2026-07-16 20:45:23,336 - Zovix - INFO - Redis connected for rate limiting
2026-07-16 20:45:23,337 - Zovix - INFO - Load balancer initialized with 4 workers
2026-07-16 20:45:25,376 - Zovix - INFO - Redis cache connected
2026-07-16 20:45:25,382 - Zovix - INFO - Database initialized successfully
2026-07-16 20:45:31,524 - Zovix - INFO - Redis connected for rate limiting
2026-07-16 20:45:31,525 - Zovix - INFO - Load balancer initialized with 4 workers
2026-07-16 20:45:33,549 - Zovix - INFO - Redis cache connected
2026-07-16 20:45:33,554 - Zovix - INFO - Database initialized successfully
2026-07-16 20:45:37,908 - Zovix - INFO - Redis connected for rate limiting
2026-07-16 20:45:37,909 - Zovix - INFO - Load balancer initialized with 4 workers
2026-07-16 20:45:39,933 - Zovix - INFO - Redis cache connected
2026-07-16 20:45:39,938 - Zovix - INFO - Database initialized successfully
2026-07-16 20:49:45,174 - Zovix - INFO - Redis connected for rate limiting
2026-07-16 20:49:45,175 - Zovix - INFO - Load balancer initialized with 4 workers
2026-07-16 20:49:47,205 - Zovix - INFO - Redis cache connected
2026-07-16 20:49:47,217 - Zovix - INFO - Database initialized successfully
2026-07-16 20:49:52,092 - Zovix - INFO - Redis connected for rate limiting
2026-07-16 20:49:52,094 - Zovix - INFO - Load balancer initialized with 4 workers
2026-07-16 20:49:54,137 - Zovix - INFO - Redis cache connected
2026-07-16 20:49:54,144 - Zovix - INFO - Database initialized successfully
2026-07-16 20:50:00,640 - Zovix - INFO - Redis connected for rate limiting
2026-07-16 20:50:00,642 - Zovix - INFO - Load balancer initialized with 4 workers
2026-07-16 20:50:02,673 - Zovix - INFO - Redis cache connected
2026-07-16 20:50:02,681 - Zovix - INFO - Database initialized successfully
2026-07-16 20:50:08,404 - Zovix - INFO - Redis connected for rate limiting
2026-07-16 20:50:08,405 - Zovix - INFO - Load balancer initialized with 4 workers
2026-07-16 20:50:10,435 - Zovix - INFO - Redis cache connected
2026-07-16 20:50:10,442 - Zovix - INFO - Database initialized successfully
2026-07-16 20:50:14,805 - Zovix - INFO - Redis connected for rate limiting
2026-07-16 20:50:14,806 - Zovix - INFO - Load balancer initialized with 4 workers
2026-07-16 20:50:16,839 - Zovix - INFO - Redis cache connected
2026-07-16 20:50:16,845 - Zovix - INFO - Database initialized successfully
2026-07-16 20:50:44,306 - Zovix - INFO - Redis connected for rate limiting
2026-07-16 20:50:44,306 - Zovix - INFO - Load balancer initialized with 4 workers
2026-07-16 20:50:46,342 - Zovix - INFO - Redis cache connected
2026-07-16 20:50:46,348 - Zovix - INFO - Database initialized successfully
2026-07-16 20:50:50,703 - Zovix - INFO - Redis connected for rate limiting
2026-07-16 20:50:50,704 - Zovix - INFO - Load balancer initialized with 4 workers
2026-07-16 20:50:52,736 - Zovix - INFO - Redis cache connected
2026-07-16 20:50:52,741 - Zovix - INFO - Database initialized successfully
2026-07-16 20:52:30,995 - Zovix - INFO - Redis connected for rate limiting
2026-07-16 20:52:30,995 - Zovix - INFO - Load balancer initialized with 4 workers
2026-07-16 20:52:33,025 - Zovix - INFO - Redis cache connected
2026-07-16 20:52:33,034 - Zovix - INFO - Database initialized successfully
2026-07-16 20:52:37,457 - Zovix - INFO - Redis connected for rate limiting
2026-07-16 20:52:37,459 - Zovix - INFO - Load balancer initialized with 4 workers
2026-07-16 20:52:39,490 - Zovix - INFO - Redis cache connected
2026-07-16 20:52:39,496 - Zovix - INFO - Database initialized successfully
2026-07-16 20:53:06,678 - Zovix - INFO - Redis connected for rate limiting
2026-07-16 20:53:06,679 - Zovix - INFO - Load balancer initialized with 4 workers
2026-07-16 20:53:08,708 - Zovix - INFO - Redis cache connected
2026-07-16 20:53:08,716 - Zovix - INFO - Database initialized successfully
2026-07-16 20:53:13,055 - Zovix - INFO - Redis connected for rate limiting
2026-07-16 20:53:13,056 - Zovix - INFO - Load balancer initialized with 4 workers
2026-07-16 20:53:15,083 - Zovix - INFO - Redis cache connected
2026-07-16 20:53:15,089 - Zovix - INFO - Database initialized successfully
2026-07-16 20:57:58,906 - Zovix - INFO - Redis connected for rate limiting
2026-07-16 20:57:58,908 - Zovix - INFO - Load balancer initialized with 4 workers
2026-07-16 20:58:00,947 - Zovix - INFO - Redis cache connected
2026-07-16 20:58:00,953 - Zovix - INFO - Database initialized successfully
2026-07-16 20:58:05,328 - Zovix - INFO - Redis connected for rate limiting
2026-07-16 20:58:05,329 - Zovix - INFO - Load balancer initialized with 4 workers
2026-07-16 20:58:07,349 - Zovix - INFO - Redis cache connected
2026-07-16 20:58:07,358 - Zovix - INFO - Database initialized successfully
2026-07-16 20:59:10,513 - Zovix - INFO - Redis connected for rate limiting
2026-07-16 20:59:10,517 - Zovix - INFO - Load balancer initialized with 4 workers
2026-07-16 20:59:12,542 - Zovix - INFO - Redis cache connected
2026-07-16 20:59:12,555 - Zovix - INFO - Database initialized successfully
2026-07-16 20:59:17,224 - Zovix - INFO - Redis connected for rate limiting
2026-07-16 20:59:17,228 - Zovix - INFO - Load balancer initialized with 4 workers
2026-07-16 20:59:19,268 - Zovix - INFO - Redis cache connected
2026-07-16 20:59:19,275 - Zovix - INFO - Database initialized successfully
2026-07-16 20:59:33,954 - Zovix - INFO - Redis connected for rate limiting
2026-07-16 20:59:33,956 - Zovix - INFO - Load balancer initialized with 4 workers
2026-07-16 20:59:35,987 - Zovix - INFO - Redis cache connected
2026-07-16 20:59:35,994 - Zovix - INFO - Database initialized successfully
2026-07-16 21:02:54,538 - Zovix - INFO - Redis connected for rate limiting
2026-07-16 21:02:54,540 - Zovix - INFO - Load balancer initialized with 4 workers
2026-07-16 21:02:56,570 - Zovix - INFO - Redis cache connected
2026-07-16 21:02:56,577 - Zovix - INFO - Database initialized successfully
2026-07-16 21:03:00,971 - Zovix - INFO - Redis connected for rate limiting
2026-07-16 21:03:00,973 - Zovix - INFO - Load balancer initialized with 4 workers
2026-07-16 21:03:02,992 - Zovix - INFO - Redis cache connected
2026-07-16 21:03:02,997 - Zovix - INFO - Database initialized successfully
2026-07-16 21:04:02,195 - Zovix - INFO - Redis connected for rate limiting
2026-07-16 21:04:02,196 - Zovix - INFO - Load balancer initialized with 4 workers
2026-07-16 21:04:04,244 - Zovix - INFO - Redis cache connected
2026-07-16 21:04:04,251 - Zovix - INFO - Database initialized successfully
2026-07-16 21:04:08,660 - Zovix - INFO - Redis connected for rate limiting
2026-07-16 21:04:08,662 - Zovix - INFO - Load balancer initialized with 4 workers
2026-07-16 21:04:10,685 - Zovix - INFO - Redis cache connected
2026-07-16 21:04:10,691 - Zovix - INFO - Database initialized successfully
2026-07-16 21:06:23,918 - Zovix - INFO - Redis connected for rate limiting
2026-07-16 21:06:23,919 - Zovix - INFO - Load balancer initialized with 4 workers
2026-07-16 21:06:25,949 - Zovix - INFO - Redis cache connected
2026-07-16 21:06:25,954 - Zovix - INFO - Database initialized successfully
2026-07-16 21:06:30,396 - Zovix - INFO - Redis connected for rate limiting
2026-07-16 21:06:30,396 - Zovix - INFO - Load balancer initialized with 4 workers
2026-07-16 21:06:32,427 - Zovix - INFO - Redis cache connected
2026-07-16 21:06:32,432 - Zovix - INFO - Database initialized successfully
2026-07-16 22:10:26,833 - Zovix - INFO - Redis connected for rate limiting
2026-07-16 22:10:26,834 - Zovix - INFO - Load balancer initialized with 4 workers
2026-07-16 22:10:28,865 - Zovix - INFO - Redis cache connected
2026-07-16 22:10:28,875 - Zovix - INFO - Database initialized successfully
2026-07-17 10:44:43,116 - Zovix - INFO - Redis connected for rate limiting
2026-07-17 10:44:43,150 - Zovix - INFO - Load balancer initialized with 4 workers
2026-07-17 10:44:45,201 - Zovix - INFO - Redis cache connected
2026-07-17 10:44:45,231 - Zovix - INFO - Database initialized successfully
2026-07-17 10:44:52,065 - Zovix - INFO - Redis connected for rate limiting
2026-07-17 10:44:52,068 - Zovix - INFO - Load balancer initialized with 4 workers
2026-07-17 10:44:54,113 - Zovix - INFO - Redis cache connected
2026-07-17 10:44:54,119 - Zovix - INFO - Database initialized successfully
2026-07-17 10:45:00,643 - Zovix - INFO - Redis connected for rate limiting
2026-07-17 10:45:00,644 - Zovix - INFO - Load balancer initialized with 4 workers
2026-07-17 10:45:02,685 - Zovix - INFO - Redis cache connected
2026-07-17 10:45:02,688 - Zovix - INFO - Database initialized successfully
2026-07-17 10:45:28,874 - Zovix - INFO - Redis connected for rate limiting
2026-07-17 10:45:28,874 - Zovix - INFO - Load balancer initialized with 4 workers
2026-07-17 10:45:30,931 - Zovix - INFO - Redis cache connected
2026-07-17 10:45:30,936 - Zovix - INFO - Database initialized successfully
2026-07-17 10:45:35,273 - Zovix - INFO - Redis connected for rate limiting
2026-07-17 10:45:35,274 - Zovix - INFO - Load balancer initialized with 4 workers
2026-07-17 10:45:37,328 - Zovix - INFO - Redis cache connected
2026-07-17 10:45:37,329 - Zovix - INFO - Database initialized successfully
2026-07-17 10:46:18,179 - Zovix - INFO - Redis connected for rate limiting
2026-07-17 10:46:18,180 - Zovix - INFO - Load balancer initialized with 4 workers
2026-07-17 10:46:20,219 - Zovix - INFO - Redis cache connected
2026-07-17 10:46:20,228 - Zovix - INFO - Database initialized successfully
2026-07-17 10:46:24,540 - Zovix - INFO - Redis connected for rate limiting
2026-07-17 10:46:24,545 - Zovix - INFO - Load balancer initialized with 4 workers
2026-07-17 10:46:26,578 - Zovix - INFO - Redis cache connected
2026-07-17 10:46:26,583 - Zovix - INFO - Database initialized successfully
2026-07-17 10:51:47,785 - Zovix - INFO - Redis connected for rate limiting
2026-07-17 10:51:47,793 - Zovix - INFO - Load balancer initialized with 4 workers
2026-07-17 10:51:49,835 - Zovix - INFO - Redis cache connected
2026-07-17 10:51:49,854 - Zovix - INFO - Database initialized successfully
2026-07-17 10:51:54,199 - Zovix - INFO - Redis connected for rate limiting
2026-07-17 10:51:54,200 - Zovix - INFO - Load balancer initialized with 4 workers
2026-07-17 10:51:56,231 - Zovix - INFO - Redis cache connected
2026-07-17 10:51:56,240 - Zovix - INFO - Database initialized successfully
2026-07-17 10:57:52,438 - Zovix - INFO - Redis connected for rate limiting
2026-07-17 10:57:52,439 - Zovix - INFO - Load balancer initialized with 4 workers
2026-07-17 10:57:54,465 - Zovix - INFO - Redis cache connected
2026-07-17 10:57:54,480 - Zovix - INFO - Database initialized successfully
2026-07-17 10:57:59,880 - Zovix - INFO - Redis connected for rate limiting
2026-07-17 10:57:59,882 - Zovix - INFO - Load balancer initialized with 4 workers
2026-07-17 10:58:01,936 - Zovix - INFO - Redis cache connected
2026-07-17 10:58:01,946 - Zovix - INFO - Database initialized successfully
2026-07-17 10:58:25,364 - Zovix - INFO - Redis connected for rate limiting
2026-07-17 10:58:25,366 - Zovix - INFO - Load balancer initialized with 4 workers
2026-07-17 10:58:27,395 - Zovix - INFO - Redis cache connected
2026-07-17 10:58:27,404 - Zovix - INFO - Database initialized successfully
2026-07-17 10:58:34,924 - Zovix - INFO - Redis connected for rate limiting
2026-07-17 10:58:34,926 - Zovix - INFO - Load balancer initialized with 4 workers
2026-07-17 10:58:36,953 - Zovix - INFO - Redis cache connected
2026-07-17 10:58:36,959 - Zovix - INFO - Database initialized successfully
2026-07-17 10:58:41,290 - Zovix - INFO - Redis connected for rate limiting
2026-07-17 10:58:41,291 - Zovix - INFO - Load balancer initialized with 4 workers
2026-07-17 10:58:43,321 - Zovix - INFO - Redis cache connected
2026-07-17 10:58:43,325 - Zovix - INFO - Database initialized successfully
2026-07-17 10:59:07,025 - Zovix - INFO - Redis connected for rate limiting
2026-07-17 10:59:07,025 - Zovix - INFO - Load balancer initialized with 4 workers
2026-07-17 10:59:09,063 - Zovix - INFO - Redis cache connected
2026-07-17 10:59:09,069 - Zovix - INFO - Database initialized successfully
2026-07-17 10:59:13,325 - Zovix - INFO - Redis connected for rate limiting
2026-07-17 10:59:13,327 - Zovix - INFO - Load balancer initialized with 4 workers
2026-07-17 10:59:15,359 - Zovix - INFO - Redis cache connected
2026-07-17 10:59:15,366 - Zovix - INFO - Database initialized successfully
2026-07-17 11:14:10,907 - Zovix - INFO - Redis connected for rate limiting
2026-07-17 11:14:10,907 - Zovix - INFO - Load balancer initialized with 4 workers
2026-07-17 11:14:12,935 - Zovix - INFO - Redis cache connected
2026-07-17 11:14:12,949 - Zovix - INFO - Database initialized successfully
2026-07-17 11:14:19,054 - Zovix - INFO - Redis connected for rate limiting
2026-07-17 11:14:19,055 - Zovix - INFO - Load balancer initialized with 4 workers
2026-07-17 11:14:21,100 - Zovix - INFO - Redis cache connected
2026-07-17 11:14:21,106 - Zovix - INFO - Database initialized successfully
2026-07-17 11:14:29,090 - Zovix - INFO - Redis connected for rate limiting
2026-07-17 11:14:29,091 - Zovix - INFO - Load balancer initialized with 4 workers
2026-07-17 11:14:31,130 - Zovix - INFO - Redis cache connected
2026-07-17 11:14:31,150 - Zovix - INFO - Database initialized successfully
2026-07-17 11:14:55,205 - Zovix - INFO - Redis connected for rate limiting
2026-07-17 11:14:55,206 - Zovix - INFO - Load balancer initialized with 4 workers
2026-07-17 11:14:57,237 - Zovix - INFO - Redis cache connected
2026-07-17 11:14:57,242 - Zovix - INFO - Database initialized successfully
2026-07-17 11:15:01,565 - Zovix - INFO - Redis connected for rate limiting
2026-07-17 11:15:01,567 - Zovix - INFO - Load balancer initialized with 4 workers
2026-07-17 11:15:03,599 - Zovix - INFO - Redis cache connected
2026-07-17 11:15:03,605 - Zovix - INFO - Database initialized successfully
2026-07-17 11:15:18,945 - Zovix - INFO - Redis connected for rate limiting
2026-07-17 11:15:18,947 - Zovix - INFO - Load balancer initialized with 4 workers
2026-07-17 11:15:20,975 - Zovix - INFO - Redis cache connected
2026-07-17 11:15:20,981 - Zovix - INFO - Database initialized successfully
2026-07-17 11:15:25,300 - Zovix - INFO - Redis connected for rate limiting
2026-07-17 11:15:25,301 - Zovix - INFO - Load balancer initialized with 4 workers
2026-07-17 11:15:27,327 - Zovix - INFO - Redis cache connected
2026-07-17 11:15:27,331 - Zovix - INFO - Database initialized successfully
2026-07-17 11:15:54,668 - Zovix - INFO - Redis connected for rate limiting
2026-07-17 11:15:54,669 - Zovix - INFO - Load balancer initialized with 4 workers
2026-07-17 11:15:56,711 - Zovix - INFO - Redis cache connected
2026-07-17 11:15:56,719 - Zovix - INFO - Database initialized successfully
2026-07-17 11:16:01,060 - Zovix - INFO - Redis connected for rate limiting
2026-07-17 11:16:01,062 - Zovix - INFO - Load balancer initialized with 4 workers
2026-07-17 11:16:03,088 - Zovix - INFO - Redis cache connected
2026-07-17 11:16:03,094 - Zovix - INFO - Database initialized successfully
2026-07-17 11:19:08,415 - Zovix - INFO - Redis connected for rate limiting
2026-07-17 11:19:08,415 - Zovix - INFO - Load balancer initialized with 4 workers
2026-07-17 11:19:10,449 - Zovix - INFO - Redis cache connected
2026-07-17 11:19:10,454 - Zovix - INFO - Database initialized successfully
2026-07-17 11:19:14,805 - Zovix - INFO - Redis connected for rate limiting
2026-07-17 11:19:14,806 - Zovix - INFO - Load balancer initialized with 4 workers
2026-07-17 11:19:16,835 - Zovix - INFO - Redis cache connected
2026-07-17 11:19:16,840 - Zovix - INFO - Database initialized successfully
